"Transfer Received Date";"From Stock";"To Stock";"Product Code";"Product Name";"Transfer Quantity";"Serial Number";"IMEI Number";"Transfer Value"
"2026-06-08";"VER_Repair";"VER_MSPI-Owned";"661-21996";"Battery, iPhone 13 Pro";"1";"F8Y5286C0GP13RHCF";"";"46.00"
"2026-06-08";"VER_Repair";"VER_MSPI-Owned";"661-22309";"Display, iPhone 13 Pro Max";"1";"G9P5351M04HPQCLA3";"";"0.00"
"2026-06-08";"VER_Repair";"VER_MSPI-Owned";"661-21988";"Display, iPhone 13";"1";"G9P5254C79ZPR5QA6";"";"0.00"
"2026-02-13";"POD_Repair";"POD_MSPI-Owned";"661-21991";"Battery, iPhone 13";"1";"F8Y5447C5Q318FKB7";"";"46.00"
"2026-02-13";"POD_Repair";"POD_MSPI-Owned";"661-22374";"Battery, iPhone 13 mini";"1";"F8Y5372C4PS14LWCU";"";"46.00"
"2026-02-13";"POD_Repair";"POD_MSPI-Owned";"661-21996";"Battery, iPhone 13 Pro";"1";"F8Y5475CB1D13RHCT";"";"46.00"
"2026-02-12";"GL5_MSPI-Owned";"NES_MSPI-Owned";"661-05755";"Battery, iPhone 7 Plus";"1";"F8Y416202VFH86CBA";"";"69.00"
"2026-02-12";"GL5_MSPI-Owned";"NES_MSPI-Owned";"661-05755";"Battery, iPhone 7 Plus";"1";"F8Y3097B3S3H86CBM";"";"69.00"
"2026-02-12";"GL5_MSPI-Owned";"NES_MSPI-Owned";"661-05755";"Battery, iPhone 7 Plus";"1";"F8Y3097B3D2H86CBT";"";"69.00"
"2026-02-12";"GL5_MSPI-Owned";"NES_MSPI-Owned";"661-05755";"Battery, iPhone 7 Plus";"1";"F8Y3097B2KAH86CB2";"";"69.00"
"2026-02-12";"GL5_MSPI-Owned";"NES_MSPI-Owned";"661-05421";"BATTERY IPHONE 7";"1";"F5D308320AFH885BM";"";"69.00"
"2026-02-12";"GL5_MSPI-Owned";"NES_MSPI-Owned";"661-05421";"BATTERY IPHONE 7";"1";"F5D30276A7DH885BQ";"";"69.00"
"2026-02-12";"GL5_MSPI-Owned";"NES_MSPI-Owned";"661-05421";"BATTERY IPHONE 7";"1";"F5D30276669H885B1";"";"69.00"
"2026-02-12";"GL5_MSPI-Owned";"NES_MSPI-Owned";"661-05421";"BATTERY IPHONE 7";"1";"F5D219641WFH885BJ";"";"69.00"
"2026-02-01";"NPM-Repair";"NPM-MSPI-Owned";"661-21991";"Battery, iPhone 13";"1";"F8Y5506CQFC18FKBJ";"";"46.00"
"2026-02-01";"NPM-Repair";"NPM-MSPI-Owned";"661-21996";"Battery, iPhone 13 Pro";"1";"F8Y5497C4RK13RHCG";"";"46.00"
"2026-02-03";"ZAM-Repair";"ZAM-MSPI-Owned";"661-21988";"Display, iPhone 13";"1";"GVH52340B4SPR5PAD";"";"0.00"
"2026-02-03";"ZAM-Repair";"ZAM-MSPI-Owned";"661-22309";"Display, iPhone 13 Pro Max";"1";"G9P5352MARWPQCLAJ";"";"0.00"
"2026-02-03";"POD_Repair";"POD_MSPI-Owned";"661-21991";"Battery, iPhone 13";"1";"F8Y5506CJ2118FKB6";"";"46.00"
"2026-02-03";"NPM-Repair";"NPM-MSPI-Owned";"661-21996";"Battery, iPhone 13 Pro";"1";"F8Y5502C2YX13RHCG";"";"46.00"
"2026-02-04";"ILO-Repair";"ILO-MSPI-Owned";"661-21988";"Display, iPhone 13";"1";"GVH516413YNPR5PAY";"";"0.00"
"2026-02-08";"GL5_MSPI-Owned";"GL5_Repair";"661-22294";"Battery, iPhone 13 Pro Max";"1";"F8Y5515CAES13XCBH";"";"46.00"
"2026-02-09";"POD_Repair";"POD_MSPI-Owned";"661-22294";"Battery, iPhone 13 Pro Max";"1";"F8Y5451C38213XCBR";"";"46.00"
"2026-02-13";"DC_MSPI-Owned";"ANX-MSPI-Owned";"661-36918";"Battery, iPhone 15 Pro Max";"1";"FG9HNR007KW00006TT";"";"99.00"
"2026-02-13";"DC_MSPI-Owned";"ANX-MSPI-Owned";"661-35694";"Battery, iPhone 15 Pro";"1";"F8YHN4C0DH300006TP";"";"99.00"
"2026-02-13";"DC_MSPI-Owned";"ANX-MSPI-Owned";"661-30382";"Battery, iPhone 14 Pro";"1";"F8Y5473C128217WBG";"";"99.00"
"2026-02-13";"DC_MSPI-Owned";"ANX-MSPI-Owned";"661-22294";"Battery, iPhone 13 Pro Max";"1";"F8Y5496C2M713XCBZ";"";"89.00"
"2026-02-13";"DC_MSPI-Owned";"ANX-MSPI-Owned";"661-22294";"Battery, iPhone 13 Pro Max";"1";"F8Y5496C5CJ13XCBC";"";"89.00"
"2026-02-13";"DC_MSPI-Owned";"ANX-MSPI-Owned";"661-21991";"Battery, iPhone 13";"1";"F8Y5506CDCC18FKB4";"";"89.00"
"2026-02-13";"DC_MSPI-Owned";"TRI-MSPI-Owned";"661-30397";"Battery, iPhone 14 Pro Max";"1";"F8Y5486C4AD20J9B1";"";"99.00"
"2026-02-13";"DC_MSPI-Owned";"TRI-MSPI-Owned";"661-30394";"Battery, iPhone 14 Plus";"1";"F8Y5457C22L237KBE";"";"99.00"
"2026-02-13";"DC_MSPI-Owned";"TRI-MSPI-Owned";"661-30382";"Battery, iPhone 14 Pro";"1";"F8Y5463C53M217WBZ";"";"99.00"
"2026-02-13";"DC_MSPI-Owned";"TRI-MSPI-Owned";"661-30373";"Battery, iPhone 14";"1";"F8Y5512C0EH231LBG";"";"99.00"
"2026-02-13";"DC_MSPI-Owned";"TRI-MSPI-Owned";"661-22294";"Battery, iPhone 13 Pro Max";"1";"F8Y5501C0NE13XCBN";"";"89.00"
"2026-02-13";"DC_MSPI-Owned";"TRI-MSPI-Owned";"661-22294";"Battery, iPhone 13 Pro Max";"1";"F8Y5496C5CH13XCBD";"";"89.00"
"2026-02-13";"DC_MSPI-Owned";"TRI-MSPI-Owned";"661-21996";"Battery, iPhone 13 Pro";"1";"F8Y5502C2RP13RHCB";"";"89.00"
"2026-02-13";"DC_MSPI-Owned";"TRI-MSPI-Owned";"661-21991";"Battery, iPhone 13";"1";"F8Y5506CDCH18FKBZ";"";"89.00"
"2026-02-13";"DC_MSPI-Owned";"TRI-MSPI-Owned";"661-21991";"Battery, iPhone 13";"1";"F8Y5506CKB718FKB6";"";"89.00"
"2026-02-13";"DC_MSPI-Owned";"POD_MSPI-Owned";"661-36918";"Battery, iPhone 15 Pro Max";"1";"FG9HNR005HC00006TT";"";"99.00"
"2026-02-13";"DC_MSPI-Owned";"POD_MSPI-Owned";"661-36918";"Battery, iPhone 15 Pro Max";"1";"FG9HNR006KQ00006TT";"";"99.00"
"2026-02-13";"DC_MSPI-Owned";"POD_MSPI-Owned";"661-37207";"Battery, iPhone 15 Plus";"1";"F8YHNVC03KD00006U0";"";"99.00"
"2026-02-13";"DC_MSPI-Owned";"POD_MSPI-Owned";"661-37207";"Battery, iPhone 15 Plus";"1";"F8YHNVC00NV00006U0";"";"99.00"
"2026-02-13";"DC_MSPI-Owned";"POD_MSPI-Owned";"661-35885";"Battery, iPhone 15";"1";"F8YHN8C02V600006TW";"";"99.00"
"2026-02-13";"DC_MSPI-Owned";"POD_MSPI-Owned";"661-35885";"Battery, iPhone 15";"1";"F8YHN8C02XV00006TW";"";"99.00"
"2026-02-13";"DC_MSPI-Owned";"POD_MSPI-Owned";"661-35694";"Battery, iPhone 15 Pro";"1";"F8YHN4C11FE00006TP";"";"99.00"
"2026-02-13";"DC_MSPI-Owned";"POD_MSPI-Owned";"661-35694";"Battery, iPhone 15 Pro";"1";"F8YHN3C068300006TP";"";"None"
"2026-02-13";"DC_MSPI-Owned";"POD_MSPI-Owned";"661-30397";"Battery, iPhone 14 Pro Max";"1";"F8Y5486C4DE20J9BR";"";"99.00"
"2026-02-13";"DC_MSPI-Owned";"POD_MSPI-Owned";"661-30397";"Battery, iPhone 14 Pro Max";"1";"F8Y5486C5FM20J9BB";"";"99.00"
"2026-02-13";"DC_MSPI-Owned";"POD_MSPI-Owned";"661-30394";"Battery, iPhone 14 Plus";"1";"F8Y5457C7BQ237KBC";"";"99.00"
"2026-02-13";"DC_MSPI-Owned";"POD_MSPI-Owned";"661-30394";"Battery, iPhone 14 Plus";"1";"F8Y5457C5QC237KBM";"";"99.00"
"2026-02-13";"DC_MSPI-Owned";"POD_MSPI-Owned";"661-30382";"Battery, iPhone 14 Pro";"1";"F8Y5457C261217WBC";"";"99.00"
"2026-02-13";"DC_MSPI-Owned";"POD_MSPI-Owned";"661-30382";"Battery, iPhone 14 Pro";"1";"F8Y5457C27S217WBJ";"";"99.00"
"2026-02-13";"DC_MSPI-Owned";"POD_MSPI-Owned";"661-30373";"Battery, iPhone 14";"1";"F8Y5514C13P231LB6";"";"99.00"
"2026-02-13";"DC_MSPI-Owned";"POD_MSPI-Owned";"661-30373";"Battery, iPhone 14";"1";"F8Y5512C06X231LBS";"";"None"
"2026-02-14";"DC_MSPI-Owned";"MAG-MSPI-Owned";"661-36918";"Battery, iPhone 15 Pro Max";"1";"FG9HNR005H900006TT";"";"99.00"
"2026-02-14";"DC_MSPI-Owned";"MAG-MSPI-Owned";"661-35694";"Battery, iPhone 15 Pro";"1";"F8YHN4C0DDY00006TP";"";"99.00"
"2026-02-14";"DC_MSPI-Owned";"MAG-MSPI-Owned";"661-30397";"Battery, iPhone 14 Pro Max";"1";"F8Y5467C6M920J9B9";"";"99.00"
"2026-02-14";"DC_MSPI-Owned";"MAG-MSPI-Owned";"661-30382";"Battery, iPhone 14 Pro";"1";"F8Y5463C53K217WB1";"";"99.00"
"2026-02-14";"DC_MSPI-Owned";"MAG-MSPI-Owned";"661-22294";"Battery, iPhone 13 Pro Max";"1";"F8Y5496C5CG13XCBE";"";"89.00"
"2026-02-14";"DC_MSPI-Owned";"MAG-MSPI-Owned";"661-21996";"Battery, iPhone 13 Pro";"1";"F8Y5502C2U113RHCQ";"";"89.00"
"2026-02-14";"DC_MSPI-Owned";"MAG-MSPI-Owned";"661-21991";"Battery, iPhone 13";"1";"F8Y5506CDCE18FKB2";"";"89.00"
"2026-02-15";"DC_MSPI-Owned";"MRK-MSPI-Owned";"661-30397";"Battery, iPhone 14 Pro Max";"1";"F8Y5486C3YE20J9B3";"";"None"
"2026-02-15";"DC_MSPI-Owned";"MRK-MSPI-Owned";"661-30397";"Battery, iPhone 14 Pro Max";"1";"F8Y5497C0MW20J9BK";"";"99.00"
"2026-02-15";"DC_MSPI-Owned";"MRK-MSPI-Owned";"661-30394";"Battery, iPhone 14 Plus";"1";"F8Y5457C608237KBU";"";"99.00"
"2026-02-15";"DC_MSPI-Owned";"MRK-MSPI-Owned";"661-30382";"Battery, iPhone 14 Pro";"1";"F8Y5457C27W217WBE";"";"99.00"
"2026-02-15";"DC_MSPI-Owned";"MRK-MSPI-Owned";"661-30373";"Battery, iPhone 14";"1";"F8Y5512C4N1231LB4";"";"99.00"
"2026-02-15";"DC_MSPI-Owned";"MRK-MSPI-Owned";"661-30373";"Battery, iPhone 14";"1";"F8Y5512C06P231LB0";"";"99.00"
"2026-02-14";"DC_MSPI-Owned";"GB3-MSPI-Owned";"661-30397";"Battery, iPhone 14 Pro Max";"1";"F8Y5486C3Z220J9BC";"";"99.00"
"2026-02-14";"DC_MSPI-Owned";"GB3-MSPI-Owned";"661-30394";"Battery, iPhone 14 Plus";"1";"F8Y5457C0B8237KB1";"";"None"
"2026-02-14";"DC_MSPI-Owned";"GB3-MSPI-Owned";"661-30394";"Battery, iPhone 14 Plus";"1";"F8Y5457C6L6237KB4";"";"None"
"2026-02-14";"DC_MSPI-Owned";"GB3-MSPI-Owned";"661-30382";"Battery, iPhone 14 Pro";"1";"F8Y5457C262217WBB";"";"None"
"2026-02-14";"DC_MSPI-Owned";"GB3-MSPI-Owned";"661-30382";"Battery, iPhone 14 Pro";"1";"F8Y5462C0CD217WBL";"";"99.00"
"2026-02-14";"DC_MSPI-Owned";"GB3-MSPI-Owned";"661-30373";"Battery, iPhone 14";"1";"F8Y5513CBGN231LBT";"";"None"
"2026-02-14";"DC_MSPI-Owned";"GB3-MSPI-Owned";"661-30373";"Battery, iPhone 14";"1";"F8Y5512C4MW231LBC";"";"None"
"2026-02-14";"DC_MSPI-Owned";"GB3-MSPI-Owned";"661-22294";"Battery, iPhone 13 Pro Max";"1";"F8Y5496C5CK13XCBB";"";"89.00"
"2026-02-14";"DC_MSPI-Owned";"GB3-MSPI-Owned";"661-21996";"Battery, iPhone 13 Pro";"1";"F8Y5502C3CY13RHC6";"";"89.00"
"2026-02-14";"DC_MSPI-Owned";"GB3-MSPI-Owned";"661-21996";"Battery, iPhone 13 Pro";"1";"F8Y5503C1X313RHCD";"";"89.00"
"2026-02-14";"DC_MSPI-Owned";"GB3-MSPI-Owned";"661-21991";"Battery, iPhone 13";"1";"F8Y5506CNH318FKBP";"";"89.00"
"2026-02-14";"DC_MSPI-Owned";"GB3-MSPI-Owned";"661-21991";"Battery, iPhone 13";"1";"F8Y5506CNHH18FKB9";"";"89.00"
"2026-02-14";"DC_MSPI-Owned";"SMS_MSPI-Owned";"661-22294";"Battery, iPhone 13 Pro Max";"1";"F8Y5496C3M513XCB0";"";"89.00"
"2026-02-14";"DC_MSPI-Owned";"SMS_MSPI-Owned";"661-21996";"Battery, iPhone 13 Pro";"1";"F8Y5502C2Z213RHC8";"";"89.00"
"2026-02-14";"DC_MSPI-Owned";"SMS_MSPI-Owned";"661-21991";"Battery, iPhone 13";"1";"F8Y5506CDC218FKBE";"";"89.00"
"2026-02-14";"DC_MSPI-Owned";"MOA-MSPI-Owned";"661-22294";"Battery, iPhone 13 Pro Max";"1";"F8Y5501C0NH13XCBK";"";"89.00"
"2026-02-14";"DC_MSPI-Owned";"MOA-MSPI-Owned";"661-21996";"Battery, iPhone 13 Pro";"1";"F8Y5503C1YZ13RHCE";"";"89.00"
"2026-02-14";"DC_MSPI-Owned";"MOA-MSPI-Owned";"661-21991";"Battery, iPhone 13";"1";"F8Y5506CNHG18FKBA";"";"89.00"
"2026-02-14";"DC_MSPI-Owned";"MOA-MSPI-Owned";"661-21991";"Battery, iPhone 13";"1";"F8Y5506CDBX18FKBN";"";"89.00"
"2026-02-13";"DC_MSPI-Owned";"GL5_MSPI-Owned";"661-36918";"Battery, iPhone 15 Pro Max";"1";"FG9HNR0070200006TT";"";"75.00"
"2026-02-13";"DC_MSPI-Owned";"GL5_MSPI-Owned";"661-36918";"Battery, iPhone 15 Pro Max";"1";"FG9HNR0070100006TT";"";"None"
"2026-02-13";"DC_MSPI-Owned";"GL5_MSPI-Owned";"661-35694";"Battery, iPhone 15 Pro";"1";"F8YHN4C0VR700006TP";"";"99.00"
"2026-02-13";"DC_MSPI-Owned";"GL5_MSPI-Owned";"661-35694";"Battery, iPhone 15 Pro";"1";"F8YHN4C0CW900006TP";"";"99.00"
"2026-02-13";"DC_MSPI-Owned";"GL5_MSPI-Owned";"661-30397";"Battery, iPhone 14 Pro Max";"1";"F8Y5472C0TX20J9BB";"";"75.00"
"2026-02-13";"DC_MSPI-Owned";"GL5_MSPI-Owned";"661-30397";"Battery, iPhone 14 Pro Max";"1";"F8Y5486C46A20J9BG";"";"99.00"
"2026-02-13";"DC_MSPI-Owned";"GL5_MSPI-Owned";"661-30382";"Battery, iPhone 14 Pro";"1";"F8Y5462C18B217WBZ";"";"99.00"
"2026-02-13";"DC_MSPI-Owned";"GL5_MSPI-Owned";"661-30382";"Battery, iPhone 14 Pro";"1";"F8Y5462C18G217WBU";"";"99.00"
"2026-02-13";"DC_MSPI-Owned";"GL5_MSPI-Owned";"661-22294";"Battery, iPhone 13 Pro Max";"1";"F8Y5496C5GA13XCB8";"";"67.50"
"2026-02-13";"DC_MSPI-Owned";"GL5_MSPI-Owned";"661-22294";"Battery, iPhone 13 Pro Max";"1";"F8Y5501C27T13XCBJ";"";"89.00"
"2026-02-13";"DC_MSPI-Owned";"GL5_MSPI-Owned";"661-21996";"Battery, iPhone 13 Pro";"1";"F8Y5502C2Z613RHC4";"";"89.00"
"2026-02-13";"DC_MSPI-Owned";"GL5_MSPI-Owned";"661-21996";"Battery, iPhone 13 Pro";"1";"F8Y5502C3CX13RHC7";"";"89.00"
"2026-02-13";"DC_MSPI-Owned";"GL5_MSPI-Owned";"661-21991";"Battery, iPhone 13";"1";"F8Y5506CDCP18FKBT";"";"None"
"2026-02-14";"DC_MSPI-Owned";"FES-MSPI-Owned";"661-36918";"Battery, iPhone 15 Pro Max";"1";"FG9HNR005HV00006TT";"";"99.00"
"2026-02-14";"DC_MSPI-Owned";"FES-MSPI-Owned";"661-30397";"Battery, iPhone 14 Pro Max";"1";"F8Y5467C67F20J9BB";"";"99.00"
"2026-02-14";"DC_MSPI-Owned";"FES-MSPI-Owned";"661-30397";"Battery, iPhone 14 Pro Max";"1";"F8Y5486C01F20J9BW";"";"99.00"
"2026-02-14";"DC_MSPI-Owned";"FES-MSPI-Owned";"661-30394";"Battery, iPhone 14 Plus";"1";"F8Y5457C7AK237KBL";"";"None"
"2026-02-14";"DC_MSPI-Owned";"FES-MSPI-Owned";"661-30394";"Battery, iPhone 14 Plus";"1";"F8Y5457C0BK237KBQ";"";"99.00"
"2026-02-14";"DC_MSPI-Owned";"FES-MSPI-Owned";"661-30382";"Battery, iPhone 14 Pro";"1";"F8Y5473C16L217WBS";"";"None"
"2026-02-14";"DC_MSPI-Owned";"FES-MSPI-Owned";"661-30382";"Battery, iPhone 14 Pro";"1";"F8Y5457C25V217WBM";"";"99.00"
"2026-02-14";"DC_MSPI-Owned";"FES-MSPI-Owned";"661-30373";"Battery, iPhone 14";"1";"F8Y5513C4BM231LBG";"";"99.00"
"2026-02-14";"DC_MSPI-Owned";"FES-MSPI-Owned";"661-30373";"Battery, iPhone 14";"1";"F8Y5514C3QQ231LB8";"";"99.00"
"2026-02-14";"DC_MSPI-Owned";"FES-MSPI-Owned";"661-22294";"Battery, iPhone 13 Pro Max";"1";"F8Y5496C01Q13XCBA";"";"89.00"
"2026-02-14";"DC_MSPI-Owned";"FES-MSPI-Owned";"661-21996";"Battery, iPhone 13 Pro";"1";"F8Y5502C3CS13RHCC";"";"89.00"
"2026-02-14";"DC_MSPI-Owned";"FES-MSPI-Owned";"661-21996";"Battery, iPhone 13 Pro";"1";"F8Y5503C1K613RHCC";"";"89.00"
"2026-02-14";"DC_MSPI-Owned";"FES-MSPI-Owned";"661-21991";"Battery, iPhone 13";"1";"F8Y5507C1EJ18FKB3";"";"89.00"
"2026-02-13";"DC_MSPI-Owned";"POD_Repair";"661-30394";"Battery, iPhone 14 Plus";"1";"F8Y6031C04P237KBL";"";"99.00"
"2026-02-13";"DC_MSPI-Owned";"VER_MSPI-Owned";"661-30397";"Battery, iPhone 14 Pro Max";"1";"F8Y5467C6LY20J9BP";"";"99.00"
"2026-02-13";"DC_MSPI-Owned";"MEG-MSPI-Owned";"661-30397";"Battery, iPhone 14 Pro Max";"1";"F8Y5486C3Z320J9BB";"";"99.00"
"2026-02-13";"VER_MSPI-Owned";"DC_MSPI-Owned";"661-30397";"Battery, iPhone 14 Pro Max";"1";"F8Y5467C6LY20J9BP";"";"None"
"2026-02-14";"DC_MSPI-Owned";"MEG-MSPI-Owned";"661-30397";"Battery, iPhone 14 Pro Max";"1";"F8Y5471C3YR20J9B0";"";"None"
"2026-02-14";"DC_MSPI-Owned";"MEG-MSPI-Owned";"661-36918";"Battery, iPhone 15 Pro Max";"1";"FG9HNR005HJ00006TT";"";"99.00"
"2026-02-14";"DC_MSPI-Owned";"MEG-MSPI-Owned";"661-30394";"Battery, iPhone 14 Plus";"1";"F8Y5457C5NF237KBQ";"";"None"
"2026-02-14";"DC_MSPI-Owned";"MEG-MSPI-Owned";"661-30382";"Battery, iPhone 14 Pro";"1";"F8Y5463C74C217WB3";"";"99.00"
"2026-02-14";"DC_MSPI-Owned";"MEG-MSPI-Owned";"661-30382";"Battery, iPhone 14 Pro";"1";"F8Y5462C14P217WBZ";"";"99.00"
"2026-02-14";"DC_MSPI-Owned";"MEG-MSPI-Owned";"661-30373";"Battery, iPhone 14";"1";"F8Y5512C06G231LB7";"";"99.00"
"2026-02-14";"DC_MSPI-Owned";"MEG-MSPI-Owned";"661-22294";"Battery, iPhone 13 Pro Max";"1";"F8Y5496C5C613XCBQ";"";"89.00"
"2026-02-14";"DC_MSPI-Owned";"MEG-MSPI-Owned";"661-21996";"Battery, iPhone 13 Pro";"1";"F8Y5503C1KJ13RHC0";"";"89.00"
"2026-02-14";"DC_MSPI-Owned";"MEG-MSPI-Owned";"661-21996";"Battery, iPhone 13 Pro";"1";"F8Y5502C2SN13RHC9";"";"None"
"2026-02-14";"DC_MSPI-Owned";"MEG-MSPI-Owned";"661-21991";"Battery, iPhone 13";"1";"F8Y5506CE4V18FKBA";"";"89.00"
"2026-02-14";"DC_MSPI-Owned";"VER_MSPI-Owned";"661-30382";"Battery, iPhone 14 Pro";"1";"F8Y5473C12K217WB5";"";"99.00"
"2026-02-14";"DC_MSPI-Owned";"VER_MSPI-Owned";"661-30373";"Battery, iPhone 14";"1";"F8Y5512C4MT231LBF";"";"99.00"
"2026-02-14";"DC_MSPI-Owned";"VER_MSPI-Owned";"661-22294";"Battery, iPhone 13 Pro Max";"1";"F8Y5501C0NK13XCBH";"";"89.00"
"2026-02-14";"DC_MSPI-Owned";"VER_MSPI-Owned";"661-22294";"Battery, iPhone 13 Pro Max";"1";"F8Y5501C1WH13XCBU";"";"89.00"
"2026-02-14";"DC_MSPI-Owned";"VER_MSPI-Owned";"661-22294";"Battery, iPhone 13 Pro Max";"1";"F8Y5496C21H13XCBF";"";"89.00"
"2026-02-14";"DC_MSPI-Owned";"VER_MSPI-Owned";"661-21996";"Battery, iPhone 13 Pro";"1";"F8Y5503C1Y213RHCB";"";"89.00"
"2026-02-14";"DC_MSPI-Owned";"VER_MSPI-Owned";"661-21996";"Battery, iPhone 13 Pro";"1";"F8Y5503C1KB13RHC7";"";"89.00"
"2026-02-14";"DC_MSPI-Owned";"VER_MSPI-Owned";"661-21996";"Battery, iPhone 13 Pro";"1";"F8Y5503C0TV13RHC0";"";"89.00"
"2026-02-14";"DC_MSPI-Owned";"VER_MSPI-Owned";"661-21991";"Battery, iPhone 13";"1";"F8Y5506CDCR18FKBR";"";"89.00"
"2026-02-14";"DC_MSPI-Owned";"VER_MSPI-Owned";"661-21991";"Battery, iPhone 13";"1";"F8Y5506CDCB18FKB5";"";"89.00"
"2026-02-14";"DC_MSPI-Owned";"VER_MSPI-Owned";"661-21991";"Battery, iPhone 13";"1";"F8Y5507C5VM18FKBK";"";"89.00"
"2026-02-14";"DC_MSPI-Owned";"VER_Repair";"661-36918";"Battery, iPhone 15 Pro Max";"1";"FG9HNR005J100006TT";"";"None"
"2026-02-14";"DC_MSPI-Owned";"VER_Repair";"661-44954";"Battery, iPhone 16 Pro Max";"1";"F8YHLQH03NB0000UMJ";"";"None"
"2026-02-14";"DC_MSPI-Owned";"VER_Repair";"661-42837";"Battery, iPhone 16 Plus";"1";"F8YHLS00K880000RSS";"";"None"
"2026-02-14";"DC_MSPI-Owned";"VER_Repair";"661-42720";"Battery, iPhone 16 Pro";"1";"F8YHN7A048N0000RZ2";"";"None"
"2026-02-14";"DC_MSPI-Owned";"VER_Repair";"661-44796";"Battery, iPhone 16";"1";"FG9HM5001KL0000R3T";"";"None"
"2026-02-14";"DC_MSPI-Owned";"VER_Repair";"661-37207";"Battery, iPhone 15 Plus";"1";"F8YHNVC037Q00006U0";"";"None"
"2026-02-14";"DC_MSPI-Owned";"VER_Repair";"661-36918";"Battery, iPhone 15 Pro Max";"1";"FG9HNR006XX00006TT";"";"None"
"2026-02-14";"DC_MSPI-Owned";"VER_Repair";"661-36918";"Battery, iPhone 15 Pro Max";"1";"FG9HNR007KT00006TT";"";"None"
"2026-02-14";"DC_MSPI-Owned";"VER_Repair";"661-35885";"Battery, iPhone 15";"1";"F8YHN8C02VA00006TW";"";"99.00"
"2026-02-14";"DC_MSPI-Owned";"VER_Repair";"661-35694";"Battery, iPhone 15 Pro";"1";"F8YHN4C0WF200006TP";"";"None"
"2026-02-14";"DC_MSPI-Owned";"VER_Repair";"661-30394";"Battery, iPhone 14 Plus";"1";"F8Y5457C62Z237KBX";"";"None"
"2026-02-14";"DC_MSPI-Owned";"VER_Repair";"661-30397";"Battery, iPhone 14 Pro Max";"1";"F8Y5467C6LY20J9BP";"";"None"
"2026-02-15";"ILO-Repair";"ILO-MSPI-Owned";"661-21991";"Battery, iPhone 13";"1";"F8Y5445CKMQ18FKBH";"";"46.00"
"2026-02-15";"VER_Repair";"VER_MSPI-Owned";"661-36918";"Battery, iPhone 15 Pro Max";"1";"FG9HNR006XX00006TT";"";"99.00"
"2026-02-16";"VER_Repair";"VER_MSPI-Owned";"661-36918";"Battery, iPhone 15 Pro Max";"1";"FG9HNR007KT00006TT";"";"99.00"
"2026-02-17";"DC_MSPI-Owned";"NES_MSPI-Owned";"661-30397";"Battery, iPhone 14 Pro Max";"1";"F8Y5486C4DR20J9BE";"";"99.00"
"2026-02-17";"DC_MSPI-Owned";"NES_MSPI-Owned";"661-36918";"Battery, iPhone 15 Pro Max";"1";"FG9HNR006Y000006TT";"";"99.00"
"2026-02-19";"GL5_MSPI-Owned";"GL5_Repair";"661-21991";"Battery, iPhone 13";"1";"F8Y5506CDCP18FKBT";"";"89.00"
"2026-02-21";"DC_MSPI-Owned";"ANX-MSPI-Owned";"661-30390";"Display, iPhone 14 Plus";"1";"G9Q2377W05T1C9FAH";"";"329.00"
"2026-02-21";"DC_MSPI-Owned";"ANX-MSPI-Owned";"661-22309";"Display, iPhone 13 Pro Max";"1";"G9P5386M82CPQCLAS";"";"329.00"
"2026-02-21";"DC_MSPI-Owned";"ANX-MSPI-Owned";"661-21993";"Display, iPhone 13 Pro";"1";"G9P5162LCNZPQCKAR";"";"279.00"
"2026-02-21";"DC_MSPI-Owned";"ANX-MSPI-Owned";"661-21988";"Display, iPhone 13";"1";"G9Q5174FF8QPR5QAV";"";"279.00"
"2026-02-22";"DC_MSPI-Owned";"GL5_MSPI-Owned";"661-36915";"Display, iPhone 15 Pro Max";"1";"G9P5295QG8L1PHRAV";"";"379.00"
"2026-02-22";"DC_MSPI-Owned";"GL5_MSPI-Owned";"661-35699";"Display, iPhone 15 Pro";"1";"G9P5232R1GF1PHPAB";"";"329.00"
"2026-02-22";"DC_MSPI-Owned";"GL5_MSPI-Owned";"661-35699";"Display, iPhone 15 Pro";"1";"G9P5232R10H1PHPAP";"";"329.00"
"2026-02-22";"DC_MSPI-Owned";"GL5_MSPI-Owned";"661-30390";"Display, iPhone 14 Plus";"1";"G9Q2337T89A1C9FA1";"";"329.00"
"2026-02-22";"DC_MSPI-Owned";"GL5_MSPI-Owned";"661-30366";"Display, iPhone 14";"1";"G9Q5174W0LT1502AF";"";"279.00"
"2026-02-22";"DC_MSPI-Owned";"GL5_MSPI-Owned";"661-29370";"Display, iPhone 14 Pro";"1";"G9P5271PAKG14YCA6";"";"329.00"
"2026-02-22";"DC_MSPI-Owned";"GL5_MSPI-Owned";"661-22309";"Display, iPhone 13 Pro Max";"1";"G9P5364MC4KPQCLAH";"";"329.00"
"2026-02-22";"DC_MSPI-Owned";"GL5_MSPI-Owned";"661-22309";"Display, iPhone 13 Pro Max";"1";"G9P5385MH5GPQCLA5";"";"329.00"
"2026-02-22";"DC_MSPI-Owned";"GL5_MSPI-Owned";"661-21993";"Display, iPhone 13 Pro";"1";"G9P5163LCBYPQCKAQ";"";"279.00"
"2026-02-22";"DC_MSPI-Owned";"GL5_MSPI-Owned";"661-21988";"Display, iPhone 13";"1";"G9Q5166F9QCPR5QA0";"";"279.00"
"2026-02-22";"DC_MSPI-Owned";"GL5_MSPI-Owned";"661-21988";"Display, iPhone 13";"1";"G9Q5183P0RXPR5QAU";"";"139.50"
"2026-02-22";"DC_MSPI-Owned";"MAG-MSPI-Owned";"661-30390";"Display, iPhone 14 Plus";"1";"G9Q3111XJM71C9FAR";"";"329.00"
"2026-02-22";"DC_MSPI-Owned";"MAG-MSPI-Owned";"661-22309";"Display, iPhone 13 Pro Max";"1";"G9P5384MGMQPQCLAK";"";"329.00"
"2026-02-22";"DC_MSPI-Owned";"MAG-MSPI-Owned";"661-21993";"Display, iPhone 13 Pro";"1";"G9P5163LEGMPQCKAJ";"";"279.00"
"2026-02-22";"DC_MSPI-Owned";"MAG-MSPI-Owned";"661-21988";"Display, iPhone 13";"1";"G9Q5163PHAXPR5QAU";"";"279.00"
"2026-02-21";"DC_MSPI-Owned";"TRI-MSPI-Owned";"661-30390";"Display, iPhone 14 Plus";"1";"G9P2317EF5T1C9FA1";"";"329.00"
"2026-02-21";"DC_MSPI-Owned";"TRI-MSPI-Owned";"661-29370";"Display, iPhone 14 Pro";"1";"G9P5267PBEV14YCA4";"";"329.00"
"2026-02-21";"DC_MSPI-Owned";"TRI-MSPI-Owned";"661-22309";"Display, iPhone 13 Pro Max";"1";"G9P5386M2D8PQCLA3";"";"329.00"
"2026-02-21";"DC_MSPI-Owned";"TRI-MSPI-Owned";"661-21993";"Display, iPhone 13 Pro";"1";"G9P5165LGAPPQCKAW";"";"279.00"
"2026-02-21";"DC_MSPI-Owned";"TRI-MSPI-Owned";"661-21993";"Display, iPhone 13 Pro";"1";"G9P5162LL3PPQCKAG";"";"279.00"
"2026-02-21";"DC_MSPI-Owned";"TRI-MSPI-Owned";"661-21988";"Display, iPhone 13";"1";"G9Q5174PF71PR5QAX";"";"279.00"
"2026-02-22";"DC_MSPI-Owned";"MRK-MSPI-Owned";"661-36915";"Display, iPhone 15 Pro Max";"1";"G9P5276Q5EY1PHRAF";"";"379.00"
"2026-02-22";"DC_MSPI-Owned";"MRK-MSPI-Owned";"661-36706";"Display, iPhone 15";"1";"G9Q5382UN6V21KHAZ";"";"279.00"
"2026-02-22";"DC_MSPI-Owned";"MRK-MSPI-Owned";"661-35699";"Display, iPhone 15 Pro";"1";"G9P5232R4P61PHPAW";"";"329.00"
"2026-02-22";"DC_MSPI-Owned";"MRK-MSPI-Owned";"661-30390";"Display, iPhone 14 Plus";"1";"G9P4415BN0Z1C9FA7";"";"329.00"
"2026-02-22";"DC_MSPI-Owned";"MRK-MSPI-Owned";"661-30366";"Display, iPhone 14";"1";"G9Q5181EBA41502A3";"";"279.00"
"2026-02-22";"DC_MSPI-Owned";"MRK-MSPI-Owned";"661-30366";"Display, iPhone 14";"1";"G9Q5173EN661502A3";"";"279.00"
"2026-02-22";"DC_MSPI-Owned";"MRK-MSPI-Owned";"661-22309";"Display, iPhone 13 Pro Max";"1";"G9P5386M1HXPQCLA3";"";"329.00"
"2026-02-22";"DC_MSPI-Owned";"MRK-MSPI-Owned";"661-21993";"Display, iPhone 13 Pro";"1";"G9P5162LP96PQCKAC";"";"279.00"
"2026-02-22";"DC_MSPI-Owned";"MRK-MSPI-Owned";"661-21988";"Display, iPhone 13";"1";"G9Q5174FGHUPR5QAX";"";"279.00"
"2026-02-22";"DC_MSPI-Owned";"MRK-MSPI-Owned";"661-21988";"Display, iPhone 13";"1";"G9Q5182PMN2PR5QAC";"";"279.00"
"2026-02-21";"DC_MSPI-Owned";"MOA-MSPI-Owned";"661-37213";"Display, iPhone 15 Plus";"1";"G9Q5307SE761PHMA1";"";"329.00"
"2026-02-21";"DC_MSPI-Owned";"MOA-MSPI-Owned";"661-37213";"Display, iPhone 15 Plus";"1";"G9Q5315SNMS1PHMAY";"";"329.00"
"2026-02-21";"DC_MSPI-Owned";"MOA-MSPI-Owned";"661-36915";"Display, iPhone 15 Pro Max";"1";"G9P5265QBF91PHRAZ";"";"379.00"
"2026-02-21";"DC_MSPI-Owned";"MOA-MSPI-Owned";"661-36706";"Display, iPhone 15";"1";"G9Q5394UGA021KHAH";"";"279.00"
"2026-02-21";"DC_MSPI-Owned";"MOA-MSPI-Owned";"661-35699";"Display, iPhone 15 Pro";"1";"G9P5234R62Z1PHPAU";"";"329.00"
"2026-02-21";"DC_MSPI-Owned";"MOA-MSPI-Owned";"661-35699";"Display, iPhone 15 Pro";"1";"G9P5246R0F61PHPAH";"";"329.00"
"2026-02-21";"DC_MSPI-Owned";"MOA-MSPI-Owned";"661-30390";"Display, iPhone 14 Plus";"1";"G9P4416BG1E1C9FAU";"";"329.00"
"2026-02-21";"DC_MSPI-Owned";"MOA-MSPI-Owned";"661-30366";"Display, iPhone 14";"1";"G9Q5181W62B1502AB";"";"279.00"
"2026-02-21";"DC_MSPI-Owned";"MOA-MSPI-Owned";"661-29370";"Display, iPhone 14 Pro";"1";"G9P5271PH4K14YCA7";"";"329.00"
"2026-02-21";"DC_MSPI-Owned";"MOA-MSPI-Owned";"661-22309";"Display, iPhone 13 Pro Max";"1";"G9P5363M0FJPQCLAY";"";"329.00"
"2026-02-21";"DC_MSPI-Owned";"MOA-MSPI-Owned";"661-21993";"Display, iPhone 13 Pro";"1";"G9P5154L0NXPQCKA6";"";"279.00"
"2026-02-22";"DC_MSPI-Owned";"SMS_MSPI-Owned";"661-29370";"Display, iPhone 14 Pro";"1";"G9P5215P07Q14YCAQ";"";"329.00"
"2026-02-22";"DC_MSPI-Owned";"SMS_MSPI-Owned";"661-29370";"Display, iPhone 14 Pro";"1";"G9P5217P75714YCA4";"";"329.00"
"2026-02-22";"DC_MSPI-Owned";"SMS_MSPI-Owned";"661-22309";"Display, iPhone 13 Pro Max";"1";"G9P5364MBRFPQCLAT";"";"329.00"
"2026-02-22";"DC_MSPI-Owned";"SMS_MSPI-Owned";"661-21993";"Display, iPhone 13 Pro";"1";"G9P5154L7KDPQCKAS";"";"279.00"
"2026-02-22";"DC_MSPI-Owned";"SMS_MSPI-Owned";"661-37213";"Display, iPhone 15 Plus";"1";"G9Q5312S3D71PHMAV";"";"329.00"
"2026-02-22";"DC_MSPI-Owned";"SMS_MSPI-Owned";"661-37213";"Display, iPhone 15 Plus";"1";"G9Q5217S5A91PHMAW";"";"329.00"
"2026-02-22";"DC_MSPI-Owned";"SMS_MSPI-Owned";"661-36915";"Display, iPhone 15 Pro Max";"1";"G9P5321Q7551PHRAJ";"";"379.00"
"2026-02-22";"DC_MSPI-Owned";"SMS_MSPI-Owned";"661-36706";"Display, iPhone 15";"1";"G9Q5393UG2N21KHAL";"";"279.00"
"2026-02-22";"DC_MSPI-Owned";"SMS_MSPI-Owned";"661-35699";"Display, iPhone 15 Pro";"1";"G9P5271RDMD1PHPA9";"";"329.00"
"2026-02-22";"DC_MSPI-Owned";"SMS_MSPI-Owned";"661-35699";"Display, iPhone 15 Pro";"1";"G9P5234RK2C1PHPA2";"";"329.00"
"2026-02-22";"DC_MSPI-Owned";"SMS_MSPI-Owned";"661-30401";"Display, iPhone 14 Pro Max";"1";"G9P5182NPRJ14YDA6";"";"379.00"
"2026-02-22";"DC_MSPI-Owned";"SMS_MSPI-Owned";"661-30401";"Display, iPhone 14 Pro Max";"1";"G9P5183NKN114YDA1";"";"379.00"
"2026-02-22";"DC_MSPI-Owned";"SMS_MSPI-Owned";"661-30390";"Display, iPhone 14 Plus";"1";"G9P5046B8KJ1C9FA4";"";"329.00"
"2026-02-22";"DC_MSPI-Owned";"SMS_MSPI-Owned";"661-30366";"Display, iPhone 14";"1";"G9Q5173E6241502AZ";"";"279.00"
"2026-02-22";"DC_MSPI-Owned";"SMS_MSPI-Owned";"661-30366";"Display, iPhone 14";"1";"G9Q5147DH451502AP";"";"279.00"
"2026-02-21";"DC_MSPI-Owned";"NES_MSPI-Owned";"661-30401";"Display, iPhone 14 Pro Max";"1";"G9P5181N9A614YDAA";"";"379.00"
"2026-02-21";"DC_MSPI-Owned";"NES_MSPI-Owned";"661-30390";"Display, iPhone 14 Plus";"1";"G9P4415BP4M1C9FA6";"";"329.00"
"2026-02-21";"DC_MSPI-Owned";"NES_MSPI-Owned";"661-30366";"Display, iPhone 14";"1";"G9Q5181E8C41502A0";"";"279.00"
"2026-02-21";"DC_MSPI-Owned";"NES_MSPI-Owned";"661-29370";"Display, iPhone 14 Pro";"1";"G9P5271P54614YCAY";"";"329.00"
"2026-02-21";"DC_MSPI-Owned";"NES_MSPI-Owned";"661-21993";"Display, iPhone 13 Pro";"1";"G9P5162LFS8PQCKA1";"";"279.00"
"2026-02-21";"DC_MSPI-Owned";"BHS_Repair";"661-22309";"Display, iPhone 13 Pro Max";"1";"G9P5385MFKBPQCLA4";"";"None"
"2026-02-21";"DC_MSPI-Owned";"BHS_Repair";"661-21993";"Display, iPhone 13 Pro";"1";"G9P5162LP6GPQCKAB";"";"None"
"2026-02-21";"DC_MSPI-Owned";"BHS_Repair";"661-21988";"Display, iPhone 13";"1";"G9Q5174CLKCPR5QAC";"";"None"
"2026-02-21";"DC_MSPI-Owned";"MEG-MSPI-Owned";"661-30366";"Display, iPhone 14";"1";"G9Q5177E9F31502AN";"";"279.00"
"2026-02-21";"DC_MSPI-Owned";"MEG-MSPI-Owned";"661-22309";"Display, iPhone 13 Pro Max";"1";"G9P5362MP30PQCLAW";"";"329.00"
"2026-02-21";"DC_MSPI-Owned";"MEG-MSPI-Owned";"661-21993";"Display, iPhone 13 Pro";"1";"G9P5162L8A2PQCKAU";"";"279.00"
"2026-02-21";"DC_MSPI-Owned";"MEG-MSPI-Owned";"661-21988";"Display, iPhone 13";"1";"G9Q5182F3N8PR5QAE";"";"279.00"
"2026-02-21";"DC_MSPI-Owned";"MEG-MSPI-Owned";"661-21988";"Display, iPhone 13";"1";"G9Q5175CJLJPR5QA4";"";"279.00"
"2026-02-21";"DC_MSPI-Owned";"POD_MSPI-Owned";"661-30366";"Display, iPhone 14";"1";"G9Q5174EL1Q1502A1";"";"279.00"
"2026-02-21";"DC_MSPI-Owned";"POD_MSPI-Owned";"661-30366";"Display, iPhone 14";"1";"G9Q5173EJD51502AM";"";"279.00"
"2026-02-21";"DC_MSPI-Owned";"POD_MSPI-Owned";"661-29370";"Display, iPhone 14 Pro";"1";"G9P5271P61Y14YCAE";"";"329.00"
"2026-02-21";"DC_MSPI-Owned";"POD_MSPI-Owned";"661-29370";"Display, iPhone 14 Pro";"1";"G9P5267PNGV14YCAM";"";"329.00"
"2026-02-21";"DC_MSPI-Owned";"POD_MSPI-Owned";"661-21988";"Display, iPhone 13";"1";"G9Q5172CA52PR5QA8";"";"279.00"
"2026-02-21";"DC_MSPI-Owned";"POD_MSPI-Owned";"661-21988";"Display, iPhone 13";"1";"G9Q5173PPEYPR5QA6";"";"279.00"
"2026-02-21";"DC_MSPI-Owned";"POD_MSPI-Owned";"661-37213";"Display, iPhone 15 Plus";"1";"G9Q5315S1C51PHMAZ";"";"329.00"
"2026-02-21";"DC_MSPI-Owned";"POD_MSPI-Owned";"661-36915";"Display, iPhone 15 Pro Max";"1";"G9P5267Q90D1PHRA6";"";"379.00"
"2026-02-21";"DC_MSPI-Owned";"POD_MSPI-Owned";"661-36915";"Display, iPhone 15 Pro Max";"1";"G9P5276Q2501PHRA9";"";"379.00"
"2026-02-21";"DC_MSPI-Owned";"POD_MSPI-Owned";"661-36706";"Display, iPhone 15";"1";"G9Q5392UKKC21KHAB";"";"279.00"
"2026-02-21";"DC_MSPI-Owned";"POD_MSPI-Owned";"661-36706";"Display, iPhone 15";"1";"G9Q5345UL1A21KHAA";"";"279.00"
"2026-02-21";"DC_MSPI-Owned";"POD_MSPI-Owned";"661-35699";"Display, iPhone 15 Pro";"1";"G9P5234RBKA1PHPAV";"";"329.00"
"2026-02-21";"DC_MSPI-Owned";"POD_MSPI-Owned";"661-35699";"Display, iPhone 15 Pro";"1";"G9P5233R3431PHPAN";"";"329.00"
"2026-02-21";"DC_MSPI-Owned";"POD_MSPI-Owned";"661-30401";"Display, iPhone 14 Pro Max";"1";"G9P5207N1FB14YDAF";"";"None"
"2026-02-21";"DC_MSPI-Owned";"POD_MSPI-Owned";"661-30401";"Display, iPhone 14 Pro Max";"1";"G9P5205NKA614YDAK";"";"379.00"
"2026-02-21";"DC_MSPI-Owned";"FES-MSPI-Owned";"661-21993";"Display, iPhone 13 Pro";"1";"G9P5225L49FPQCKAW";"";"279.00"
"2026-02-21";"DC_MSPI-Owned";"FES-MSPI-Owned";"661-21993";"Display, iPhone 13 Pro";"1";"G9P5162LP6GPQCKAB";"";"279.00"
"2026-02-21";"DC_MSPI-Owned";"FES-MSPI-Owned";"661-36915";"Display, iPhone 15 Pro Max";"1";"G9P5322QAKL1PHRAR";"";"379.00"
"2026-02-21";"DC_MSPI-Owned";"FES-MSPI-Owned";"661-36915";"Display, iPhone 15 Pro Max";"1";"G9P5317Q67Y1PHRAH";"";"379.00"
"2026-02-21";"DC_MSPI-Owned";"FES-MSPI-Owned";"661-36706";"Display, iPhone 15";"1";"G9Q5375UE8U21KHA2";"";"279.00"
"2026-02-21";"DC_MSPI-Owned";"FES-MSPI-Owned";"661-36706";"Display, iPhone 15";"1";"G9Q5392UFG121KHA1";"";"279.00"
"2026-02-21";"DC_MSPI-Owned";"FES-MSPI-Owned";"661-35699";"Display, iPhone 15 Pro";"1";"G9P5235R3QB1PHPAL";"";"329.00"
"2026-02-21";"DC_MSPI-Owned";"FES-MSPI-Owned";"661-35699";"Display, iPhone 15 Pro";"1";"G9P5267R1PW1PHPAV";"";"329.00"
"2026-02-21";"DC_MSPI-Owned";"FES-MSPI-Owned";"661-30390";"Display, iPhone 14 Plus";"1";"G9P4422B6FV1C9FAG";"";"329.00"
"2026-02-21";"DC_MSPI-Owned";"FES-MSPI-Owned";"661-30366";"Display, iPhone 14";"1";"G9Q5177EA311502AR";"";"279.00"
"2026-02-21";"DC_MSPI-Owned";"FES-MSPI-Owned";"661-30366";"Display, iPhone 14";"1";"G9Q5183ELMY1502AZ";"";"279.00"
"2026-02-21";"DC_MSPI-Owned";"FES-MSPI-Owned";"661-29370";"Display, iPhone 14 Pro";"1";"G9P5267PM9814YCAW";"";"329.00"
"2026-02-21";"DC_MSPI-Owned";"FES-MSPI-Owned";"661-29370";"Display, iPhone 14 Pro";"1";"G9P5256PJ5M14YCA2";"";"329.00"
"2026-02-21";"DC_MSPI-Owned";"FES-MSPI-Owned";"661-22309";"Display, iPhone 13 Pro Max";"1";"G9P5385MKB1PQCLA0";"";"329.00"
"2026-02-21";"DC_MSPI-Owned";"FES-MSPI-Owned";"661-22309";"Display, iPhone 13 Pro Max";"1";"G9P5364MBH1PQCLAX";"";"329.00"
"2026-02-21";"DC_MSPI-Owned";"VER_MSPI-Owned";"661-30401";"Display, iPhone 14 Pro Max";"1";"G9P5184N4B714YDA8";"";"379.00"
"2026-02-21";"DC_MSPI-Owned";"VER_MSPI-Owned";"661-30401";"Display, iPhone 14 Pro Max";"1";"G9P5131NPG814YDAR";"";"379.00"
"2026-02-21";"DC_MSPI-Owned";"VER_MSPI-Owned";"661-30390";"Display, iPhone 14 Plus";"1";"G9P4417BA3L1C9FAM";"";"329.00"
"2026-02-21";"DC_MSPI-Owned";"VER_MSPI-Owned";"661-30390";"Display, iPhone 14 Plus";"1";"G9P5175BPHF1C9FAP";"";"329.00"
"2026-02-21";"DC_MSPI-Owned";"VER_MSPI-Owned";"661-30366";"Display, iPhone 14";"1";"G9Q5181EBD51502AT";"";"279.00"
"2026-02-21";"DC_MSPI-Owned";"VER_MSPI-Owned";"661-29370";"Display, iPhone 14 Pro";"1";"G9P5267PKQ814YCAM";"";"329.00"
"2026-02-21";"DC_MSPI-Owned";"VER_MSPI-Owned";"661-29370";"Display, iPhone 14 Pro";"1";"G9P5262PH9B14YCA2";"";"329.00"
"2026-02-21";"DC_MSPI-Owned";"VER_MSPI-Owned";"661-21993";"Display, iPhone 13 Pro";"1";"G9P5163L4KDPQCKAT";"";"279.00"
"2026-02-21";"DC_MSPI-Owned";"VER_MSPI-Owned";"661-21988";"Display, iPhone 13";"1";"G9Q5174FNC7PR5QAT";"";"279.00"
"2026-02-21";"DC_MSPI-Owned";"VER_MSPI-Owned";"661-21988";"Display, iPhone 13";"1";"G9Q5172PPKLPR5QA4";"";"279.00"
"2026-02-21";"DC_MSPI-Owned";"VER_MSPI-Owned";"661-36915";"Display, iPhone 15 Pro Max";"1";"G9P5322QH471PHRA8";"";"379.00"
"2026-02-21";"DC_MSPI-Owned";"VER_MSPI-Owned";"661-22309";"Display, iPhone 13 Pro Max";"1";"G9P5384MG7GPQCLA1";"";"329.00"
"2026-02-21";"DC_MSPI-Owned";"VER_MSPI-Owned";"661-22309";"Display, iPhone 13 Pro Max";"1";"G9P5351MPK7PQCLAD";"";"329.00"
"2026-02-22";"VER_Repair";"VER_MSPI-Owned";"661-36918";"Battery, iPhone 15 Pro Max";"1";"FG9HNR005J100006TT";"";"99.00"
"2026-02-22";"DC_MSPI-Owned";"GB3-MSPI-Owned";"661-22309";"Display, iPhone 13 Pro Max";"1";"G9P5364MC62PQCLAU";"";"329.00"
"2026-02-22";"DC_MSPI-Owned";"GB3-MSPI-Owned";"661-21993";"Display, iPhone 13 Pro";"1";"G9P5162LJ4HPQCKAM";"";"279.00"
"2026-02-22";"DC_MSPI-Owned";"GB3-MSPI-Owned";"661-21988";"Display, iPhone 13";"1";"G9Q5165PPQHPR5QAS";"";"279.00"
"2026-02-23";"MRK-Repair";"MRK-MSPI-Owned";"661-22309";"Display, iPhone 13 Pro Max";"1";"G9P5263MMEMPQCLAC";"";"0.00"
"2026-02-25";"BHS_Repair";"BHS_MSPI-Owned";"661-21988";"Display, iPhone 13";"1";"G9Q5174CLKCPR5QAC";"";"279.00"
"2026-02-25";"BHS_Repair";"BHS_MSPI-Owned";"661-21993";"Display, iPhone 13 Pro";"1";"G9P5162LK8EPQCKAB";"";"279.00"
"2026-02-25";"BHS_Repair";"BHS_MSPI-Owned";"661-22309";"Display, iPhone 13 Pro Max";"1";"G9P5385MFKBPQCLA4";"";"329.00"
"2026-02-27";"POD_MSPI-Owned";"MEG-MSPI-Owned";"661-30401";"Display, iPhone 14 Pro Max";"1";"G9P5207N1FB14YDAF";"";"None"
"2026-02-28";"DC_MSPI-Owned";"ANX-MSPI-Owned";"661-30401";"Display, iPhone 14 Pro Max";"1";"G9P5184N12Q14YDAM";"";"379.00"
"2026-02-28";"DC_MSPI-Owned";"ANX-MSPI-Owned";"661-29370";"Display, iPhone 14 Pro";"1";"G9P5216P4P414YCAR";"";"329.00"
"2026-02-28";"DC_MSPI-Owned";"ANX-MSPI-Owned";"661-37213";"Display, iPhone 15 Plus";"1";"G9Q5312SD1B1PHMAH";"";"329.00"
"2026-02-28";"DC_MSPI-Owned";"ANX-MSPI-Owned";"661-36915";"Display, iPhone 15 Pro Max";"1";"G9P5321QF441PHRAE";"";"379.00"
"2026-02-28";"DC_MSPI-Owned";"ANX-MSPI-Owned";"661-56056";"Battery, eSIM, iPhone 17 Pro Max";"1";"FG9HKT00T9B00015Y1";"";"119.00"
"2026-02-28";"DC_MSPI-Owned";"ANX-MSPI-Owned";"661-56064";"Battery, iPhone 17";"1";"F8YHKR00B920001510";"";"99.00"
"2026-02-28";"DC_MSPI-Owned";"ANX-MSPI-Owned";"661-56121";"Battery, pSIM, iPhone 17 Pro";"1";"F8YHKT016TY000161P";"";"119.00"
"2026-02-28";"DC_MSPI-Owned";"ANX-MSPI-Owned";"661-55235";"Battery, iPhone Air";"1";"F8YHKLY0QWH00017SP";"";"119.00"
"2026-02-28";"DC_MSPI-Owned";"ANX-MSPI-Owned";"661-30373";"Battery, iPhone 14";"1";"F8Y5512C06N231LB1";"";"99.00"
"2026-02-28";"DC_MSPI-Owned";"ANX-MSPI-Owned";"661-35885";"Battery, iPhone 15";"1";"F8YHN8C02W800006TW";"";"99.00"
"2026-02-28";"DC_MSPI-Owned";"ANX-MSPI-Owned";"661-44796";"Battery, iPhone 16";"1";"FG9HM5003AL0000R3T";"";"99.00"
"2026-02-28";"DC_MSPI-Owned";"ANX-MSPI-Owned";"661-37207";"Battery, iPhone 15 Plus";"1";"F8YHNVC00NK00006U0";"";"99.00"
"2026-02-28";"DC_MSPI-Owned";"ANX-MSPI-Owned";"661-42837";"Battery, iPhone 16 Plus";"1";"F8YHLS00HS30000RSS";"";"99.00"
"2026-02-28";"DC_MSPI-Owned";"ANX-MSPI-Owned";"661-42720";"Battery, iPhone 16 Pro";"1";"F8YHN7A04870000RZ2";"";"119.00"
"2026-02-28";"DC_MSPI-Owned";"ANX-MSPI-Owned";"661-44954";"Battery, iPhone 16 Pro Max";"1";"F8YHLQH01PY0000UMJ";"";"119.00"
"2026-02-27";"DC_MSPI-Owned";"VER_MSPI-Owned";"661-36706";"Display, iPhone 15";"1";"G9Q5352UP9P21KHA4";"";"279.00"
"2026-02-27";"DC_MSPI-Owned";"VER_MSPI-Owned";"661-37213";"Display, iPhone 15 Plus";"1";"G9Q5226SA0X1PHMAX";"";"329.00"
"2026-02-27";"DC_MSPI-Owned";"VER_MSPI-Owned";"661-37213";"Display, iPhone 15 Plus";"1";"G9Q5313S65W1PHMAS";"";"329.00"
"2026-02-27";"DC_MSPI-Owned";"VER_MSPI-Owned";"661-55235";"Battery, iPhone Air";"1";"F8YHKKY0JA100017SP";"";"119.00"
"2026-02-27";"DC_MSPI-Owned";"VER_MSPI-Owned";"661-56121";"Battery, pSIM, iPhone 17 Pro";"1";"F8YHKS00ZBN000161P";"";"119.00"
"2026-02-27";"DC_MSPI-Owned";"VER_MSPI-Owned";"661-56056";"Battery, eSIM, iPhone 17 Pro Max";"1";"FG9HKT00VCH00015Y1";"";"119.00"
"2026-02-27";"DC_MSPI-Owned";"VER_MSPI-Owned";"661-56064";"Battery, iPhone 17";"1";"F8YHKR00B8L0001510";"";"99.00"
"2026-02-27";"DC_MSPI-Owned";"TRI-MSPI-Owned";"661-30401";"Display, iPhone 14 Pro Max";"1";"G9P5256NNEZ14YDAV";"";"379.00"
"2026-02-27";"DC_MSPI-Owned";"TRI-MSPI-Owned";"661-36915";"Display, iPhone 15 Pro Max";"1";"G9P5322QBR31PHRAP";"";"379.00"
"2026-02-27";"DC_MSPI-Owned";"TRI-MSPI-Owned";"661-37213";"Display, iPhone 15 Plus";"1";"G9Q5224SAQE1PHMAC";"";"329.00"
"2026-02-27";"DC_MSPI-Owned";"TRI-MSPI-Owned";"661-35699";"Display, iPhone 15 Pro";"1";"G9P5241R52Y1PHPAW";"";"329.00"
"2026-02-27";"DC_MSPI-Owned";"TRI-MSPI-Owned";"661-36706";"Display, iPhone 15";"1";"G9Q5347UCPN21KHA6";"";"279.00"
"2026-02-27";"DC_MSPI-Owned";"TRI-MSPI-Owned";"661-56064";"Battery, iPhone 17";"1";"F8YHKQ00VTQ0001510";"";"99.00"
"2026-02-27";"DC_MSPI-Owned";"TRI-MSPI-Owned";"661-56056";"Battery, eSIM, iPhone 17 Pro Max";"1";"FG9HKT00T8W00015Y1";"";"119.00"
"2026-02-27";"DC_MSPI-Owned";"TRI-MSPI-Owned";"661-56121";"Battery, pSIM, iPhone 17 Pro";"1";"F8YHKT01B7U000161P";"";"119.00"
"2026-02-27";"DC_MSPI-Owned";"TRI-MSPI-Owned";"661-55235";"Battery, iPhone Air";"1";"F8YHKKY0J9900017SP";"";"119.00"
"2026-02-27";"DC_MSPI-Owned";"TRI-MSPI-Owned";"661-35885";"Battery, iPhone 15";"1";"F8YHN2C05HX00006TW";"";"99.00"
"2026-02-27";"DC_MSPI-Owned";"TRI-MSPI-Owned";"661-36918";"Battery, iPhone 15 Pro Max";"1";"FG9HNR0061X00006TT";"";"99.00"
"2026-02-27";"DC_MSPI-Owned";"TRI-MSPI-Owned";"661-37207";"Battery, iPhone 15 Plus";"1";"F8YHNVC03LH00006U0";"";"99.00"
"2026-02-27";"DC_MSPI-Owned";"TRI-MSPI-Owned";"661-42720";"Battery, iPhone 16 Pro";"1";"F8YHN7A04850000RZ2";"";"119.00"
"2026-02-27";"DC_MSPI-Owned";"TRI-MSPI-Owned";"661-44796";"Battery, iPhone 16";"1";"FG9HM5003B80000R3T";"";"99.00"
"2026-02-27";"DC_MSPI-Owned";"TRI-MSPI-Owned";"661-44954";"Battery, iPhone 16 Pro Max";"1";"F8YHLQH02XS0000UMJ";"";"119.00"
"2026-02-27";"DC_MSPI-Owned";"TRI-MSPI-Owned";"661-42837";"Battery, iPhone 16 Plus";"1";"F8YHLS00LA70000RSS";"";"99.00"
"2026-02-27";"DC_MSPI-Owned";"MAG-MSPI-Owned";"661-30401";"Display, iPhone 14 Pro Max";"1";"G9P5255NKKM14YDAW";"";"379.00"
"2026-02-27";"DC_MSPI-Owned";"MAG-MSPI-Owned";"661-35699";"Display, iPhone 15 Pro";"1";"G9P5232RP6P1PHPAB";"";"329.00"
"2026-02-27";"DC_MSPI-Owned";"MAG-MSPI-Owned";"661-37213";"Display, iPhone 15 Plus";"1";"G9Q5315S1MJ1PHMAT";"";"329.00"
"2026-02-27";"DC_MSPI-Owned";"MAG-MSPI-Owned";"661-36915";"Display, iPhone 15 Pro Max";"1";"G9P5276QBDH1PHRAT";"";"379.00"
"2026-02-27";"DC_MSPI-Owned";"MAG-MSPI-Owned";"661-36706";"Display, iPhone 15";"1";"G9Q5355U0QJ21KHAJ";"";"279.00"
"2026-02-27";"DC_MSPI-Owned";"MAG-MSPI-Owned";"661-30373";"Battery, iPhone 14";"1";"F8Y5514C2B5231LBZ";"";"99.00"
"2026-02-27";"DC_MSPI-Owned";"MAG-MSPI-Owned";"661-35885";"Battery, iPhone 15";"1";"F8YHN1C12TE00006TW";"";"99.00"
"2026-02-27";"DC_MSPI-Owned";"MAG-MSPI-Owned";"661-37207";"Battery, iPhone 15 Plus";"1";"F8YHNVC03M000006U0";"";"99.00"
"2026-02-27";"DC_MSPI-Owned";"MAG-MSPI-Owned";"661-44796";"Battery, iPhone 16";"1";"FG9HM5001KZ0000R3T";"";"99.00"
"2026-02-27";"DC_MSPI-Owned";"MAG-MSPI-Owned";"661-42720";"Battery, iPhone 16 Pro";"1";"F8YHN7A04810000RZ2";"";"119.00"
"2026-02-27";"DC_MSPI-Owned";"MAG-MSPI-Owned";"661-44954";"Battery, iPhone 16 Pro Max";"1";"F8YHLQH030R0000UMJ";"";"119.00"
"2026-02-27";"DC_MSPI-Owned";"MAG-MSPI-Owned";"661-42837";"Battery, iPhone 16 Plus";"1";"F8YHLS00KZN0000RSS";"";"99.00"
"2026-02-27";"DC_MSPI-Owned";"MAG-MSPI-Owned";"661-56056";"Battery, eSIM, iPhone 17 Pro Max";"1";"FG9HKT00TEU00015Y1";"";"119.00"
"2026-02-27";"DC_MSPI-Owned";"MAG-MSPI-Owned";"661-56064";"Battery, iPhone 17";"1";"F8YHKR00B8W0001510";"";"99.00"
"2026-02-27";"DC_MSPI-Owned";"MAG-MSPI-Owned";"661-56121";"Battery, pSIM, iPhone 17 Pro";"1";"F8YHKT00YDV000161P";"";"119.00"
"2026-02-27";"DC_MSPI-Owned";"MAG-MSPI-Owned";"661-55235";"Battery, iPhone Air";"1";"F8YHKKY006600017SP";"";"119.00"
"2026-02-28";"DC_MSPI-Owned";"MEG-MSPI-Owned";"661-30390";"Display, iPhone 14 Plus";"1";"G9P5082BCJ41C9FA9";"";"329.00"
"2026-02-28";"DC_MSPI-Owned";"MEG-MSPI-Owned";"661-29370";"Display, iPhone 14 Pro";"1";"G9P5217PCD114YCAF";"";"329.00"
"2026-02-28";"DC_MSPI-Owned";"MEG-MSPI-Owned";"661-30401";"Display, iPhone 14 Pro Max";"1";"G9P5172N2BS14YDAW";"";"379.00"
"2026-02-28";"DC_MSPI-Owned";"MEG-MSPI-Owned";"661-36915";"Display, iPhone 15 Pro Max";"1";"G9P5271QNP71PHRA1";"";"379.00"
"2026-02-28";"DC_MSPI-Owned";"MEG-MSPI-Owned";"661-37213";"Display, iPhone 15 Plus";"1";"G9Q5311SBKM1PHMAQ";"";"329.00"
"2026-02-28";"DC_MSPI-Owned";"MEG-MSPI-Owned";"661-36706";"Display, iPhone 15";"1";"G9Q5395U07G21KHAR";"";"279.00"
"2026-02-28";"DC_MSPI-Owned";"MEG-MSPI-Owned";"661-35699";"Display, iPhone 15 Pro";"1";"G9P5267R9ML1PHPA3";"";"329.00"
"2026-02-28";"DC_MSPI-Owned";"MEG-MSPI-Owned";"661-56121";"Battery, pSIM, iPhone 17 Pro";"1";"F8YHKS0104K000161P";"";"119.00"
"2026-02-28";"DC_MSPI-Owned";"MEG-MSPI-Owned";"661-56056";"Battery, eSIM, iPhone 17 Pro Max";"1";"FG9HKT00TEX00015Y1";"";"119.00"
"2026-02-28";"DC_MSPI-Owned";"MEG-MSPI-Owned";"661-55235";"Battery, iPhone Air";"1";"F8YHKLY0QYS00017SP";"";"119.00"
"2026-02-28";"DC_MSPI-Owned";"MEG-MSPI-Owned";"661-56064";"Battery, iPhone 17";"1";"F8YHKR00B890001510";"";"None"
"2026-02-28";"DC_MSPI-Owned";"MEG-MSPI-Owned";"661-35885";"Battery, iPhone 15";"1";"F8YHN8C02UL00006TW";"";"99.00"
"2026-02-28";"DC_MSPI-Owned";"MEG-MSPI-Owned";"661-37207";"Battery, iPhone 15 Plus";"1";"F8YHNVC00NN00006U0";"";"99.00"
"2026-02-28";"DC_MSPI-Owned";"MEG-MSPI-Owned";"661-44796";"Battery, iPhone 16";"1";"FG9HM5001JV0000R3T";"";"99.00"
"2026-02-28";"DC_MSPI-Owned";"MEG-MSPI-Owned";"661-42720";"Battery, iPhone 16 Pro";"1";"F8YHN7A04880000RZ2";"";"119.00"
"2026-02-28";"DC_MSPI-Owned";"MEG-MSPI-Owned";"661-42837";"Battery, iPhone 16 Plus";"1";"F8YHLS00HZL0000RSS";"";"99.00"
"2026-02-28";"DC_MSPI-Owned";"MEG-MSPI-Owned";"661-44954";"Battery, iPhone 16 Pro Max";"1";"F8YHLQH02BF0000UMJ";"";"119.00"
"2026-02-28";"DC_MSPI-Owned";"BHS_MSPI-Owned";"661-56064";"Battery, iPhone 17";"1";"F8YHKR00B5H0001510";"";"99.00"
"2026-02-28";"DC_MSPI-Owned";"BHS_MSPI-Owned";"661-56056";"Battery, eSIM, iPhone 17 Pro Max";"1";"FG9HKT00SSP00015Y1";"";"119.00"
"2026-02-28";"DC_MSPI-Owned";"BHS_MSPI-Owned";"661-56121";"Battery, pSIM, iPhone 17 Pro";"1";"F8YHKS00Z83000161P";"";"119.00"
"2026-02-28";"DC_MSPI-Owned";"BHS_MSPI-Owned";"661-55235";"Battery, iPhone Air";"1";"F8YHKLY0QYQ00017SP";"";"119.00"
"2026-02-28";"DC_MSPI-Owned";"BHS_MSPI-Owned";"661-37213";"Display, iPhone 15 Plus";"1";"G9Q5217S08F1PHMA1";"";"329.00"
"2026-02-28";"DC_MSPI-Owned";"BHS_MSPI-Owned";"661-30401";"Display, iPhone 14 Pro Max";"1";"G9P5184N59L14YDA0";"";"379.00"
"2026-02-28";"DC_MSPI-Owned";"BHS_MSPI-Owned";"661-30366";"Display, iPhone 14";"1";"G9Q5181E6E71502AT";"";"279.00"
"2026-02-28";"DC_MSPI-Owned";"BHS_MSPI-Owned";"661-30390";"Display, iPhone 14 Plus";"1";"G9P5175B4031C9FA3";"";"329.00"
"2026-02-28";"DC_MSPI-Owned";"BHS_MSPI-Owned";"661-36706";"Display, iPhone 15";"1";"G9Q5393UGL921KHAD";"";"279.00"
"2026-02-28";"DC_MSPI-Owned";"BHS_MSPI-Owned";"661-35885";"Battery, iPhone 15";"1";"F8YHN8C043500006TW";"";"99.00"
"2026-02-28";"DC_MSPI-Owned";"BHS_MSPI-Owned";"661-44954";"Battery, iPhone 16 Pro Max";"1";"F8YHLQH04YE0000UMJ";"";"119.00"
"2026-02-28";"DC_MSPI-Owned";"BHS_MSPI-Owned";"661-37207";"Battery, iPhone 15 Plus";"1";"F8YHNVC03KE00006U0";"";"99.00"
"2026-02-28";"DC_MSPI-Owned";"BHS_MSPI-Owned";"661-42720";"Battery, iPhone 16 Pro";"1";"F8YHN7A047Y0000RZ2";"";"119.00"
"2026-02-28";"DC_MSPI-Owned";"BHS_MSPI-Owned";"661-44796";"Battery, iPhone 16";"1";"FG9HM5001KJ0000R3T";"";"99.00"
"2026-02-28";"DC_MSPI-Owned";"BHS_MSPI-Owned";"661-42837";"Battery, iPhone 16 Plus";"1";"F8YHLS00H6D0000RSS";"";"99.00"
"2026-02-28";"DC_MSPI-Owned";"BHS_MSPI-Owned";"661-35694";"Battery, iPhone 15 Pro";"1";"F8YHN3C09YJ00006TP";"";"99.00"
"2026-02-28";"DC_MSPI-Owned";"BHS_MSPI-Owned";"661-35694";"Battery, iPhone 15 Pro";"1";"F8YHN2C0LFL00006TP";"";"99.00"
"2026-02-28";"DC_MSPI-Owned";"BHS_MSPI-Owned";"661-30373";"Battery, iPhone 14";"1";"F8Y5514C29C231LBY";"";"None"
"2026-02-28";"DC_MSPI-Owned";"BHS_MSPI-Owned";"661-30373";"Battery, iPhone 14";"1";"F8Y5514C297231LB3";"";"99.00"
"2026-02-28";"DC_MSPI-Owned";"BHS_MSPI-Owned";"661-30394";"Battery, iPhone 14 Plus";"1";"F8Y5457C2H8237KBF";"";"99.00"
"2026-02-28";"DC_MSPI-Owned";"MRK-MSPI-Owned";"661-30401";"Display, iPhone 14 Pro Max";"1";"G9P5181NEDN14YDAE";"";"379.00"
"2026-02-28";"DC_MSPI-Owned";"MRK-MSPI-Owned";"661-37213";"Display, iPhone 15 Plus";"1";"G9Q5225S0QR1PHMAA";"";"329.00"
"2026-02-28";"DC_MSPI-Owned";"MRK-MSPI-Owned";"661-37213";"Display, iPhone 15 Plus";"1";"G9Q5313S3HL1PHMA3";"";"329.00"
"2026-02-28";"DC_MSPI-Owned";"MRK-MSPI-Owned";"661-56064";"Battery, iPhone 17";"1";"F8YHKR00B850001510";"";"99.00"
"2026-02-28";"DC_MSPI-Owned";"MRK-MSPI-Owned";"661-56056";"Battery, eSIM, iPhone 17 Pro Max";"1";"FG9HKT00TKK00015Y1";"";"119.00"
"2026-02-28";"DC_MSPI-Owned";"MRK-MSPI-Owned";"661-56121";"Battery, pSIM, iPhone 17 Pro";"1";"F8YHKT016KH000161P";"";"119.00"
"2026-02-28";"DC_MSPI-Owned";"MRK-MSPI-Owned";"661-55235";"Battery, iPhone Air";"1";"F8YHKJY108K00017SP";"";"119.00"
"2026-02-28";"DC_MSPI-Owned";"MRK-MSPI-Owned";"661-37207";"Battery, iPhone 15 Plus";"1";"F8YHNVC00PZ00006U0";"";"99.00"
"2026-02-28";"DC_MSPI-Owned";"MRK-MSPI-Owned";"661-37207";"Battery, iPhone 15 Plus";"1";"F8YHNVC005300006U0";"";"99.00"
"2026-02-28";"DC_MSPI-Owned";"MRK-MSPI-Owned";"661-35885";"Battery, iPhone 15";"1";"F8YHN1C12V700006TW";"";"None"
"2026-02-28";"DC_MSPI-Owned";"MRK-MSPI-Owned";"661-35885";"Battery, iPhone 15";"1";"F8YHN1C12UX00006TW";"";"99.00"
"2026-02-28";"DC_MSPI-Owned";"MRK-MSPI-Owned";"661-36918";"Battery, iPhone 15 Pro Max";"1";"FG9HNR0062200006TT";"";"99.00"
"2026-02-28";"DC_MSPI-Owned";"MRK-MSPI-Owned";"661-42720";"Battery, iPhone 16 Pro";"1";"F8YHN7A048C0000RZ2";"";"119.00"
"2026-02-28";"DC_MSPI-Owned";"MRK-MSPI-Owned";"661-42837";"Battery, iPhone 16 Plus";"1";"F8YHLS00K850000RSS";"";"99.00"
"2026-02-28";"DC_MSPI-Owned";"MRK-MSPI-Owned";"661-44796";"Battery, iPhone 16";"1";"FG9HM5003ER0000R3T";"";"99.00"
"2026-02-28";"DC_MSPI-Owned";"MRK-MSPI-Owned";"661-44954";"Battery, iPhone 16 Pro Max";"1";"F8YHLQH02BG0000UMJ";"";"119.00"
"2026-02-28";"DC_MSPI-Owned";"POD_MSPI-Owned";"661-56056";"Battery, eSIM, iPhone 17 Pro Max";"1";"FG9HKT00TL100015Y1";"";"119.00"
"2026-02-28";"DC_MSPI-Owned";"POD_MSPI-Owned";"661-56064";"Battery, iPhone 17";"1";"F8YHKR00B8F0001510";"";"99.00"
"2026-02-28";"DC_MSPI-Owned";"POD_MSPI-Owned";"661-55235";"Battery, iPhone Air";"1";"F8YHKLY0QWA00017SP";"";"119.00"
"2026-02-28";"DC_MSPI-Owned";"POD_MSPI-Owned";"661-56121";"Battery, pSIM, iPhone 17 Pro";"1";"F8YHKS011H3000161P";"";"119.00"
"2026-02-28";"DC_MSPI-Owned";"POD_MSPI-Owned";"661-44796";"Battery, iPhone 16";"1";"FG9HM5003AT0000R3T";"";"99.00"
"2026-02-28";"DC_MSPI-Owned";"POD_MSPI-Owned";"661-44796";"Battery, iPhone 16";"1";"FG9HM5003B10000R3T";"";"99.00"
"2026-02-28";"DC_MSPI-Owned";"POD_MSPI-Owned";"661-42720";"Battery, iPhone 16 Pro";"1";"F8YHN7A047Z0000RZ2";"";"119.00"
"2026-02-28";"DC_MSPI-Owned";"POD_MSPI-Owned";"661-42837";"Battery, iPhone 16 Plus";"1";"F8YHLS00L340000RSS";"";"99.00"
"2026-02-28";"DC_MSPI-Owned";"POD_MSPI-Owned";"661-44954";"Battery, iPhone 16 Pro Max";"1";"F8YHLQH03VH0000UMJ";"";"119.00"
"2026-02-28";"DC_MSPI-Owned";"GB3-MSPI-Owned";"661-35694";"Battery, iPhone 15 Pro";"1";"F8YHN3C06TR00006TP";"";"99.00"
"2026-02-28";"DC_MSPI-Owned";"GB3-MSPI-Owned";"661-35885";"Battery, iPhone 15";"1";"F8YHN8C02XK00006TW";"";"99.00"
"2026-02-28";"DC_MSPI-Owned";"GB3-MSPI-Owned";"661-37207";"Battery, iPhone 15 Plus";"1";"F8YHNVC03LG00006U0";"";"99.00"
"2026-02-28";"DC_MSPI-Owned";"GB3-MSPI-Owned";"661-42720";"Battery, iPhone 16 Pro";"1";"F8YHN7A04890000RZ2";"";"119.00"
"2026-02-28";"DC_MSPI-Owned";"GB3-MSPI-Owned";"661-36918";"Battery, iPhone 15 Pro Max";"1";"FG9HNR006XS00006TT";"";"99.00"
"2026-02-28";"DC_MSPI-Owned";"GB3-MSPI-Owned";"661-44796";"Battery, iPhone 16";"1";"FG9HM5003DE0000R3T";"";"99.00"
"2026-02-28";"DC_MSPI-Owned";"GB3-MSPI-Owned";"661-44954";"Battery, iPhone 16 Pro Max";"1";"F8YHLQH03Q50000UMJ";"";"119.00"
"2026-02-28";"DC_MSPI-Owned";"GB3-MSPI-Owned";"661-42837";"Battery, iPhone 16 Plus";"1";"F8YHLS00KL20000RSS";"";"99.00"
"2026-02-28";"DC_MSPI-Owned";"GB3-MSPI-Owned";"661-56056";"Battery, eSIM, iPhone 17 Pro Max";"1";"FG9HKT00VCL00015Y1";"";"119.00"
"2026-02-28";"DC_MSPI-Owned";"GB3-MSPI-Owned";"661-55235";"Battery, iPhone Air";"1";"F8YHKMY0AC000017SP";"";"119.00"
"2026-02-28";"DC_MSPI-Owned";"GB3-MSPI-Owned";"661-56121";"Battery, pSIM, iPhone 17 Pro";"1";"F8YHKS00VA2000161P";"";"119.00"
"2026-02-28";"DC_MSPI-Owned";"GB3-MSPI-Owned";"661-56064";"Battery, iPhone 17";"1";"F8YHKR00B950001510";"";"99.00"
"2026-02-28";"DC_MSPI-Owned";"GB3-MSPI-Owned";"661-30401";"Display, iPhone 14 Pro Max";"1";"G9P5207N05514YDAJ";"";"None"
"2026-02-28";"DC_MSPI-Owned";"GB3-MSPI-Owned";"661-30390";"Display, iPhone 14 Plus";"1";"G9P4421BFNQ1C9FAS";"";"329.00"
"2026-02-28";"DC_MSPI-Owned";"GB3-MSPI-Owned";"661-30366";"Display, iPhone 14";"1";"G9Q5177EC751502A7";"";"279.00"
"2026-02-28";"DC_MSPI-Owned";"GB3-MSPI-Owned";"661-37213";"Display, iPhone 15 Plus";"1";"G9Q5314SGAD1PHMAH";"";"329.00"
"2026-02-28";"DC_MSPI-Owned";"GB3-MSPI-Owned";"661-36915";"Display, iPhone 15 Pro Max";"1";"G9P5323Q6S01PHRAT";"";"379.00"
"2026-02-28";"DC_MSPI-Owned";"GB3-MSPI-Owned";"661-36706";"Display, iPhone 15";"1";"G9Q5394U8FZ21KHAB";"";"279.00"
"2026-02-28";"DC_MSPI-Owned";"GL5_MSPI-Owned";"661-37207";"Battery, iPhone 15 Plus";"1";"F8YHNVC021Q00006U0";"";"99.00"
"2026-02-28";"DC_MSPI-Owned";"GL5_MSPI-Owned";"661-37207";"Battery, iPhone 15 Plus";"1";"F8YHNVC00NP00006U0";"";"99.00"
"2026-02-28";"DC_MSPI-Owned";"GL5_MSPI-Owned";"661-35885";"Battery, iPhone 15";"1";"F8YHN8C02P600006TW";"";"99.00"
"2026-02-28";"DC_MSPI-Owned";"GL5_MSPI-Owned";"661-44954";"Battery, iPhone 16 Pro Max";"1";"F8YHLQH02890000UMJ";"";"119.00"
"2026-02-28";"DC_MSPI-Owned";"GL5_MSPI-Owned";"661-42837";"Battery, iPhone 16 Plus";"1";"F8YHLS00HFY0000RSS";"";"None"
"2026-02-28";"DC_MSPI-Owned";"GL5_MSPI-Owned";"661-42720";"Battery, iPhone 16 Pro";"1";"F8YHN7A048E0000RZ2";"";"119.00"
"2026-02-28";"DC_MSPI-Owned";"GL5_MSPI-Owned";"661-44796";"Battery, iPhone 16";"1";"FG9HM5003B00000R3T";"";"99.00"
"2026-02-28";"DC_MSPI-Owned";"GL5_MSPI-Owned";"661-35694";"Battery, iPhone 15 Pro";"1";"F8YHN0C0DRP00006TP";"";"99.00"
"2026-02-28";"DC_MSPI-Owned";"GL5_MSPI-Owned";"661-44796";"Battery, iPhone 16";"1";"FG9HM5003B50000R3T";"";"99.00"
"2026-02-28";"DC_MSPI-Owned";"GL5_MSPI-Owned";"661-35694";"Battery, iPhone 15 Pro";"1";"F8YHN1C0Z5B00006TP";"";"None"
"2026-02-28";"DC_MSPI-Owned";"GL5_MSPI-Owned";"661-56056";"Battery, eSIM, iPhone 17 Pro Max";"1";"FG9HKT00SKJ00015Y1";"";"119.00"
"2026-02-28";"DC_MSPI-Owned";"GL5_MSPI-Owned";"661-55235";"Battery, iPhone Air";"1";"F8YHKLY0RL200017SP";"";"119.00"
"2026-02-28";"DC_MSPI-Owned";"GL5_MSPI-Owned";"661-56121";"Battery, pSIM, iPhone 17 Pro";"1";"F8YHKS0104A000161P";"";"119.00"
"2026-02-28";"DC_MSPI-Owned";"GL5_MSPI-Owned";"661-56064";"Battery, iPhone 17";"1";"F8YHKR00B930001510";"";"99.00"
"2026-02-28";"DC_MSPI-Owned";"PPM-MSPI-Owned";"661-55235";"Battery, iPhone Air";"1";"F8YHKLY0RJ000017SP";"";"119.00"
"2026-02-28";"DC_MSPI-Owned";"PPM-MSPI-Owned";"661-56121";"Battery, pSIM, iPhone 17 Pro";"1";"F8YHKT011PY000161P";"";"119.00"
"2026-02-28";"DC_MSPI-Owned";"PPM-MSPI-Owned";"661-30401";"Display, iPhone 14 Pro Max";"1";"G9P5183NN5C14YDA4";"";"379.00"
"2026-02-28";"DC_MSPI-Owned";"PPM-MSPI-Owned";"661-30390";"Display, iPhone 14 Plus";"1";"G9P4416BBG91C9FAT";"";"329.00"
"2026-02-28";"DC_MSPI-Owned";"PPM-MSPI-Owned";"661-56064";"Battery, iPhone 17";"1";"F8YHKR00B4A0001510";"";"99.00"
"2026-02-28";"DC_MSPI-Owned";"PPM-MSPI-Owned";"661-56056";"Battery, eSIM, iPhone 17 Pro Max";"1";"FG9HKT00SST00015Y1";"";"119.00"
"2026-02-28";"DC_MSPI-Owned";"PPM-MSPI-Owned";"661-35885";"Battery, iPhone 15";"1";"F8YHN8C03ZZ00006TW";"";"None"
"2026-02-28";"DC_MSPI-Owned";"PPM-MSPI-Owned";"661-42837";"Battery, iPhone 16 Plus";"1";"F8YHLS00L7B0000RSS";"";"99.00"
"2026-02-28";"DC_MSPI-Owned";"PPM-MSPI-Owned";"661-42720";"Battery, iPhone 16 Pro";"1";"F8YHN7A048L0000RZ2";"";"119.00"
"2026-02-28";"DC_MSPI-Owned";"PPM-MSPI-Owned";"661-44954";"Battery, iPhone 16 Pro Max";"1";"F8YHLQH02Z90000UMJ";"";"119.00"
"2026-02-28";"DC_MSPI-Owned";"NES_MSPI-Owned";"661-36706";"Display, iPhone 15";"1";"G9Q5384U56G21KHAT";"";"279.00"
"2026-02-28";"DC_MSPI-Owned";"NES_MSPI-Owned";"661-36915";"Display, iPhone 15 Pro Max";"1";"G9P5273Q90Q1PHRAW";"";"379.00"
"2026-02-28";"DC_MSPI-Owned";"NES_MSPI-Owned";"661-56121";"Battery, pSIM, iPhone 17 Pro";"1";"F8YHKT018QC000161P";"";"119.00"
"2026-02-28";"DC_MSPI-Owned";"NES_MSPI-Owned";"661-55235";"Battery, iPhone Air";"1";"F8YHKKY0NSQ00017SP";"";"119.00"
"2026-02-28";"DC_MSPI-Owned";"NES_MSPI-Owned";"661-56056";"Battery, eSIM, iPhone 17 Pro Max";"1";"FG9HKT00TF300015Y1";"";"119.00"
"2026-02-28";"DC_MSPI-Owned";"NES_MSPI-Owned";"661-56064";"Battery, iPhone 17";"1";"F8YHKR00B990001510";"";"99.00"
"2026-02-28";"DC_MSPI-Owned";"NES_MSPI-Owned";"661-35885";"Battery, iPhone 15";"1";"F8YHN1C12TV00006TW";"";"99.00"
"2026-02-28";"DC_MSPI-Owned";"NES_MSPI-Owned";"661-44796";"Battery, iPhone 16";"1";"FG9HM5001KQ0000R3T";"";"99.00"
"2026-02-28";"DC_MSPI-Owned";"NES_MSPI-Owned";"661-42837";"Battery, iPhone 16 Plus";"1";"F8YHLS00HFP0000RSS";"";"99.00"
"2026-02-28";"DC_MSPI-Owned";"NES_MSPI-Owned";"661-42720";"Battery, iPhone 16 Pro";"1";"F8YHN7A048K0000RZ2";"";"119.00"
"2026-02-28";"DC_MSPI-Owned";"NES_MSPI-Owned";"661-44954";"Battery, iPhone 16 Pro Max";"1";"F8YHLPH01GB0000UMJ";"";"119.00"
"2026-03-01";"DC_MSPI-Owned";"MOA-MSPI-Owned";"661-29370";"Display, iPhone 14 Pro";"1";"G9P5217PGK414YCAQ";"";"329.00"
"2026-03-01";"DC_MSPI-Owned";"MOA-MSPI-Owned";"661-30394";"Battery, iPhone 14 Plus";"1";"F8Y5457C7AZ237KB6";"";"None"
"2026-03-01";"DC_MSPI-Owned";"MOA-MSPI-Owned";"661-30394";"Battery, iPhone 14 Plus";"1";"F8Y5457C6M2237KB5";"";"None"
"2026-03-01";"DC_MSPI-Owned";"MOA-MSPI-Owned";"661-42720";"Battery, iPhone 16 Pro";"1";"F8YHN7A047T0000RZ2";"";"119.00"
"2026-03-01";"DC_MSPI-Owned";"MOA-MSPI-Owned";"661-42837";"Battery, iPhone 16 Plus";"1";"F8YHLS00L3N0000RSS";"";"99.00"
"2026-03-01";"DC_MSPI-Owned";"MOA-MSPI-Owned";"661-44954";"Battery, iPhone 16 Pro Max";"1";"F8YHLQH04YP0000UMJ";"";"119.00"
"2026-03-01";"DC_MSPI-Owned";"MOA-MSPI-Owned";"661-56064";"Battery, iPhone 17";"1";"F8YHKR00B8D0001510";"";"99.00"
"2026-03-01";"DC_MSPI-Owned";"MOA-MSPI-Owned";"661-56056";"Battery, eSIM, iPhone 17 Pro Max";"1";"FG9HKT00T9L00015Y1";"";"119.00"
"2026-03-01";"DC_MSPI-Owned";"MOA-MSPI-Owned";"661-56121";"Battery, pSIM, iPhone 17 Pro";"1";"F8YHKT00Y48000161P";"";"119.00"
"2026-03-01";"DC_MSPI-Owned";"MOA-MSPI-Owned";"661-55235";"Battery, iPhone Air";"1";"F8YHKMY0ACA00017SP";"";"119.00"
"2026-03-01";"DC_MSPI-Owned";"MOA-MSPI-Owned";"661-35694";"Battery, iPhone 15 Pro";"1";"F8YHN3C08MY00006TP";"";"None"
"2026-03-01";"DC_MSPI-Owned";"SMS_MSPI-Owned";"661-36706";"Display, iPhone 15";"1";"G9Q5401UML321KHA8";"";"279.00"
"2026-03-01";"DC_MSPI-Owned";"SMS_MSPI-Owned";"661-35694";"Battery, iPhone 15 Pro";"1";"F8YHN4C0MUK00006TP";"";"99.00"
"2026-03-01";"DC_MSPI-Owned";"SMS_MSPI-Owned";"661-30394";"Battery, iPhone 14 Plus";"1";"F8Y5457C6LK237KBR";"";"99.00"
"2026-03-01";"DC_MSPI-Owned";"SMS_MSPI-Owned";"661-30394";"Battery, iPhone 14 Plus";"1";"F8Y5457C6KZ237KBE";"";"99.00"
"2026-03-01";"DC_MSPI-Owned";"SMS_MSPI-Owned";"661-35885";"Battery, iPhone 15";"1";"F8YHN0C16U300006TW";"";"99.00"
"2026-03-01";"DC_MSPI-Owned";"SMS_MSPI-Owned";"661-37207";"Battery, iPhone 15 Plus";"1";"F8YHNVC00NU00006U0";"";"99.00"
"2026-03-01";"DC_MSPI-Owned";"SMS_MSPI-Owned";"661-44796";"Battery, iPhone 16";"1";"FG9HM5003B70000R3T";"";"99.00"
"2026-03-01";"DC_MSPI-Owned";"SMS_MSPI-Owned";"661-42720";"Battery, iPhone 16 Pro";"1";"F8YHN7A04800000RZ2";"";"119.00"
"2026-03-01";"DC_MSPI-Owned";"SMS_MSPI-Owned";"661-42837";"Battery, iPhone 16 Plus";"1";"F8YHLS00H0Z0000RSS";"";"99.00"
"2026-03-01";"DC_MSPI-Owned";"SMS_MSPI-Owned";"661-44954";"Battery, iPhone 16 Pro Max";"1";"F8YHLPH01G50000UMJ";"";"119.00"
"2026-03-01";"DC_MSPI-Owned";"SMS_MSPI-Owned";"661-56064";"Battery, iPhone 17";"1";"F8YHKR00B5J0001510";"";"99.00"
"2026-03-01";"DC_MSPI-Owned";"SMS_MSPI-Owned";"661-56056";"Battery, eSIM, iPhone 17 Pro Max";"1";"FG9HKT00REX00015Y1";"";"119.00"
"2026-03-01";"DC_MSPI-Owned";"SMS_MSPI-Owned";"661-56121";"Battery, pSIM, iPhone 17 Pro";"1";"F8YHKT016VV000161P";"";"119.00"
"2026-03-01";"DC_MSPI-Owned";"SMS_MSPI-Owned";"661-55235";"Battery, iPhone Air";"1";"F8YHKMY0ACH00017SP";"";"119.00"
"2026-03-01";"DC_MSPI-Owned";"SMS_MSPI-Owned";"661-35694";"Battery, iPhone 15 Pro";"1";"F8YHN4C0CQZ00006TP";"";"99.00"
"2026-02-28";"MEG-MSPI-Owned";"DC_MSPI-Owned";"661-56064";"Battery, iPhone 17";"1";"F8YHKR00B890001510";"";"None"
"2026-02-28";"DC_MSPI-Owned";"MEG-MSPI-Owned";"661-56064";"Battery, iPhone 17";"1";"F8YHKR00B980001510";"";"99.00"
"2026-03-02";"MEG-MSPI-Owned";"MEG-Repair";"661-30401";"Display, iPhone 14 Pro Max";"1";"G9P5207N1FB14YDAF";"";"379.00"
"2026-03-02";"MEG-MSPI-Owned";"MEG-Repair";"661-30397";"Battery, iPhone 14 Pro Max";"1";"F8Y5471C3YR20J9B0";"";"99.00"
"2026-07-29";"DC_MSPI-Owned";"FES-MSPI-Owned";"661-35699";"Display, iPhone 15 Pro";"1";"G9P5232RKD51PHPAC";"";"329.00"
"2026-07-29";"DC_MSPI-Owned";"FES-MSPI-Owned";"661-37207";"Battery, iPhone 15 Plus";"1";"F8YHNVC021000006U0";"";"99.00"
"2026-07-29";"DC_MSPI-Owned";"FES-MSPI-Owned";"661-44796";"Battery, iPhone 16";"1";"FG9HM5003AR0000R3T";"";"99.00"
"2026-07-29";"DC_MSPI-Owned";"FES-MSPI-Owned";"661-42720";"Battery, iPhone 16 Pro";"1";"F8YHN7A04830000RZ2";"";"119.00"
"2026-07-29";"DC_MSPI-Owned";"FES-MSPI-Owned";"661-42837";"Battery, iPhone 16 Plus";"1";"F8YHLS00LEX0000RSS";"";"99.00"
"2026-07-29";"DC_MSPI-Owned";"FES-MSPI-Owned";"661-44954";"Battery, iPhone 16 Pro Max";"1";"F8YHLPH00B10000UMJ";"";"119.00"
"2026-07-29";"DC_MSPI-Owned";"FES-MSPI-Owned";"661-56064";"Battery, iPhone 17";"1";"F8YHKR00B890001510";"";"99.00"
"2026-07-29";"DC_MSPI-Owned";"FES-MSPI-Owned";"661-56056";"Battery, eSIM, iPhone 17 Pro Max";"1";"FG9HKT00ST900015Y1";"";"119.00"
"2026-07-29";"DC_MSPI-Owned";"FES-MSPI-Owned";"661-56121";"Battery, pSIM, iPhone 17 Pro";"1";"F8YHKT011RY000161P";"";"119.00"
"2026-07-29";"DC_MSPI-Owned";"FES-MSPI-Owned";"661-55235";"Battery, iPhone Air";"1";"F8YHKLY0RK400017SP";"";"119.00"
"2026-03-04";"MEG-Repair";"MEG-MSPI-Owned";"661-30397";"Battery, iPhone 14 Pro Max";"1";"F8Y6011C2E020J9BX";"";"51.00"
"2026-03-04";"MEG-Repair";"MEG-MSPI-Owned";"661-30401";"Display, iPhone 14 Pro Max";"1";"G9P5233NF6F14YDAK";"";"0.00"
"2026-03-04";"VER_Repair";"VER_MSPI-Owned";"661-30397";"Battery, iPhone 14 Pro Max";"1";"F8Y5467C6LY20J9BP";"";"99.00"
"2026-03-05";"POD_MSPI-Owned";"MEG-MSPI-Owned";"661-21991";"Battery, iPhone 13";"1";"F8Y5455C6RH18FKBN";"";"0.00"
"2026-03-26";"POD_Repair";"POD_MSPI-Owned";"661-22309";"Display, iPhone 13 Pro Max";"1";"G9P5134M1DMPQCLAA";"";"0.00"
"2026-03-05";"GL5_Repair";"GL5_MSPI-Owned";"661-21991";"Battery, iPhone 13";"1";"F8Y5421C3FN18FKBV";"";"0.00"
"2026-03-08";"NES_MSPI-Owned";"DC_MSPI-Owned";"923-06643";"Taptic Engine, iPhone 13 Pro Max";"1";"GH713244HF907478F";"";"None"
"2026-03-08";"NES_MSPI-Owned";"DC_MSPI-Owned";"923-06258";"Taptic Engine, iPhone 13 Pro";"1";"GH71343352T07428H";"";"None"
"2026-03-08";"NES_MSPI-Owned";"DC_MSPI-Owned";"923-06682";"Taptic Engine, iPhone 13 mini";"1";"GH913232CJK08098F";"";"None"
"2026-03-08";"NES_MSPI-Owned";"DC_MSPI-Owned";"923-06237";"Taptic Engine, iPhone 13";"1";"GH91294350B033C8K";"";"None"
"2026-03-08";"NES_MSPI-Owned";"DC_MSPI-Owned";"923-05104";"Speaker, iPhone 12 Pro Max";"1";"DTV0363282DNR6N5E";"";"None"
"2026-03-08";"NES_MSPI-Owned";"DC_MSPI-Owned";"923-05011";"Speaker, iPhone 12 mini";"1";"DXY04023HE8NR5T56";"";"None"
"2026-03-08";"NES_MSPI-Owned";"DC_MSPI-Owned";"661-22293";"Camera, iPhone 13 Pro and 13 Pro Max";"1";"DN82102MXKAQ1NMAV";"";"None"
"2026-03-08";"NES_MSPI-Owned";"DC_MSPI-Owned";"661-21992";"Camera, iPhone 13 and 13 mini";"1";"GCF1353DU3RQ59TBJ";"";"None"
"2026-03-08";"NES_MSPI-Owned";"DC_MSPI-Owned";"661-22309";"Display, iPhone 13 Pro Max";"1";"G9P5352MB6NPQCLAE";"";"None"
"2026-03-08";"NES_MSPI-Owned";"DC_MSPI-Owned";"661-18503";"Display, iPhone 12";"1";"GVH3157166TLQHMAG";"";"None"
"2026-03-08";"NES_MSPI-Owned";"DC_MSPI-Owned";"661-17939";"Battery, iPhone 12 mini";"1";"F8Y429204CH02JNBQ";"";"None"
"2026-03-08";"NES_MSPI-Owned";"DC_MSPI-Owned";"661-18428";"Battery, iPhone 12 Pro Max";"1";"F8Y5223C0YFQ4C2BH";"";"None"
"2026-03-08";"NES_MSPI-Owned";"DC_MSPI-Owned";"661-18428";"Battery, iPhone 12 Pro Max";"1";"F8Y5501C2MUQ4C2B6";"";"None"
"2026-03-08";"NES_MSPI-Owned";"DC_MSPI-Owned";"923-06682";"Taptic Engine, iPhone 13 mini";"1";"GH9132122C808098N";"";"67.00"
"2026-03-08";"NES_MSPI-Owned";"DC_MSPI-Owned";"923-05011";"Speaker, iPhone 12 mini";"1";"DXY04014AJGNR5T5R";"";"67.00"
"2026-03-08";"NES_MSPI-Owned";"DC_MSPI-Owned";"923-04915";"Speaker, iPhone 12 and 12 Pro";"1";"DTV037749L4NR6D5Y";"";"67.00"
"2026-03-08";"NES_MSPI-Owned";"DC_MSPI-Owned";"661-22293";"Camera, iPhone 13 Pro and 13 Pro Max";"1";"DN84047AKLUQ1NMDN";"";"199.00"
"2026-03-08";"NES_MSPI-Owned";"DC_MSPI-Owned";"661-17921";"Camera, iPhone 12";"1";"F6D23850ABDMFGR50";"";"169.00"
"2026-03-08";"NES_MSPI-Owned";"DC_MSPI-Owned";"923-06648";"Bottom Speaker, iPhone 13 Pro Max";"1";"CTH1381207E080T3C";"";"67.00"
"2026-03-08";"NES_MSPI-Owned";"DC_MSPI-Owned";"923-06256";"Bottom Speaker, iPhone 13 Pro";"1";"CTH1363B59M080D5D";"";"67.00"
"2026-03-08";"NES_MSPI-Owned";"DC_MSPI-Owned";"923-06692";"Bottom Speaker, iPhone 13 mini";"1";"DTV131712YF07YR4D";"";"67.00"
"2026-03-08";"NES_MSPI-Owned";"DC_MSPI-Owned";"923-06235";"Bottom Speaker, iPhone 13";"1";"DTV13174AK408036M";"";"67.00"
"2026-03-08";"NES_MSPI-Owned";"DC_MSPI-Owned";"661-17921";"Camera, iPhone 12";"1";"DNL0521092JMFGR25";"";"None"
"2026-03-08";"NES_MSPI-Owned";"DC_MSPI-Owned";"923-06648";"Bottom Speaker, iPhone 13 Pro Max";"1";"CTH13812BJF080T31";"";"None"
"2026-03-08";"NES_MSPI-Owned";"DC_MSPI-Owned";"923-06256";"Bottom Speaker, iPhone 13 Pro";"1";"CTH1363B4UM080D5R";"";"None"
"2026-03-08";"NES_MSPI-Owned";"DC_MSPI-Owned";"923-06258";"Taptic Engine, iPhone 13 Pro";"1";"GH713425AW307428F";"";"None"
"2026-03-08";"NES_MSPI-Owned";"DC_MSPI-Owned";"923-06692";"Bottom Speaker, iPhone 13 mini";"1";"DTV131715WG07YR4F";"";"None"
"2026-03-08";"NES_MSPI-Owned";"DC_MSPI-Owned";"923-06235";"Bottom Speaker, iPhone 13";"1";"DTV12834AAJ08035M";"";"None"
"2026-03-08";"NES_MSPI-Owned";"DC_MSPI-Owned";"661-22309";"Display, iPhone 13 Pro Max";"1";"G9P5352MGMNPQCLAY";"";"None"
"2026-03-08";"NES_MSPI-Owned";"DC_MSPI-Owned";"661-17939";"Battery, iPhone 12 mini";"1";"F8Y32870JHR02JNAR";"";"None"
"2026-03-08";"NES_MSPI-Owned";"DC_MSPI-Owned";"661-17940";"Display, iPhone 12 mini";"1";"G9Q0401LGDMLQHJAH";"";"None"
"2026-03-08";"NES_MSPI-Owned";"DC_MSPI-Owned";"923-06237";"Taptic Engine, iPhone 13";"1";"GH912943BQP033C8X";"";"None"
"2026-03-08";"NES_MSPI-Owned";"DC_MSPI-Owned";"923-06643";"Taptic Engine, iPhone 13 Pro Max";"1";"GH7132461MC074784";"";"None"
"2026-03-08";"NES_MSPI-Owned";"DC_MSPI-Owned";"923-04915";"Speaker, iPhone 12 and 12 Pro";"1";"DTV037746FLNR6D50";"";"None"
"2026-03-08";"NES_MSPI-Owned";"DC_MSPI-Owned";"923-05104";"Speaker, iPhone 12 Pro Max";"1";"DTV036423ZXNR6N59";"";"None"
"2026-03-08";"NES_MSPI-Owned";"DC_MSPI-Owned";"661-17922";"Camera, iPhone 12 Pro";"1";"GCF1336EAK0MFGVBP";"";"None"
"2026-03-08";"NES_MSPI-Owned";"DC_MSPI-Owned";"661-18466";"Display, iPhone 12 Pro Max";"1";"G9Q4096A05AMRY1AS";"";"None"
"2026-03-08";"NES_MSPI-Owned";"DC_MSPI-Owned";"661-21988";"Display, iPhone 13";"1";"GVH5162055DPR5PAP";"";"None"
"2026-03-08";"NES_MSPI-Owned";"DC_MSPI-Owned";"661-21993";"Display, iPhone 13 Pro";"1";"G9P5265LNPTPQCKAE";"";"None"
"2026-03-08";"NES_MSPI-Owned";"DC_MSPI-Owned";"661-17922";"Camera, iPhone 12 Pro";"1";"GCF222529L7MFGVAM";"";"None"
"2026-03-08";"NES_MSPI-Owned";"DC_MSPI-Owned";"661-21992";"Camera, iPhone 13 and 13 mini";"1";"GCF1374KA55Q59TBR";"";"None"
"2026-03-09";"DC_MSPI-Owned";"VER_MSPI-Owned";"923-06643";"Taptic Engine, iPhone 13 Pro Max";"1";"GH713244HF907478F";"";"67.00"
"2026-03-09";"DC_MSPI-Owned";"VER_MSPI-Owned";"923-06258";"Taptic Engine, iPhone 13 Pro";"1";"GH71343352T07428H";"";"67.00"
"2026-03-09";"DC_MSPI-Owned";"VER_MSPI-Owned";"923-06682";"Taptic Engine, iPhone 13 mini";"1";"GH913232CJK08098F";"";"67.00"
"2026-03-09";"DC_MSPI-Owned";"VER_MSPI-Owned";"923-06237";"Taptic Engine, iPhone 13";"1";"GH91294350B033C8K";"";"67.00"
"2026-03-09";"DC_MSPI-Owned";"VER_MSPI-Owned";"923-05104";"Speaker, iPhone 12 Pro Max";"1";"DTV0363282DNR6N5E";"";"67.00"
"2026-03-09";"DC_MSPI-Owned";"VER_MSPI-Owned";"923-05011";"Speaker, iPhone 12 mini";"1";"DXY04023HE8NR5T56";"";"67.00"
"2026-03-09";"DC_MSPI-Owned";"VER_MSPI-Owned";"661-22293";"Camera, iPhone 13 Pro and 13 Pro Max";"1";"DN82102MXKAQ1NMAV";"";"199.00"
"2026-03-09";"DC_MSPI-Owned";"VER_MSPI-Owned";"661-21992";"Camera, iPhone 13 and 13 mini";"1";"GCF1353DU3RQ59TBJ";"";"169.00"
"2026-03-09";"DC_MSPI-Owned";"VER_MSPI-Owned";"661-22309";"Display, iPhone 13 Pro Max";"1";"G9P5352MB6NPQCLAE";"";"0.00"
"2026-03-09";"DC_MSPI-Owned";"VER_MSPI-Owned";"661-18503";"Display, iPhone 12";"1";"GVH3157166TLQHMAG";"";"279.00"
"2026-03-09";"DC_MSPI-Owned";"VER_MSPI-Owned";"661-17939";"Battery, iPhone 12 mini";"1";"F8Y429204CH02JNBQ";"";"89.00"
"2026-03-09";"DC_MSPI-Owned";"VER_MSPI-Owned";"661-18428";"Battery, iPhone 12 Pro Max";"1";"F8Y5223C0YFQ4C2BH";"";"89.00"
"2026-03-09";"DC_MSPI-Owned";"VER_MSPI-Owned";"661-18428";"Battery, iPhone 12 Pro Max";"1";"F8Y5501C2MUQ4C2B6";"";"46.00"
"2026-03-09";"DC_MSPI-Owned";"SMS_MSPI-Owned";"661-17921";"Camera, iPhone 12";"1";"DNL0521092JMFGR25";"";"169.00"
"2026-03-09";"DC_MSPI-Owned";"SMS_MSPI-Owned";"923-06648";"Bottom Speaker, iPhone 13 Pro Max";"1";"CTH13812BJF080T31";"";"67.00"
"2026-03-09";"DC_MSPI-Owned";"SMS_MSPI-Owned";"923-06256";"Bottom Speaker, iPhone 13 Pro";"1";"CTH1363B4UM080D5R";"";"67.00"
"2026-03-09";"DC_MSPI-Owned";"SMS_MSPI-Owned";"923-06258";"Taptic Engine, iPhone 13 Pro";"1";"GH713425AW307428F";"";"67.00"
"2026-03-09";"DC_MSPI-Owned";"SMS_MSPI-Owned";"923-06692";"Bottom Speaker, iPhone 13 mini";"1";"DTV131715WG07YR4F";"";"67.00"
"2026-03-09";"DC_MSPI-Owned";"SMS_MSPI-Owned";"923-06235";"Bottom Speaker, iPhone 13";"1";"DTV12834AAJ08035M";"";"0.00"
"2026-03-09";"DC_MSPI-Owned";"SMS_MSPI-Owned";"661-22309";"Display, iPhone 13 Pro Max";"1";"G9P5352MGMNPQCLAY";"";"0.00"
"2026-03-09";"DC_MSPI-Owned";"SMS_MSPI-Owned";"661-17939";"Battery, iPhone 12 mini";"1";"F8Y32870JHR02JNAR";"";"None"
"2026-03-09";"DC_MSPI-Owned";"MEG-MSPI-Owned";"661-18466";"Display, iPhone 12 Pro Max";"1";"G9Q4096A05AMRY1AS";"";"329.00"
"2026-03-09";"DC_MSPI-Owned";"MEG-MSPI-Owned";"661-21988";"Display, iPhone 13";"1";"GVH5162055DPR5PAP";"";"279.00"
"2026-03-09";"DC_MSPI-Owned";"MEG-MSPI-Owned";"661-21993";"Display, iPhone 13 Pro";"1";"G9P5265LNPTPQCKAE";"";"279.00"
"2026-03-09";"DC_MSPI-Owned";"MEG-MSPI-Owned";"661-17922";"Camera, iPhone 12 Pro";"1";"GCF222529L7MFGVAM";"";"199.00"
"2026-03-09";"DC_MSPI-Owned";"MEG-MSPI-Owned";"661-21992";"Camera, iPhone 13 and 13 mini";"1";"GCF1374KA55Q59TBR";"";"169.00"
"2026-03-09";"DC_MSPI-Owned";"GL5_MSPI-Owned";"661-17940";"Display, iPhone 12 mini";"1";"G9Q0401LGDMLQHJAH";"";"229.00"
"2026-03-09";"DC_MSPI-Owned";"GL5_MSPI-Owned";"923-06237";"Taptic Engine, iPhone 13";"1";"GH912943BQP033C8X";"";"67.00"
"2026-03-09";"DC_MSPI-Owned";"GL5_MSPI-Owned";"923-06643";"Taptic Engine, iPhone 13 Pro Max";"1";"GH7132461MC074784";"";"67.00"
"2026-03-09";"DC_MSPI-Owned";"GL5_MSPI-Owned";"923-04915";"Speaker, iPhone 12 and 12 Pro";"1";"DTV037746FLNR6D50";"";"67.00"
"2026-03-09";"DC_MSPI-Owned";"GL5_MSPI-Owned";"923-05104";"Speaker, iPhone 12 Pro Max";"1";"DTV036423ZXNR6N59";"";"67.00"
"2026-03-09";"DC_MSPI-Owned";"GL5_MSPI-Owned";"661-17922";"Camera, iPhone 12 Pro";"1";"GCF1336EAK0MFGVBP";"";"199.00"
"2026-03-09";"VER_Repair";"VER_MSPI-Owned";"661-22294";"Battery, iPhone 13 Pro Max";"1";"F8Y5455C5RK13XCBK";"";"46.00"
"2026-03-09";"GB3-MSPI-Owned";"GL5_MSPI-Owned";"661-30401";"Display, iPhone 14 Pro Max";"1";"G9P5207N05514YDAJ";"";"379.00"
"2026-03-10";"VER_Repair";"VER_MSPI-Owned";"661-35694";"Battery, iPhone 15 Pro";"1";"F8YHN4C0WF200006TP";"";"99.00"
"2026-03-16";"ANX-Repair";"ANX-MSPI-Owned";"661-21991";"Battery, iPhone 13";"1";"F8Y6053CK1H18FKBG";"";"0.00"
"2026-03-17";"VER_Repair";"VER_MSPI-Owned";"661-37207";"Battery, iPhone 15 Plus";"1";"F8YHNVC037Q00006U0";"";"99.00"
"2026-03-21";"GB3-MSPI-Owned";"GL5_MSPI-Owned";"661-30373";"Battery, iPhone 14";"1";"F8Y5513CBGN231LBT";"";"99.00"
"2026-03-18";"GL5_MSPI-Owned";"BHS_MSPI-Owned";"661-36918";"Battery, iPhone 15 Pro Max";"1";"FG9HNR0070100006TT";"";"99.00"
"2026-03-18";"GL5_MSPI-Owned";"BHS_MSPI-Owned";"661-22294";"Battery, iPhone 13 Pro Max";"1";"F8Y5455C0EM13XCBM";"";"89.00"
"2026-03-18";"GL5_MSPI-Owned";"BHS_MSPI-Owned";"661-21991";"Battery, iPhone 13";"1";"F8Y5421C3DR18FKBY";"";"46.00"
"2026-03-18";"GL5_Repair";"GL5_MSPI-Owned";"661-30397";"Battery, iPhone 14 Pro Max";"1";"F8Y5527C94K20J9BQ";"";"51.00"
"2026-03-19";"VER_MSPI-Owned";"VER_Finished Goods";"MLPG3ZP/A";"iPhone 13 128GB Starlight";"1";"MPXVGVPDFW";"";"28490.50"
"2026-03-19";"VER_Repair";"VER_MSPI-Owned";"661-44954";"Battery, iPhone 16 Pro Max";"1";"F8YHLQH03NB0000UMJ";"";"119.00"
"2026-03-21";"DC_MSPI-Owned";"POD_MSPI-Owned";"661-56065";"Display, iPhone 17";"1";"GVCHP202L1K0000U6M";"";"329.00"
"2026-03-21";"DC_MSPI-Owned";"POD_MSPI-Owned";"661-44955";"Display, iPhone 16 Pro Max";"1";"G9PHKBS0PF800005DR";"";"379.00"
"2026-03-21";"DC_MSPI-Owned";"POD_MSPI-Owned";"661-56050";"Display, iPhone 17 Pro Max";"1";"GH3HPJ01AAF0000MUZ";"";"379.00"
"2026-03-21";"DC_MSPI-Owned";"POD_MSPI-Owned";"661-56125";"Display, iPhone 17 Pro";"1";"G9QHPJN7TQD0000L4B";"";"329.00"
"2026-03-21";"DC_MSPI-Owned";"POD_MSPI-Owned";"661-55240";"Display, iPhone Air";"1";"GVCHKL02GX20000HU9";"";"329.00"
"2026-03-21";"DC_MSPI-Owned";"VER_MSPI-Owned";"661-56125";"Display, iPhone 17 Pro";"1";"G9NHQ2H0Q2P0000L4B";"";"329.00"
"2026-03-21";"DC_MSPI-Owned";"VER_MSPI-Owned";"661-55240";"Display, iPhone Air";"1";"GVCHK8014HS0000HU9";"";"329.00"
"2026-03-21";"DC_MSPI-Owned";"VER_MSPI-Owned";"661-56065";"Display, iPhone 17";"1";"GVCHP70342H0000U6M";"";"329.00"
"2026-03-21";"DC_MSPI-Owned";"VER_MSPI-Owned";"661-44955";"Display, iPhone 16 Pro Max";"1";"G9PHJBS00E200005DR";"";"379.00"
"2026-03-21";"DC_MSPI-Owned";"VER_MSPI-Owned";"661-42726";"Display, iPhone 16 Pro";"1";"G9PHKXT1PEK00005DP";"";"329.00"
"2026-03-21";"DC_MSPI-Owned";"VER_MSPI-Owned";"661-56050";"Display, iPhone 17 Pro Max";"1";"GH3HQ100NNX0000MUZ";"";"379.00"
"2026-03-21";"DC_MSPI-Owned";"MRK-MSPI-Owned";"661-42726";"Display, iPhone 16 Pro";"1";"G9PHKZF2XPP00005DP";"";"329.00"
"2026-03-21";"DC_MSPI-Owned";"MRK-MSPI-Owned";"661-44955";"Display, iPhone 16 Pro Max";"1";"G9PHJHK05V200005DR";"";"379.00"
"2026-03-21";"DC_MSPI-Owned";"MRK-MSPI-Owned";"661-56125";"Display, iPhone 17 Pro";"1";"G9NHPZJ33BR0000L4B";"";"329.00"
"2026-03-21";"DC_MSPI-Owned";"MRK-MSPI-Owned";"661-56050";"Display, iPhone 17 Pro Max";"1";"GH3HPT01T4Y0000MUZ";"";"379.00"
"2026-03-21";"DC_MSPI-Owned";"MRK-MSPI-Owned";"661-55240";"Display, iPhone Air";"1";"GVCHKL02JY30000HU9";"";"329.00"
"2026-03-21";"DC_MSPI-Owned";"MRK-MSPI-Owned";"661-56065";"Display, iPhone 17";"1";"GVCHP000VDT0000U6M";"";"329.00"
"2026-03-21";"DC_MSPI-Owned";"ANX-MSPI-Owned";"661-44955";"Display, iPhone 16 Pro Max";"1";"G9PHJ2S08Y700005DR";"";"379.00"
"2026-03-21";"DC_MSPI-Owned";"ANX-MSPI-Owned";"661-42726";"Display, iPhone 16 Pro";"1";"G9PHK4F1XR400005DP";"";"329.00"
"2026-03-21";"DC_MSPI-Owned";"ANX-MSPI-Owned";"661-56065";"Display, iPhone 17";"1";"GVCHP4006440000U6M";"";"329.00"
"2026-03-21";"DC_MSPI-Owned";"ANX-MSPI-Owned";"661-55240";"Display, iPhone Air";"1";"GVCHK403DB50000HU9";"";"329.00"
"2026-03-21";"DC_MSPI-Owned";"ANX-MSPI-Owned";"661-56050";"Display, iPhone 17 Pro Max";"1";"GVCHPY02YUE0000MUZ";"";"379.00"
"2026-03-21";"DC_MSPI-Owned";"ANX-MSPI-Owned";"661-56125";"Display, iPhone 17 Pro";"1";"G9QHPYP2Z190000L4B";"";"329.00"
"2026-03-20";"MEG-MSPI-Owned";"MEG-Repair";"661-21996";"Battery, iPhone 13 Pro";"1";"F8Y5502C2SN13RHC9";"";"89.00"
"2026-03-20";"DC_MSPI-Owned";"NES_MSPI-Owned";"661-44955";"Display, iPhone 16 Pro Max";"1";"G9PHJVS1WQT00005DR";"";"379.00"
"2026-03-20";"DC_MSPI-Owned";"NES_MSPI-Owned";"661-42726";"Display, iPhone 16 Pro";"1";"G9PHKXT2PL100005DP";"";"329.00"
"2026-03-20";"DC_MSPI-Owned";"NES_MSPI-Owned";"661-56065";"Display, iPhone 17";"1";"GVCHP301BSX0000U6M";"";"329.00"
"2026-03-20";"DC_MSPI-Owned";"NES_MSPI-Owned";"661-55240";"Display, iPhone Air";"1";"GVCHKJ00MTB0000HU9";"";"329.00"
"2026-03-20";"DC_MSPI-Owned";"NES_MSPI-Owned";"661-56125";"Display, iPhone 17 Pro";"1";"G9PHQ1Y0WX10000L4B";"";"329.00"
"2026-03-20";"DC_MSPI-Owned";"NES_MSPI-Owned";"661-56050";"Display, iPhone 17 Pro Max";"1";"GH3HPV00WZY0000MUZ";"";"379.00"
"2026-03-21";"DC_MSPI-Owned";"TRI-MSPI-Owned";"661-42726";"Display, iPhone 16 Pro";"1";"G9PHKGF1JN400005DP";"";"329.00"
"2026-03-21";"DC_MSPI-Owned";"TRI-MSPI-Owned";"661-44955";"Display, iPhone 16 Pro Max";"1";"G9PHJGS06B000005DR";"";"379.00"
"2026-03-21";"DC_MSPI-Owned";"TRI-MSPI-Owned";"661-55240";"Display, iPhone Air";"1";"GVCHKL01FT70000HU9";"";"329.00"
"2026-03-21";"DC_MSPI-Owned";"TRI-MSPI-Owned";"661-56065";"Display, iPhone 17";"1";"GVCHP203BDG0000U6M";"";"321.00"
"2026-03-21";"DC_MSPI-Owned";"TRI-MSPI-Owned";"661-56050";"Display, iPhone 17 Pro Max";"1";"GH3HPD006UK0000MUZ";"";"379.00"
"2026-03-21";"DC_MSPI-Owned";"TRI-MSPI-Owned";"661-56125";"Display, iPhone 17 Pro";"1";"G9NHPMJ1BA10000L4B";"";"329.00"
"2026-03-21";"DC_MSPI-Owned";"MAG-MSPI-Owned";"661-55240";"Display, iPhone Air";"1";"GVCHKF02TZ30000HU9";"";"329.00"
"2026-03-21";"DC_MSPI-Owned";"MAG-MSPI-Owned";"661-56065";"Display, iPhone 17";"1";"GVCHNV02T2R0000U6M";"";"329.00"
"2026-03-21";"DC_MSPI-Owned";"MAG-MSPI-Owned";"661-56125";"Display, iPhone 17 Pro";"1";"G9QHPVP4XQU0000L4B";"";"329.00"
"2026-03-21";"DC_MSPI-Owned";"MAG-MSPI-Owned";"661-56050";"Display, iPhone 17 Pro Max";"1";"GH3HPB01WXE0000MUZ";"";"379.00"
"2026-03-21";"DC_MSPI-Owned";"MAG-MSPI-Owned";"661-44955";"Display, iPhone 16 Pro Max";"1";"G9PHJHS0E3D00005DR";"";"379.00"
"2026-03-21";"DC_MSPI-Owned";"MAG-MSPI-Owned";"661-42726";"Display, iPhone 16 Pro";"1";"G9PHLHT1QLP00005DP";"";"329.00"
"2026-03-21";"DC_MSPI-Owned";"PPM-MSPI-Owned";"661-44955";"Display, iPhone 16 Pro Max";"1";"G9PHHXU0WDZ00005DR";"";"379.00"
"2026-03-21";"DC_MSPI-Owned";"PPM-MSPI-Owned";"661-42726";"Display, iPhone 16 Pro";"1";"G9PHKVT0Z0W00005DP";"";"329.00"
"2026-03-21";"DC_MSPI-Owned";"PPM-MSPI-Owned";"661-56125";"Display, iPhone 17 Pro";"1";"G9NHQ0J0NWD0000L4B";"";"329.00"
"2026-03-21";"DC_MSPI-Owned";"PPM-MSPI-Owned";"661-56050";"Display, iPhone 17 Pro Max";"1";"GVCHPY01W570000MUZ";"";"379.00"
"2026-03-21";"DC_MSPI-Owned";"PPM-MSPI-Owned";"661-55240";"Display, iPhone Air";"1";"GVCHKQ009F90000HU9";"";"329.00"
"2026-03-21";"DC_MSPI-Owned";"PPM-MSPI-Owned";"661-56065";"Display, iPhone 17";"1";"GVCHNR02PNZ0000U6M";"";"329.00"
"2026-03-21";"DC_MSPI-Owned";"GB3-MSPI-Owned";"661-44955";"Display, iPhone 16 Pro Max";"1";"G9PHJGS0YNT00005DR";"";"379.00"
"2026-03-21";"DC_MSPI-Owned";"GB3-MSPI-Owned";"661-42726";"Display, iPhone 16 Pro";"1";"G9PHHTG0LU700005DP";"";"329.00"
"2026-03-21";"DC_MSPI-Owned";"GB3-MSPI-Owned";"661-56125";"Display, iPhone 17 Pro";"1";"G9NHPLJ5SJA0000L4B";"";"329.00"
"2026-03-21";"DC_MSPI-Owned";"GB3-MSPI-Owned";"661-56050";"Display, iPhone 17 Pro Max";"1";"GH3HPS01W1F0000MUZ";"";"379.00"
"2026-03-21";"DC_MSPI-Owned";"GB3-MSPI-Owned";"661-55240";"Display, iPhone Air";"1";"GVCHK6000D70000HU9";"";"329.00"
"2026-03-21";"DC_MSPI-Owned";"GB3-MSPI-Owned";"661-56065";"Display, iPhone 17";"1";"GVCHP10014M0000U6M";"";"329.00"
"2026-03-21";"DC_MSPI-Owned";"BHS_MSPI-Owned";"661-42726";"Display, iPhone 16 Pro";"1";"G9PHL8T27E700005DP";"";"None"
"2026-03-21";"DC_MSPI-Owned";"BHS_MSPI-Owned";"661-44955";"Display, iPhone 16 Pro Max";"1";"G9PHJHS07E900005DR";"";"379.00"
"2026-03-21";"DC_MSPI-Owned";"BHS_MSPI-Owned";"661-56125";"Display, iPhone 17 Pro";"1";"G9NHPLR3P0R0000L4B";"";"329.00"
"2026-03-21";"DC_MSPI-Owned";"BHS_MSPI-Owned";"661-56050";"Display, iPhone 17 Pro Max";"1";"GH3HPX017NL0000MUZ";"";"379.00"
"2026-03-21";"DC_MSPI-Owned";"BHS_MSPI-Owned";"661-55240";"Display, iPhone Air";"1";"GVCHKB00NUS0000HU9";"";"329.00"
"2026-03-21";"DC_MSPI-Owned";"BHS_MSPI-Owned";"661-56065";"Display, iPhone 17";"1";"GVCHP101XCU0000U6M";"";"329.00"
"2026-03-21";"DC_MSPI-Owned";"MEG-MSPI-Owned";"661-42726";"Display, iPhone 16 Pro";"1";"G9PHKGG0ZR900005DP";"";"329.00"
"2026-03-21";"DC_MSPI-Owned";"MEG-MSPI-Owned";"661-44955";"Display, iPhone 16 Pro Max";"1";"G9PHJFS0VSX00005DR";"";"None"
"2026-03-21";"DC_MSPI-Owned";"MEG-MSPI-Owned";"661-56050";"Display, iPhone 17 Pro Max";"1";"GVCHQ3029YU0000MUZ";"";"None"
"2026-03-21";"DC_MSPI-Owned";"MEG-MSPI-Owned";"661-56125";"Display, iPhone 17 Pro";"1";"G9NHPXR50FK0000L4B";"";"329.00"
"2026-03-21";"DC_MSPI-Owned";"MEG-MSPI-Owned";"661-55240";"Display, iPhone Air";"1";"GVCHKK006GE0000HU9";"";"329.00"
"2026-03-21";"DC_MSPI-Owned";"MEG-MSPI-Owned";"661-56065";"Display, iPhone 17";"1";"GVCHP303EAD0000U6M";"";"329.00"
"2026-03-21";"DC_MSPI-Owned";"MOA-MSPI-Owned";"661-42726";"Display, iPhone 16 Pro";"1";"G9PHL8T25YM00005DP";"";"329.00"
"2026-03-21";"DC_MSPI-Owned";"MOA-MSPI-Owned";"661-44955";"Display, iPhone 16 Pro Max";"1";"G9PHJ1U0SGE00005DR";"";"379.00"
"2026-03-21";"DC_MSPI-Owned";"MOA-MSPI-Owned";"661-55240";"Display, iPhone Air";"1";"GVCHKF03FKP0000HU9";"";"329.00"
"2026-03-21";"DC_MSPI-Owned";"MOA-MSPI-Owned";"661-56065";"Display, iPhone 17";"1";"GVCHNP0006J0000U6M";"";"329.00"
"2026-03-21";"DC_MSPI-Owned";"MOA-MSPI-Owned";"661-56125";"Display, iPhone 17 Pro";"1";"G9NHQ3J0RM40000L4B";"";"329.00"
"2026-03-21";"DC_MSPI-Owned";"MOA-MSPI-Owned";"661-56050";"Display, iPhone 17 Pro Max";"1";"GH3HPP01EY90000MUZ";"";"379.00"
"2026-03-20";"MEG-Repair";"MEG-MSPI-Owned";"661-30397";"Battery, iPhone 14 Pro Max";"1";"F8Y5527C5AJ20J9BB";"";"None"
"2026-03-23";"DC_MSPI-Owned";"SMS_MSPI-Owned";"661-44955";"Display, iPhone 16 Pro Max";"1";"G9PHHWS179M00005DR";"";"379.00"
"2026-03-23";"DC_MSPI-Owned";"SMS_MSPI-Owned";"661-42726";"Display, iPhone 16 Pro";"1";"G9PHKZF0N0P00005DP";"";"329.00"
"2026-03-23";"DC_MSPI-Owned";"SMS_MSPI-Owned";"661-55240";"Display, iPhone Air";"1";"GVCHKJ01U0Q0000HU9";"";"329.00"
"2026-03-23";"DC_MSPI-Owned";"SMS_MSPI-Owned";"661-56065";"Display, iPhone 17";"1";"GVCHNH018S40000U6M";"";"329.00"
"2026-03-23";"DC_MSPI-Owned";"SMS_MSPI-Owned";"661-56050";"Display, iPhone 17 Pro Max";"1";"GH3HPQ00D990000MUZ";"";"379.00"
"2026-03-23";"DC_MSPI-Owned";"SMS_MSPI-Owned";"661-56125";"Display, iPhone 17 Pro";"1";"G9QHQ2M0PT10000L4B";"";"329.00"
"2026-03-22";"DC_MSPI-Owned";"FES-MSPI-Owned";"661-56125";"Display, iPhone 17 Pro";"1";"G9QHPZN12HZ0000L4B";"";"329.00"
"2026-03-22";"DC_MSPI-Owned";"FES-MSPI-Owned";"661-56050";"Display, iPhone 17 Pro Max";"1";"GVCHPX02DSU0000MUZ";"";"None"
"2026-03-22";"DC_MSPI-Owned";"FES-MSPI-Owned";"661-56065";"Display, iPhone 17";"1";"GVCHNR02F9J0000U6M";"";"329.00"
"2026-03-22";"DC_MSPI-Owned";"FES-MSPI-Owned";"661-55240";"Display, iPhone Air";"1";"GVCHKL03C8Q0000HU9";"";"329.00"
"2026-03-22";"DC_MSPI-Owned";"FES-MSPI-Owned";"661-44955";"Display, iPhone 16 Pro Max";"1";"G9PHJ7K00WZ00005DR";"";"None"
"2026-03-22";"DC_MSPI-Owned";"FES-MSPI-Owned";"661-42726";"Display, iPhone 16 Pro";"1";"G9PHLCT27KJ00005DP";"";"329.00"
"2026-03-21";"GL5_MSPI-Owned";"GL5_Repair";"661-30382";"Battery, iPhone 14 Pro";"1";"F8Y5493C2D7217WBB";"";"99.00"
"2026-03-21";"DC_MSPI-Owned";"GL5_MSPI-Owned";"661-56065";"Display, iPhone 17";"1";"GVCHP3036TN0000U6M";"";"329.00"
"2026-03-21";"DC_MSPI-Owned";"GL5_MSPI-Owned";"661-55240";"Display, iPhone Air";"1";"GVCHKS050XY0000HU9";"";"329.00"
"2026-03-21";"DC_MSPI-Owned";"GL5_MSPI-Owned";"661-56050";"Display, iPhone 17 Pro Max";"1";"GH3HPY00KQV0000MUZ";"";"189.50"
"2026-03-21";"DC_MSPI-Owned";"GL5_MSPI-Owned";"661-56125";"Display, iPhone 17 Pro";"1";"G9QHPXN4DS50000L4B";"";"329.00"
"2026-03-21";"DC_MSPI-Owned";"GL5_MSPI-Owned";"661-44955";"Display, iPhone 16 Pro Max";"1";"G9PHJWS1MGG00005DR";"";"379.00"
"2026-03-21";"DC_MSPI-Owned";"GL5_MSPI-Owned";"661-42726";"Display, iPhone 16 Pro";"1";"G9PHKTT2XPT00005DP";"";"329.00"
"2026-03-22";"ILO-Repair";"ILO-MSPI-Owned";"661-13574";"Battery, iPhone 11";"1";"F8Y5406C7HAM6YNDG";"";"46.00"
"2026-03-26";"MEG-MSPI-Owned";"MEG-Repair";"661-21991";"Battery, iPhone 13";"1";"F8Y6056C0J118FKBX";"";"89.00"
"2026-03-26";"GB3-MSPI-Owned";"GL5_MSPI-Owned";"661-30394";"Battery, iPhone 14 Plus";"1";"F8Y5457C6L6237KB4";"";"None"
"2026-03-26";"GL5_MSPI-Owned";"GL5_Repair";"661-30394";"Battery, iPhone 14 Plus";"1";"F8Y5457C6L6237KB4";"";"99.00"
"2026-03-26";"MEG-MSPI-Owned";"MEG-Repair";"661-30397";"Battery, iPhone 14 Pro Max";"1";"F8Y5527C5AJ20J9BB";"";"0.00"
"2026-03-28";"DC_MSPI-Owned";"POD_MSPI-Owned";"661-42843";"Display, iPhone 16 Plus";"1";"G9NHHHL17CP00004Y9";"";"329.00"
"2026-03-27";"DC_MSPI-Owned";"GL5_MSPI-Owned";"661-42843";"Display, iPhone 16 Plus";"1";"G9QHMQT0Q7G00004Y9";"";"329.00"
"2026-03-28";"VER_MSPI-Owned";"MAG-MSPI-Owned";"661-21991";"Battery, iPhone 13";"1";"F8Y6054CABU18FKBH";"";"46.00"
"2026-03-28";"GL5_MSPI-Owned";"GL5_Repair";"661-21991";"Battery, iPhone 13";"1";"F8Y5514C8KY18FKB1";"";"46.00"
"2026-03-30";"MEG-Repair";"MEG-MSPI-Owned";"661-30397";"Battery, iPhone 14 Pro Max";"1";"F8Y5527C5C820J9BF";"";"None"
"2026-03-30";"MEG-Repair";"MEG-MSPI-Owned";"661-21991";"Battery, iPhone 13";"1";"F8Y6056C9KF18FKB5";"";"None"
"2026-05-15";"POD_Repair";"POD_MSPI-Owned";"661-30382";"Battery, iPhone 14 Pro";"1";"F8Y6025C6BV217WBB";"";"51.00"
"2026-04-04";"MEG-MSPI-Owned";"MEG-Repair";"661-30397";"Battery, iPhone 14 Pro Max";"1";"F8Y6011C5D420J9BT";"";"0.00"
"2026-04-05";"MEG-MSPI-Owned";"MEG-Repair";"661-21991";"Battery, iPhone 13";"1";"F8Y6056C9KF18FKB5";"";"0.00"
"2026-04-06";"MAG-MSPI-Owned";"POD_MSPI-Owned";"661-30397";"Battery, iPhone 14 Pro Max";"1";"F8Y5527C5BY20J9BU";"";"99.00"
"2026-04-08";"MEG-MSPI-Owned";"MEG-Repair";"661-21991";"Battery, iPhone 13";"1";"F8Y6057CJG418FKBF";"";"46.00"
"2026-04-08";"CDO-Repair";"CDO-MSPI-Owned";"661-21988";"Display, iPhone 13";"1";"GVH51731ZRAPR5PAZ";"";"0.00"
"2026-04-08";"MEG-MSPI-Owned";"MEG-Repair";"661-30366";"Display, iPhone 14";"1";"G9Q5181EHFD1502A7";"";"0.00"
"2026-04-09";"NES_MSPI-Owned";"MAG-MSPI-Owned";"661-30397";"Battery, iPhone 14 Pro Max";"1";"F8Y6032C37C20J9BY";"";"51.00"
"2026-04-09";"DC_MSPI-Owned";"MEG-MSPI-Owned";"661-44797";"Display, iPhone 16";"1";"G9QHQ4D085000004Y7";"";"279.00"
"2026-04-09";"DC_MSPI-Owned";"MEG-MSPI-Owned";"661-42843";"Display, iPhone 16 Plus";"1";"G9QHNRT04KS00004Y9";"";"329.00"
"2026-04-09";"DC_MSPI-Owned";"ANX-MSPI-Owned";"661-42843";"Display, iPhone 16 Plus";"1";"G9QHNTT0B7100004Y9";"";"329.00"
"2026-04-09";"DC_MSPI-Owned";"ANX-MSPI-Owned";"661-44797";"Display, iPhone 16";"1";"G9QHQ6Y1RTA00004Y7";"";"279.00"
"2026-04-09";"DC_MSPI-Owned";"SMS_MSPI-Owned";"661-44797";"Display, iPhone 16";"1";"G9QHPZY0UQB00004Y7";"";"279.00"
"2026-04-09";"DC_MSPI-Owned";"SMS_MSPI-Owned";"661-44797";"Display, iPhone 16";"1";"G9QHPWY039P00004Y7";"";"279.00"
"2026-04-09";"DC_MSPI-Owned";"FES-MSPI-Owned";"661-44797";"Display, iPhone 16";"1";"G9QHQ5R1N4G00004Y7";"";"279.00"
"2026-04-09";"DC_MSPI-Owned";"FES-MSPI-Owned";"661-44797";"Display, iPhone 16";"1";"G9QHPQR0FYK00004Y7";"";"279.00"
"2026-04-09";"DC_MSPI-Owned";"BHS_MSPI-Owned";"661-42843";"Display, iPhone 16 Plus";"1";"G9QHNAT02W500004Y9";"";"329.00"
"2026-04-09";"DC_MSPI-Owned";"BHS_MSPI-Owned";"661-44797";"Display, iPhone 16";"1";"G9QHQ4D03P900004Y7";"";"279.00"
"2026-04-09";"DC_MSPI-Owned";"TRI-MSPI-Owned";"661-42843";"Display, iPhone 16 Plus";"1";"G9QHNRT04KG00004Y9";"";"329.00"
"2026-04-09";"DC_MSPI-Owned";"TRI-MSPI-Owned";"661-44797";"Display, iPhone 16";"1";"G9QHPXR0VJY00004Y7";"";"279.00"
"2026-04-09";"DC_MSPI-Owned";"MRK-MSPI-Owned";"661-44797";"Display, iPhone 16";"1";"G9QHPXR0NUK00004Y7";"";"279.00"
"2026-04-09";"DC_MSPI-Owned";"MRK-MSPI-Owned";"661-42843";"Display, iPhone 16 Plus";"1";"G9QHNXT046T00004Y9";"";"329.00"
"2026-04-09";"DC_MSPI-Owned";"POD_MSPI-Owned";"661-44797";"Display, iPhone 16";"1";"G9NHQ6218MN00004Y7";"";"279.00"
"2026-04-09";"DC_MSPI-Owned";"POD_MSPI-Owned";"661-42843";"Display, iPhone 16 Plus";"1";"G9QHNTT07L000004Y9";"";"329.00"
"2026-04-09";"DC_MSPI-Owned";"GL5_MSPI-Owned";"661-42843";"Display, iPhone 16 Plus";"1";"G9QHNYT0DPJ00004Y9";"";"329.00"
"2026-04-09";"DC_MSPI-Owned";"GL5_MSPI-Owned";"661-42843";"Display, iPhone 16 Plus";"1";"G9QHNZT0KJ000004Y9";"";"329.00"
"2026-04-09";"DC_MSPI-Owned";"GB3-MSPI-Owned";"661-44797";"Display, iPhone 16";"1";"G9QHQ2Y02UZ00004Y7";"";"279.00"
"2026-04-09";"DC_MSPI-Owned";"GB3-MSPI-Owned";"661-42843";"Display, iPhone 16 Plus";"1";"G9QHNWT05EJ00004Y9";"";"329.00"
"2026-04-09";"DC_MSPI-Owned";"VER_MSPI-Owned";"661-42843";"Display, iPhone 16 Plus";"1";"G9QHN9T03AG00004Y9";"";"329.00"
"2026-04-09";"DC_MSPI-Owned";"VER_MSPI-Owned";"661-44797";"Display, iPhone 16";"1";"G9QHQ3R1L7S00004Y7";"";"279.00"
"2026-04-09";"DC_MSPI-Owned";"MOA-MSPI-Owned";"661-42843";"Display, iPhone 16 Plus";"1";"G9QHNWT031G00004Y9";"";"329.00"
"2026-04-09";"DC_MSPI-Owned";"MOA-MSPI-Owned";"661-44797";"Display, iPhone 16";"1";"G9NHQ120PTX00004Y7";"";"279.00"
"2026-04-09";"DC_MSPI-Owned";"MAG-MSPI-Owned";"661-44797";"Display, iPhone 16";"1";"G9QHQ2R0V7Z00004Y7";"";"279.00"
"2026-04-09";"DC_MSPI-Owned";"MAG-MSPI-Owned";"661-42843";"Display, iPhone 16 Plus";"1";"G9QHNRT048W00004Y9";"";"329.00"
"2026-04-09";"GL5_Repair";"GL5_MSPI-Owned";"661-30394";"Battery, iPhone 14 Plus";"1";"F8Y5341C06X237KB3";"";"None"
"2026-04-09";"GL5_Repair";"GL5_MSPI-Owned";"661-30401";"Display, iPhone 14 Pro Max";"1";"G9P5372N5JB14YDAK";"";"0.00"
"2026-04-09";"GL5_MSPI-Owned";"GB3-MSPI-Owned";"661-30373";"Battery, iPhone 14";"1";"F8Y5384A4GS217XBP";"";"51.00"
"2026-04-09";"GL5_MSPI-Owned";"GB3-MSPI-Owned";"661-30394";"Battery, iPhone 14 Plus";"1";"F8Y5341C06X237KB3";"";"51.00"
"2026-04-09";"GL5_MSPI-Owned";"GB3-MSPI-Owned";"661-30401";"Display, iPhone 14 Pro Max";"1";"G9P5372N5JB14YDAK";"";"None"
"2026-04-10";"MEG-Repair";"MEG-MSPI-Owned";"661-21991";"Battery, iPhone 13";"1";"F8Y6053CSW018FKB7";"";"None"
"2026-04-10";"MEG-Repair";"MEG-MSPI-Owned";"661-30397";"Battery, iPhone 14 Pro Max";"1";"F8Y6026CBPX20J9BQ";"";"None"
"2026-04-10";"GB3-MSPI-Owned";"GL5_MSPI-Owned";"661-30373";"Battery, iPhone 14";"1";"F8Y5512C4MW231LBC";"";"99.00"
"2026-04-12";"MEG-Repair";"MEG-MSPI-Owned";"661-21996";"Battery, iPhone 13 Pro";"1";"F8Y6096C2MH13RHC0";"";"None"
"2026-04-12";"MEG-MSPI-Owned";"MEG_Finished Goods";"661-22309";"Display, iPhone 13 Pro Max";"1";"G9P4467MJK5PQCLAD";"";"None"
"2026-04-13";"GL5_Repair";"GL5_MSPI-Owned";"661-30382";"Battery, iPhone 14 Pro";"1";"F8Y6026C7AA217WBX";"";"51.00"
"2026-04-13";"MEG-Repair";"MEG-MSPI-Owned";"661-30366";"Display, iPhone 14";"1";"G9Q5177EGAG1502AH";"";"234.00"
"2026-04-13";"VER_Repair";"VER_MSPI-Owned";"661-36706";"Display, iPhone 15";"1";"G9Q6035UHF721KHAB";"";"0.00"
"2026-04-13";"VER_MSPI-Owned";"VER_Repair";"661-36706";"Display, iPhone 15";"1";"G9Q6035U9GN21KHA1";"";"0.00"
"2026-04-14";"VER_Repair";"VER_MSPI-Owned";"661-36918";"Battery, iPhone 15 Pro Max";"1";"FG9HP70023K00006TT";"";"51.00"
"2026-05-19";"POD_MSPI-Owned";"FES-MSPI-Owned";"661-21991";"Battery, iPhone 13";"1";"F8Y6057CCH518FKBH";"";"0.00"
"2026-04-19";"POD_MSPI-Owned";"TRI-MSPI-Owned";"661-35694";"Battery, iPhone 15 Pro";"1";"F8YHN3C068300006TP";"";"99.00"
"2026-05-18";"POD_MSPI-Owned";"SMS_MSPI-Owned";"661-30373";"Battery, iPhone 14";"1";"F8Y5512C06X231LBS";"";"99.00"
"2026-05-18";"FES-MSPI-Owned";"SMS_MSPI-Owned";"661-30382";"Battery, iPhone 14 Pro";"1";"F8Y5473C16L217WBS";"";"99.00"
"2026-05-18";"MRK-MSPI-Owned";"SMS_MSPI-Owned";"661-30397";"Battery, iPhone 14 Pro Max";"1";"F8Y5486C3YE20J9B3";"";"99.00"
"2026-05-02";"GB3-MSPI-Owned";"MOA-MSPI-Owned";"661-30382";"Battery, iPhone 14 Pro";"1";"F8Y5457C262217WBB";"";"None"
"2026-04-16";"MEG-MSPI-Owned";"MEG-Repair";"661-30397";"Battery, iPhone 14 Pro Max";"1";"F8Y6011C3Z520J9B2";"";"51.00"
"2026-04-19";"MEG-MSPI-Owned";"MEG-Repair";"661-30397";"Battery, iPhone 14 Pro Max";"1";"F8Y5527C5C820J9BF";"";"51.00"
"2026-04-21";"MEG-MSPI-Owned";"MEG-Repair";"661-22309";"Display, iPhone 13 Pro Max";"1";"G9P5185MEBKPQCLAP";"";"None"
"2026-04-21";"ANX-Repair";"ANX-MSPI-Owned";"661-22309";"Display, iPhone 13 Pro Max";"1";"G9P5025MBFWPQCLAN";"";"0.00"
"2026-04-21";"MEG-MSPI-Owned";"MEG-Repair";"661-30397";"Battery, iPhone 14 Pro Max";"1";"F8Y6026CBPX20J9BQ";"";"51.00"
"2026-04-22";"MEG-Repair";"MEG-MSPI-Owned";"661-30397";"Battery, iPhone 14 Pro Max";"1";"F8Y6032C3N620J9BT";"";"51.00"
"2026-04-22";"MEG-Repair";"MEG-MSPI-Owned";"661-22309";"Display, iPhone 13 Pro Max";"1";"G9P5185MEBKPQCLAP";"";"276.00"
"2026-05-11";"MRK-Repair";"MRK-MSPI-Owned";"661-21991";"Battery, iPhone 13";"1";"F8Y6062C47Y18FKBW";"";"89.00"
"2026-05-08";"GL5_MSPI-Owned";"FES-MSPI-Owned";"661-35694";"Battery, iPhone 15 Pro";"1";"F8YHN1C0Z5B00006TP";"";"99.00"
"2026-04-24";"MEG-Repair";"MEG-MSPI-Owned";"661-30397";"Battery, iPhone 14 Pro Max";"1";"F8Y6037C1FY20J9BK";"";"None"
"2026-04-25";"ANX-Repair";"ANX-MSPI-Owned";"661-21991";"Battery, iPhone 13";"1";"F8Y6057C29S18FKBW";"";"0.00"
"2026-04-26";"ANX-Repair";"ANX-MSPI-Owned";"661-56050";"Display, iPhone 17 Pro Max";"1";"GH3HR7023Q10000MUZ";"";"0.00"
"2026-04-28";"MEG-MSPI-Owned";"MEG-Repair";"661-21991";"Battery, iPhone 13";"1";"F8Y6053CSW018FKB7";"";"0.00"
"2026-04-29";"POD_Repair";"POD_MSPI-Owned";"661-30382";"Battery, iPhone 14 Pro";"1";"F8Y6117C5NF217WBT";"";"51.00"
"2026-05-01";"ANX-Repair";"ANX-MSPI-Owned";"661-30382";"Battery, iPhone 14 Pro";"1";"F8Y6042C1AP217WBN";"";"51.00"
"2026-05-08";"MOA-MSPI-Owned";"FES-MSPI-Owned";"661-30382";"Battery, iPhone 14 Pro";"1";"F8Y5457C262217WBB";"";"99.00"
"2026-05-02";"MEG-MSPI-Owned";"MEG-Repair";"661-44955";"Display, iPhone 16 Pro Max";"1";"G9PHJFS0VSX00005DR";"";"379.00"
"2026-05-04";"POD_MSPI-Owned";"MEG-MSPI-Owned";"661-22374";"Battery, iPhone 13 mini";"1";"F8Y5473C68U14LWCZ";"";"None"
"2026-05-04";"MRK-Repair";"MRK-MSPI-Owned";"661-13574";"Battery, iPhone 11";"1";"F8Y5433C8X4M6YND7";"";"None"
"2026-05-04";"MRK-MSPI-Owned";"MEG-MSPI-Owned";"661-13574";"Battery, iPhone 11";"1";"F8Y5433C8X4M6YND7";"";"None"
"2026-05-04";"MEG-Repair";"MEG-MSPI-Owned";"661-21991";"Battery, iPhone 13";"1";"F8Y6113C5NN18FKB7";"";"None"
"2026-05-04";"MEG-MSPI-Owned";"MEG-Repair";"661-13574";"Battery, iPhone 11";"1";"F8Y5433C8X4M6YND7";"";"46.00"
"2026-05-05";"MEG-MSPI-Owned";"MEG-Repair";"661-21996";"Battery, iPhone 13 Pro";"1";"F8Y6096C2MH13RHC0";"";"46.00"
"2026-05-07";"NES_MSPI-Owned";"GL5_MSPI-Owned";"661-21991";"Battery, iPhone 13";"1";"F8Y6062C0E618FKB5";"";"0.00"
"2026-05-07";"MRK-MSPI-Owned";"MEG-MSPI-Owned";"661-13574";"Battery, iPhone 11";"1";"F8Y5433C5RJM6YNDE";"";"None"
"2026-05-07";"MRK-MSPI-Owned";"MEG-MSPI-Owned";"661-13574";"Battery, iPhone 11";"1";"F8Y5442CBRZM6YNDR";"";"None"
"2026-05-08";"NES_MSPI-Owned";"GL5_MSPI-Owned";"661-21991";"Battery, iPhone 13";"1";"F8Y6056C0CG18FKB0";"";"46.00"
"2026-05-09";"MRK-MSPI-Owned";"FES-MSPI-Owned";"661-35885";"Battery, iPhone 15";"1";"F8YHN1C12V700006TW";"";"99.00"
"2026-05-08";"MEG-MSPI-Owned";"MEG-Repair";"661-13574";"Battery, iPhone 11";"1";"F8Y5433C5RJM6YNDE";"";"46.00"
"2026-05-08";"GB3-MSPI-Owned";"GL5_MSPI-Owned";"661-30401";"Display, iPhone 14 Pro Max";"1";"G9P5372N5JB14YDAK";"";"0.00"
"2026-05-10";"MEG-MSPI-Owned";"MEG-Repair";"661-22374";"Battery, iPhone 13 mini";"1";"F8Y5473C68U14LWCZ";"";"46.00"
"2026-05-11";"MRK-Repair";"MRK-MSPI-Owned";"661-22309";"Display, iPhone 13 Pro Max";"1";"G9P5352M258PQCLA6";"";"0.00"
"2026-05-11";"MRK-Repair";"MRK-MSPI-Owned";"661-21993";"Display, iPhone 13 Pro";"1";"G9P5353LC5JPQCKAP";"";"0.00"
"2026-05-11";"MRK-Repair";"MRK-MSPI-Owned";"661-21993";"Display, iPhone 13 Pro";"1";"G9P5263LKJYPQCKAV";"";"0.00"
"2026-05-11";"MRK-Repair";"MRK-MSPI-Owned";"661-21988";"Display, iPhone 13";"1";"GVH53360DHPPR5PA6";"";"0.00"
"2026-05-12";"ANX-Repair";"ANX-MSPI-Owned";"661-22309";"Display, iPhone 13 Pro Max";"1";"G9P5094M2MLPQCLA3";"";"0.00"
"2026-06-08";"VER_Repair";"VER_MSPI-Owned";"661-30394";"Battery, iPhone 14 Plus";"1";"F8Y5457C62Z237KBX";"";"99.00"
"2026-05-16";"FES-MSPI-Owned";"LIM_MSPI-Owned";"661-30394";"Battery, iPhone 14 Plus";"1";"F8Y5457C7AK237KBL";"";"99.00"
"2026-05-16";"MOA-MSPI-Owned";"LIM_MSPI-Owned";"661-30394";"Battery, iPhone 14 Plus";"1";"F8Y5457C6M2237KB5";"";"99.00"
"2026-05-15";"MEG-Repair";"MEG-MSPI-Owned";"661-22374";"Battery, iPhone 13 mini";"1";"F8Y6135C15K14LWCY";"";"None"
"2026-05-15";"MEG-Repair";"MEG-MSPI-Owned";"661-22309";"Display, iPhone 13 Pro Max";"1";"G9P4471M27UPQCLAB";"";"0.00"
"2026-05-15";"MEG-MSPI-Owned";"MEG-Repair";"661-30397";"Battery, iPhone 14 Pro Max";"1";"F8Y6037C1FY20J9BK";"";"51.00"
"2026-05-15";"MEG-MSPI-Owned";"MEG-Repair";"661-56050";"Display, iPhone 17 Pro Max";"1";"GVCHQ3029YU0000MUZ";"";"379.00"
"2026-05-15";"DC_MSPI-Owned";"BHS_MSPI-Owned";"661-56065";"Display, iPhone 17";"1";"GVCHQW01ZN20000U6M";"";"329.00"
"2026-05-15";"DC_MSPI-Owned";"BHS_MSPI-Owned";"661-42837";"Battery, iPhone 16 Plus";"1";"F8YHNW00BUR0000RSS";"";"99.00"
"2026-05-15";"DC_MSPI-Owned";"BHS_MSPI-Owned";"661-56050";"Display, iPhone 17 Pro Max";"1";"GH3HRP01WXT0000MUZ";"";"379.00"
"2026-05-15";"DC_MSPI-Owned";"BHS_MSPI-Owned";"661-44954";"Battery, iPhone 16 Pro Max";"1";"F8YHQ5H0GZ80000UMK";"";"119.00"
"2026-05-15";"DC_MSPI-Owned";"BHS_MSPI-Owned";"661-42720";"Battery, iPhone 16 Pro";"1";"F8YHQLA000Q0000RZ2";"";"119.00"
"2026-05-15";"DC_MSPI-Owned";"BHS_MSPI-Owned";"661-56125";"Display, iPhone 17 Pro";"1";"G9QHRDN1Y0Z0000L4B";"";"329.00"
"2026-05-15";"DC_MSPI-Owned";"BHS_MSPI-Owned";"661-56049";"Battery, pSIM, iPhone 17 Pro Max";"1";"FG9HL5014E800015XX";"";"119.00"
"2026-05-15";"DC_MSPI-Owned";"BHS_MSPI-Owned";"661-55240";"Display, iPhone Air";"1";"GVCHK403PT00000HU9";"";"329.00"
"2026-05-15";"DC_MSPI-Owned";"BHS_MSPI-Owned";"661-44796";"Battery, iPhone 16";"1";"FG9HNM00DLK0000R3T";"";"99.00"
"2026-05-16";"DC_MSPI-Owned";"PPM-MSPI-Owned";"661-56065";"Display, iPhone 17";"1";"GVCHQU02PBU0000U6M";"";"329.00"
"2026-05-16";"DC_MSPI-Owned";"PPM-MSPI-Owned";"661-42837";"Battery, iPhone 16 Plus";"1";"F8YHNX000DR0000RSS";"";"99.00"
"2026-05-16";"DC_MSPI-Owned";"PPM-MSPI-Owned";"661-56050";"Display, iPhone 17 Pro Max";"1";"GH3HRT01PN00000MUZ";"";"379.00"
"2026-05-16";"DC_MSPI-Owned";"PPM-MSPI-Owned";"661-44954";"Battery, iPhone 16 Pro Max";"1";"F8YHQ5H0GEP0000UMK";"";"119.00"
"2026-05-16";"DC_MSPI-Owned";"PPM-MSPI-Owned";"661-42720";"Battery, iPhone 16 Pro";"1";"F8YHQMA02F20000RZ2";"";"119.00"
"2026-05-16";"DC_MSPI-Owned";"PPM-MSPI-Owned";"661-56125";"Display, iPhone 17 Pro";"1";"G9NHR9R3B3V0000L4B";"";"329.00"
"2026-05-16";"DC_MSPI-Owned";"PPM-MSPI-Owned";"661-56049";"Battery, pSIM, iPhone 17 Pro Max";"1";"FG9HL501AEW00015XX";"";"119.00"
"2026-05-16";"DC_MSPI-Owned";"PPM-MSPI-Owned";"661-55240";"Display, iPhone Air";"1";"GVCHKD048DZ0000HU9";"";"329.00"
"2026-05-16";"DC_MSPI-Owned";"PPM-MSPI-Owned";"661-44796";"Battery, iPhone 16";"1";"FG9HNM00G350000R3T";"";"99.00"
"2026-05-15";"DC_MSPI-Owned";"GB3-MSPI-Owned";"661-56065";"Display, iPhone 17";"1";"GVCHRB032N30000U6M";"";"329.00"
"2026-05-15";"DC_MSPI-Owned";"GB3-MSPI-Owned";"661-42837";"Battery, iPhone 16 Plus";"1";"F8YHNX008AH0000RSS";"";"99.00"
"2026-05-15";"DC_MSPI-Owned";"GB3-MSPI-Owned";"661-56050";"Display, iPhone 17 Pro Max";"1";"GH3HRS01MRY0000MUZ";"";"379.00"
"2026-05-15";"DC_MSPI-Owned";"GB3-MSPI-Owned";"661-44954";"Battery, iPhone 16 Pro Max";"1";"F8YHQ5H06W50000UMK";"";"119.00"
"2026-05-15";"DC_MSPI-Owned";"GB3-MSPI-Owned";"661-42720";"Battery, iPhone 16 Pro";"1";"F8YHQMA016L0000RZ2";"";"119.00"
"2026-05-15";"DC_MSPI-Owned";"GB3-MSPI-Owned";"661-56125";"Display, iPhone 17 Pro";"1";"G9PHR9D2R7L0000L4B";"";"329.00"
"2026-05-15";"DC_MSPI-Owned";"GB3-MSPI-Owned";"661-56049";"Battery, pSIM, iPhone 17 Pro Max";"1";"FG9HL5017Y300015XX";"";"119.00"
"2026-05-15";"DC_MSPI-Owned";"GB3-MSPI-Owned";"661-55240";"Display, iPhone Air";"1";"GVCHK90057E0000HU9";"";"329.00"
"2026-05-15";"DC_MSPI-Owned";"GB3-MSPI-Owned";"661-44796";"Battery, iPhone 16";"1";"FG9HNM00DLQ0000R3T";"";"99.00"
"2026-05-15";"DC_MSPI-Owned";"ANX-MSPI-Owned";"661-56065";"Display, iPhone 17";"1";"GVCHQW032AS0000U6M";"";"329.00"
"2026-05-15";"DC_MSPI-Owned";"ANX-MSPI-Owned";"661-42837";"Battery, iPhone 16 Plus";"1";"F8YHNX002Z50000RSS";"";"99.00"
"2026-05-15";"DC_MSPI-Owned";"ANX-MSPI-Owned";"661-56050";"Display, iPhone 17 Pro Max";"1";"GH3HRQ013XY0000MUZ";"";"379.00"
"2026-05-15";"DC_MSPI-Owned";"ANX-MSPI-Owned";"661-44954";"Battery, iPhone 16 Pro Max";"1";"F8YHQ5H0HCT0000UMK";"";"119.00"
"2026-05-15";"DC_MSPI-Owned";"ANX-MSPI-Owned";"661-42720";"Battery, iPhone 16 Pro";"1";"F8YHQLA004N0000RZ2";"";"119.00"
"2026-05-15";"DC_MSPI-Owned";"ANX-MSPI-Owned";"661-56125";"Display, iPhone 17 Pro";"1";"G9NHR9R0U5C0000L4B";"";"329.00"
"2026-05-15";"DC_MSPI-Owned";"ANX-MSPI-Owned";"661-56049";"Battery, pSIM, iPhone 17 Pro Max";"1";"FG9HL5014DX00015XX";"";"119.00"
"2026-05-15";"DC_MSPI-Owned";"ANX-MSPI-Owned";"661-55240";"Display, iPhone Air";"1";"GVCHKC00DPQ0000HU9";"";"329.00"
"2026-05-15";"DC_MSPI-Owned";"ANX-MSPI-Owned";"661-44796";"Battery, iPhone 16";"1";"FG9HNM00DLN0000R3T";"";"99.00"
"2026-05-16";"DC_MSPI-Owned";"MAG-MSPI-Owned";"661-56065";"Display, iPhone 17";"1";"GVCHRF011970000U6M";"";"329.00"
"2026-05-16";"DC_MSPI-Owned";"MAG-MSPI-Owned";"661-42837";"Battery, iPhone 16 Plus";"1";"F8YHNX002YH0000RSS";"";"99.00"
"2026-05-16";"DC_MSPI-Owned";"MAG-MSPI-Owned";"661-56050";"Display, iPhone 17 Pro Max";"1";"GH3HRQ0020D0000MUZ";"";"379.00"
"2026-05-16";"DC_MSPI-Owned";"MAG-MSPI-Owned";"661-44954";"Battery, iPhone 16 Pro Max";"1";"F8YHQ5H0H0Q0000UMK";"";"119.00"
"2026-05-16";"DC_MSPI-Owned";"MAG-MSPI-Owned";"661-42720";"Battery, iPhone 16 Pro";"1";"F8YHQMA01DB0000RZ2";"";"119.00"
"2026-05-16";"DC_MSPI-Owned";"MAG-MSPI-Owned";"661-56125";"Display, iPhone 17 Pro";"1";"G9PHRGY3P780000L4B";"";"329.00"
"2026-05-16";"DC_MSPI-Owned";"MAG-MSPI-Owned";"661-56049";"Battery, pSIM, iPhone 17 Pro Max";"1";"FG9HL5014DY00015XX";"";"119.00"
"2026-05-16";"DC_MSPI-Owned";"MAG-MSPI-Owned";"661-55240";"Display, iPhone Air";"1";"GVCHJD01BK60000HU9";"";"329.00"
"2026-05-16";"DC_MSPI-Owned";"MAG-MSPI-Owned";"661-44796";"Battery, iPhone 16";"1";"FG9HNP004W50000R3T";"";"99.00"
"2026-05-15";"DC_MSPI-Owned";"TRI-MSPI-Owned";"661-56065";"Display, iPhone 17";"1";"GVCHR9011F60000U6M";"";"329.00"
"2026-05-15";"DC_MSPI-Owned";"TRI-MSPI-Owned";"661-42837";"Battery, iPhone 16 Plus";"1";"F8YHNX000E80000RSS";"";"99.00"
"2026-05-15";"DC_MSPI-Owned";"TRI-MSPI-Owned";"661-56050";"Display, iPhone 17 Pro Max";"1";"GH3HRR01LGU0000MUZ";"";"379.00"
"2026-05-15";"DC_MSPI-Owned";"TRI-MSPI-Owned";"661-44954";"Battery, iPhone 16 Pro Max";"1";"F8YHQ5H0H310000UMK";"";"119.00"
"2026-05-15";"DC_MSPI-Owned";"TRI-MSPI-Owned";"661-42720";"Battery, iPhone 16 Pro";"1";"F8YHQMA020Y0000RZ2";"";"119.00"
"2026-05-15";"DC_MSPI-Owned";"TRI-MSPI-Owned";"661-56125";"Display, iPhone 17 Pro";"1";"G9NHQUK0B5P0000L4B";"";"329.00"
"2026-05-15";"DC_MSPI-Owned";"TRI-MSPI-Owned";"661-56049";"Battery, pSIM, iPhone 17 Pro Max";"1";"FG9HL5018WV00015XX";"";"119.00"
"2026-05-15";"DC_MSPI-Owned";"TRI-MSPI-Owned";"661-55240";"Display, iPhone Air";"1";"GVCHKD017DP0000HU9";"";"329.00"
"2026-05-15";"DC_MSPI-Owned";"TRI-MSPI-Owned";"661-44796";"Battery, iPhone 16";"1";"FG9HQ200G6X0000R3T";"";"99.00"
"2026-05-15";"DC_MSPI-Owned";"MEG-MSPI-Owned";"661-56065";"Display, iPhone 17";"1";"GVCHRD0350W0000U6M";"";"329.00"
"2026-05-15";"DC_MSPI-Owned";"MEG-MSPI-Owned";"661-42837";"Battery, iPhone 16 Plus";"1";"F8YHNX005X00000RSS";"";"99.00"
"2026-05-15";"DC_MSPI-Owned";"MEG-MSPI-Owned";"661-56050";"Display, iPhone 17 Pro Max";"1";"GH3HRR00SKW0000MUZ";"";"379.00"
"2026-05-15";"DC_MSPI-Owned";"MEG-MSPI-Owned";"661-44954";"Battery, iPhone 16 Pro Max";"1";"F8YHQ5H0H510000UMK";"";"119.00"
"2026-05-15";"DC_MSPI-Owned";"MEG-MSPI-Owned";"661-42720";"Battery, iPhone 16 Pro";"1";"F8YHR7A06PD0000RZ2";"";"119.00"
"2026-05-15";"DC_MSPI-Owned";"MEG-MSPI-Owned";"661-56125";"Display, iPhone 17 Pro";"1";"G9NHQPK1HWE0000L4B";"";"329.00"
"2026-05-15";"DC_MSPI-Owned";"MEG-MSPI-Owned";"661-56049";"Battery, pSIM, iPhone 17 Pro Max";"1";"FG9HL5018X800015XX";"";"119.00"
"2026-05-15";"DC_MSPI-Owned";"MEG-MSPI-Owned";"661-55240";"Display, iPhone Air";"1";"GVCHKA001C80000HU9";"";"329.00"
"2026-05-15";"DC_MSPI-Owned";"MEG-MSPI-Owned";"661-44796";"Battery, iPhone 16";"1";"FG9HNP001310000R3T";"";"99.00"
"2026-05-15";"DC_MSPI-Owned";"POD_MSPI-Owned";"661-56049";"Battery, pSIM, iPhone 17 Pro Max";"1";"FG9HL5018WZ00015XX";"";"119.00"
"2026-05-15";"DC_MSPI-Owned";"VER_MSPI-Owned";"661-56049";"Battery, pSIM, iPhone 17 Pro Max";"1";"FG9HL501A6U00015XX";"";"119.00"
"2026-05-15";"DC_MSPI-Owned";"GL5_MSPI-Owned";"661-56049";"Battery, pSIM, iPhone 17 Pro Max";"1";"FG9HL501A6H00015XX";"";"119.00"
"2026-05-16";"DC_MSPI-Owned";"MRK-MSPI-Owned";"661-56049";"Battery, pSIM, iPhone 17 Pro Max";"1";"FG9HL5018XJ00015XX";"";"119.00"
"2026-05-15";"DC_MSPI-Owned";"NES_MSPI-Owned";"661-42843";"Display, iPhone 16 Plus";"1";"G9QHNZT06YW00004Y9";"";"329.00"
"2026-05-15";"DC_MSPI-Owned";"NES_MSPI-Owned";"661-56049";"Battery, pSIM, iPhone 17 Pro Max";"1";"FG9HL501AEQ00015XX";"";"119.00"
"2026-05-15";"DC_MSPI-Owned";"NES_MSPI-Owned";"661-42726";"Display, iPhone 16 Pro";"1";"G9PHJUT00RU00005DP";"";"329.00"
"2026-05-15";"DC_MSPI-Owned";"NES_MSPI-Owned";"661-44797";"Display, iPhone 16";"1";"G9QHQ3R1GM100004Y7";"";"279.00"
"2026-05-15";"TRI-MSPI-Owned";"TRI-Repair";"661-21991";"Battery, iPhone 13";"1";"F8Y6126C8JU18FKB4";"";"46.00"
"2026-05-20";"BHS_MSPI-Owned";"BHS_Repair";"661-30373";"Battery, iPhone 14";"1";"F8Y5514C29C231LBY";"";"99.00"
"2026-07-14";"DC_MSPI-Owned";"ILO-MSPI-Owned";"661-56065";"Display, iPhone 17";"1";"GVCHR801C3W0000U6M";"";"None"
"2026-07-14";"DC_MSPI-Owned";"ILO-MSPI-Owned";"661-42837";"Battery, iPhone 16 Plus";"1";"F8YHNW00A5E0000RSS";"";"None"
"2026-07-14";"DC_MSPI-Owned";"ILO-MSPI-Owned";"661-56050";"Display, iPhone 17 Pro Max";"1";"GH3HRS00JES0000MUZ";"";"None"
"2026-07-14";"DC_MSPI-Owned";"ILO-MSPI-Owned";"661-44954";"Battery, iPhone 16 Pro Max";"1";"F8YHQ5H0HZD0000UMK";"";"None"
"2026-07-14";"DC_MSPI-Owned";"ILO-MSPI-Owned";"661-42720";"Battery, iPhone 16 Pro";"1";"F8YHQMA01ZZ0000RZ2";"";"None"
"2026-07-14";"DC_MSPI-Owned";"ILO-MSPI-Owned";"661-56125";"Display, iPhone 17 Pro";"1";"G9QHRFP3ZU00000L4B";"";"None"
"2026-07-14";"DC_MSPI-Owned";"ILO-MSPI-Owned";"661-55240";"Display, iPhone Air";"1";"GVCHJD031FQ0000HU9";"";"None"
"2026-07-14";"DC_MSPI-Owned";"ILO-MSPI-Owned";"661-44796";"Battery, iPhone 16";"1";"FG9HNM00ES90000R3T";"";"None"
"2026-05-23";"GB3-MSPI-Owned";"GL5_MSPI-Owned";"661-56050";"Display, iPhone 17 Pro Max";"1";"GH3HQF00UY10000MUZ";"";"0.00"
"2026-05-26";"MEG-Repair";"MEG-MSPI-Owned";"661-44955";"Display, iPhone 16 Pro Max";"1";"G9PHJ9K0L6P00005DR";"";"0.00"
"2026-05-27";"TRI-MSPI-Owned";"TRI-Repair";"Z661-43115";"AirPods 4 w/ ANC, Left, CI/AR, CN, INT";"1";"";"";"0.00"
"2026-05-27";"TRI-MSPI-Owned";"TRI-Repair";"Z661-43115";"AirPods 4 w/ ANC, Left, CI/AR, CN, INT";"1";"";"";"0.00"
"2026-05-27";"TRI-MSPI-Owned";"TRI-Repair";"Z661-43115";"AirPods 4 w/ ANC, Left, CI/AR, CN, INT";"1";"";"";"62.00"
"2026-05-29";"NES_MSPI-Owned";"DC_MSPI-Owned";"661-37216";"Camera , iPhone 15 Plus";"1";"DNM33020R2P233817";"";"169.00"
"2026-05-29";"NES_MSPI-Owned";"DC_MSPI-Owned";"661-35828";"Camera, iPhone 15";"1";"DN83341MDKD1MCN3R";"";"None"
"2026-05-29";"NES_MSPI-Owned";"DC_MSPI-Owned";"661-35696";"Camera , iPhone 15 Pro";"1";"DN83365B8Z51RXK3S";"";"219.00"
"2026-05-29";"MEG-MSPI-Owned";"MEG-Repair";"661-22374";"Battery, iPhone 13 mini";"1";"F8Y6135C15K14LWCY";"";"46.00"
"2026-05-30";"VER_Repair";"VER_MSPI-Owned";"661-44796";"Battery, iPhone 16";"1";"FG9HM5001KL0000R3T";"";"99.00"
"2026-05-30";"VER_Repair";"VER_MSPI-Owned";"661-42837";"Battery, iPhone 16 Plus";"1";"F8YHLS00K880000RSS";"";"99.00"
"2026-05-30";"VER_Repair";"VER_MSPI-Owned";"661-42720";"Battery, iPhone 16 Pro";"1";"F8YHN7A048N0000RZ2";"";"119.00"
"2026-06-04";"VER_MSPI-Owned";"POD_MSPI-Owned";"661-21991";"Battery, iPhone 13";"1";"F8Y6136C42W18FKBH";"";"46.00"
"2026-06-05";"MRK-Repair";"MRK-MSPI-Owned";"661-13569";"Battery, iPhone 11 Pro";"1";"F5D531611HALTDMBR";"";"46.00"
"2026-06-05";"MRK-Repair";"MRK-MSPI-Owned";"661-17920";"Battery, iPhone 12 and 12 Pro";"1";"F8Y5527C7PZQ687BH";"";"46.00"
"2026-06-08";"ANX-Repair";"ANX-MSPI-Owned";"661-56050";"Display, iPhone 17 Pro Max";"1";"GH3HR701RZ00000MUZ";"";"0.00"
"2026-06-06";"MEG-MSPI-Owned";"MEG-Repair";"661-56050";"Display, iPhone 17 Pro Max";"1";"GH3HRR01YXW0000MUZ";"";"360.00"
"2026-06-08";"MEG-MSPI-Owned";"MEG-Repair";"661-21991";"Battery, iPhone 13";"1";"F8Y6113C5NN18FKB7";"";"0.00"
"2026-06-10";"MEG-Repair";"MEG-MSPI-Owned";"661-56050";"Display, iPhone 17 Pro Max";"1";"GH3HS900ZLA0000MUZ";"";"0.00"
"2026-06-11";"VER_MSPI-Owned";"VER_Repair";"661-29370";"Display, iPhone 14 Pro";"1";"G9P5074P87W14YCAV";"";"276.00"
"2026-06-11";"GB3-MSPI-Owned";"CEB-MSPI-Owned";"661-30394";"Battery, iPhone 14 Plus";"1";"F8Y5457C0B8237KB1";"";"99.00"
"2026-06-12";"MOA-MSPI-Owned";"FES-MSPI-Owned";"661-30394";"Battery, iPhone 14 Plus";"1";"F8Y5457C7AZ237KB6";"";"99.00"
"2026-06-20";"DC_MSPI-Owned";"CEB-MSPI-Owned";"661-21991";"Battery, iPhone 13";"1";"F8Y6172C3JE18FKBC";"";"89.00"
"2026-06-20";"DC_MSPI-Owned";"CEB-MSPI-Owned";"661-21993";"Display, iPhone 13 Pro";"1";"G9P5264L3QCPQCKAC";"";"279.00"
"2026-06-20";"DC_MSPI-Owned";"CEB-MSPI-Owned";"661-21996";"Battery, iPhone 13 Pro";"1";"F8Y6155C5TA13RHCY";"";"89.00"
"2026-06-20";"DC_MSPI-Owned";"CEB-MSPI-Owned";"661-21991";"Battery, iPhone 13";"1";"F8Y6172C51L18FKBM";"";"89.00"
"2026-06-20";"DC_MSPI-Owned";"ILO-MSPI-Owned";"661-21991";"Battery, iPhone 13";"1";"F8Y6173C3LD18FKB6";"";"89.00"
"2026-06-20";"DC_MSPI-Owned";"ILO-MSPI-Owned";"661-21991";"Battery, iPhone 13";"1";"F8Y6177C11T18FKBD";"";"89.00"
"2026-06-19";"DC_MSPI-Owned";"NPM-MSPI-Owned";"661-21991";"Battery, iPhone 13";"1";"F8Y6184C1UL18FKB7";"";"89.00"
"2026-06-19";"DC_MSPI-Owned";"NPM-MSPI-Owned";"661-22294";"Battery, iPhone 13 Pro Max";"1";"F8Y6144C0Z313XCBL";"";"89.00"
"2026-06-19";"DC_MSPI-Owned";"NPM-MSPI-Owned";"661-21991";"Battery, iPhone 13";"1";"F8Y6172C50Y18FKBC";"";"89.00"
"2026-06-19";"DC_MSPI-Owned";"NPM-MSPI-Owned";"661-21996";"Battery, iPhone 13 Pro";"1";"F8Y6154C3XQ13RHC9";"";"89.00"
"2026-06-19";"DC_MSPI-Owned";"NPM-MSPI-Owned";"661-22294";"Battery, iPhone 13 Pro Max";"1";"F8Y6144C0ZG13XCB7";"";"89.00"
"2026-06-19";"DC_MSPI-Owned";"NPM-MSPI-Owned";"661-21996";"Battery, iPhone 13 Pro";"1";"F8Y6154C3QD13RHC7";"";"89.00"
"2026-06-19";"DC_MSPI-Owned";"NPM-MSPI-Owned";"661-21996";"Battery, iPhone 13 Pro";"1";"F8Y6154C34413RHC8";"";"89.00"
"2026-06-19";"DC_MSPI-Owned";"NPM-MSPI-Owned";"661-21996";"Battery, iPhone 13 Pro";"1";"F8Y6154C71R13RHCS";"";"89.00"
"2026-06-19";"DC_MSPI-Owned";"NPM-MSPI-Owned";"661-21991";"Battery, iPhone 13";"1";"F8Y6172C4ZQ18FKBQ";"";"89.00"
"2026-06-19";"DC_MSPI-Owned";"NPM-MSPI-Owned";"661-21991";"Battery, iPhone 13";"1";"F8Y6172C1BM18FKBU";"";"89.00"
"2026-06-19";"DC_MSPI-Owned";"NPM-MSPI-Owned";"661-22294";"Battery, iPhone 13 Pro Max";"1";"F8Y6066C4Y313XCBC";"";"89.00"
"2026-06-13";"DC_MSPI-Owned";"GB3-MSPI-Owned";"661-35694";"Battery, iPhone 15 Pro";"1";"F8YHSFD0V3P00006TP";"";"99.00"
"2026-06-13";"DC_MSPI-Owned";"GB3-MSPI-Owned";"661-36918";"Battery, iPhone 15 Pro Max";"1";"FG9HSE00AZ600006TT";"";"99.00"
"2026-06-13";"DC_MSPI-Owned";"GB3-MSPI-Owned";"661-22294";"Battery, iPhone 13 Pro Max";"1";"F8Y6066C3CA13XCBY";"";"89.00"
"2026-06-13";"DC_MSPI-Owned";"ANX-MSPI-Owned";"661-35885";"Battery, iPhone 15";"1";"F8YHSXC01Q400006TW";"";"99.00"
"2026-06-13";"DC_MSPI-Owned";"ANX-MSPI-Owned";"661-35694";"Battery, iPhone 15 Pro";"1";"F8YHSWD02CU00006TP";"";"99.00"
"2026-06-13";"DC_MSPI-Owned";"ANX-MSPI-Owned";"661-30382";"Battery, iPhone 14 Pro";"1";"F8Y6156C8DB217WBA";"";"99.00"
"2026-06-13";"DC_MSPI-Owned";"ANX-MSPI-Owned";"661-30397";"Battery, iPhone 14 Pro Max";"1";"F8Y6167C55Q20J9B9";"";"99.00"
"2026-06-13";"DC_MSPI-Owned";"ANX-MSPI-Owned";"661-30373";"Battery, iPhone 14";"1";"F8Y6177C75M231LBA";"";"99.00"
"2026-06-13";"DC_MSPI-Owned";"ANX-MSPI-Owned";"661-30382";"Battery, iPhone 14 Pro";"1";"F8Y6156C78P217WBE";"";"99.00"
"2026-06-13";"DC_MSPI-Owned";"BHS_MSPI-Owned";"661-35694";"Battery, iPhone 15 Pro";"1";"F8YHSFD0SD500006TP";"";"None"
"2026-06-13";"DC_MSPI-Owned";"BHS_MSPI-Owned";"661-21991";"Battery, iPhone 13";"1";"F8Y6173C55918FKBK";"";"None"
"2026-06-13";"DC_MSPI-Owned";"BHS_MSPI-Owned";"661-35694";"Battery, iPhone 15 Pro";"1";"F8YHSFD0TXE00006TP";"";"99.00"
"2026-06-13";"DC_MSPI-Owned";"BHS_MSPI-Owned";"661-30373";"Battery, iPhone 14";"1";"F8Y6177C2M2231LBL";"";"99.00"
"2026-06-13";"DC_MSPI-Owned";"BHS_MSPI-Owned";"661-21991";"Battery, iPhone 13";"1";"F8Y6173C4P118FKB8";"";"None"
"2026-06-13";"DC_MSPI-Owned";"BHS_MSPI-Owned";"661-30373";"Battery, iPhone 14";"1";"F8Y6177C7G4231LBU";"";"99.00"
"2026-06-13";"DC_MSPI-Owned";"MOA-MSPI-Owned";"661-44954";"Battery, iPhone 16 Pro Max";"1";"F8YHLQH04FR0000UMJ";"";"119.00"
"2026-06-13";"DC_MSPI-Owned";"MOA-MSPI-Owned";"661-21996";"Battery, iPhone 13 Pro";"1";"F8Y6155C5D813RHC8";"";"89.00"
"2026-06-13";"DC_MSPI-Owned";"MOA-MSPI-Owned";"661-21991";"Battery, iPhone 13";"1";"F8Y6172C19C18FKB9";"";"89.00"
"2026-06-13";"DC_MSPI-Owned";"MOA-MSPI-Owned";"661-21991";"Battery, iPhone 13";"1";"F8Y6172C46D18FKBE";"";"89.00"
"2026-06-13";"DC_MSPI-Owned";"MOA-MSPI-Owned";"661-21996";"Battery, iPhone 13 Pro";"1";"F8Y6154C5X513RHCS";"";"89.00"
"2026-06-13";"DC_MSPI-Owned";"MOA-MSPI-Owned";"661-21991";"Battery, iPhone 13";"1";"F8Y6173C6G518FKBP";"";"89.00"
"2026-06-13";"DC_MSPI-Owned";"MOA-MSPI-Owned";"661-21991";"Battery, iPhone 13";"1";"F8Y6173C7BC18FKBW";"";"89.00"
"2026-06-13";"DC_MSPI-Owned";"MOA-MSPI-Owned";"661-44954";"Battery, iPhone 16 Pro Max";"1";"F8YHLQH022R0000UMJ";"";"119.00"
"2026-06-13";"DC_MSPI-Owned";"TRI-MSPI-Owned";"661-30397";"Battery, iPhone 14 Pro Max";"1";"F8Y6167C4F120J9B3";"";"99.00"
"2026-06-13";"DC_MSPI-Owned";"TRI-MSPI-Owned";"661-21991";"Battery, iPhone 13";"1";"F8Y6172C2A418FKBD";"";"89.00"
"2026-06-13";"DC_MSPI-Owned";"TRI-MSPI-Owned";"661-22294";"Battery, iPhone 13 Pro Max";"1";"F8Y6066C55V13XCBY";"";"89.00"
"2026-06-13";"DC_MSPI-Owned";"TRI-MSPI-Owned";"661-30382";"Battery, iPhone 14 Pro";"1";"F8Y6162C2KT217WBH";"";"99.00"
"2026-06-13";"DC_MSPI-Owned";"TRI-MSPI-Owned";"661-21991";"Battery, iPhone 13";"1";"F8Y6173C4D518FKB0";"";"89.00"
"2026-06-13";"DC_MSPI-Owned";"TRI-MSPI-Owned";"661-22294";"Battery, iPhone 13 Pro Max";"1";"F8Y6066C2W313XCBL";"";"89.00"
"2026-06-13";"DC_MSPI-Owned";"TRI-MSPI-Owned";"661-30382";"Battery, iPhone 14 Pro";"1";"F8Y6156C9VL217WBL";"";"99.00"
"2026-06-13";"DC_MSPI-Owned";"TRI-MSPI-Owned";"661-30397";"Battery, iPhone 14 Pro Max";"1";"F8Y6152CD4Y20J9B4";"";"99.00"
"2026-06-13";"DC_MSPI-Owned";"MRK-MSPI-Owned";"661-30373";"Battery, iPhone 14";"1";"F8Y6176C1Z7231LBF";"";"99.00"
"2026-06-13";"DC_MSPI-Owned";"MRK-MSPI-Owned";"661-22294";"Battery, iPhone 13 Pro Max";"1";"F8Y6144C17W13XCB2";"";"89.00"
"2026-06-13";"DC_MSPI-Owned";"MRK-MSPI-Owned";"661-21996";"Battery, iPhone 13 Pro";"1";"F8Y6155C1L413RHCV";"";"89.00"
"2026-06-13";"DC_MSPI-Owned";"MRK-MSPI-Owned";"661-21991";"Battery, iPhone 13";"1";"F8Y6172C6RE18FKBN";"";"89.00"
"2026-06-13";"DC_MSPI-Owned";"MRK-MSPI-Owned";"661-21991";"Battery, iPhone 13";"1";"F8Y6173C3JM18FKB4";"";"89.00"
"2026-06-13";"DC_MSPI-Owned";"MRK-MSPI-Owned";"661-44796";"Battery, iPhone 16";"1";"FG9HQ200HWY0000R3T";"";"99.00"
"2026-06-13";"DC_MSPI-Owned";"MRK-MSPI-Owned";"661-30373";"Battery, iPhone 14";"1";"F8Y6182C0LX231LBY";"";"99.00"
"2026-06-13";"DC_MSPI-Owned";"MRK-MSPI-Owned";"661-22294";"Battery, iPhone 13 Pro Max";"1";"F8Y6066C7ED13XCBK";"";"89.00"
"2026-06-13";"DC_MSPI-Owned";"MRK-MSPI-Owned";"661-44796";"Battery, iPhone 16";"1";"FG9HQ200HQZ0000R3T";"";"99.00"
"2026-06-13";"DC_MSPI-Owned";"MEG-MSPI-Owned";"661-30382";"Battery, iPhone 14 Pro";"1";"F8Y6156C9ZY217WBW";"";"99.00"
"2026-06-13";"DC_MSPI-Owned";"MEG-MSPI-Owned";"661-30382";"Battery, iPhone 14 Pro";"1";"F8Y6156C990217WBY";"";"None"
"2026-06-13";"DC_MSPI-Owned";"MEG-MSPI-Owned";"661-30382";"Battery, iPhone 14 Pro";"1";"F8Y6156CB0V217WBU";"";"None"
"2026-06-13";"DC_MSPI-Owned";"MEG-MSPI-Owned";"661-21996";"Battery, iPhone 13 Pro";"1";"F8Y6155C5RP13RHCR";"";"89.00"
"2026-06-13";"DC_MSPI-Owned";"MEG-MSPI-Owned";"661-21996";"Battery, iPhone 13 Pro";"1";"F8Y6155C5T113RHC7";"";"None"
"2026-06-13";"DC_MSPI-Owned";"MEG-MSPI-Owned";"661-30397";"Battery, iPhone 14 Pro Max";"1";"F8Y6152CG2H20J9BN";"";"None"
"2026-06-13";"DC_MSPI-Owned";"MEG-MSPI-Owned";"661-21991";"Battery, iPhone 13";"1";"F8Y6173C1B418FKBA";"";"89.00"
"2026-06-13";"DC_MSPI-Owned";"MEG-MSPI-Owned";"661-21996";"Battery, iPhone 13 Pro";"1";"F8Y6155C0VL13RHCM";"";"89.00"
"2026-06-13";"DC_MSPI-Owned";"MEG-MSPI-Owned";"661-21996";"Battery, iPhone 13 Pro";"1";"F8Y6155C09C13RHCM";"";"89.00"
"2026-06-13";"DC_MSPI-Owned";"MEG-MSPI-Owned";"661-22294";"Battery, iPhone 13 Pro Max";"1";"F8Y6066C2WM13XCB2";"";"89.00"
"2026-06-13";"DC_MSPI-Owned";"MEG-MSPI-Owned";"661-30382";"Battery, iPhone 14 Pro";"1";"F8Y6156CBB5217WBK";"";"None"
"2026-06-13";"DC_MSPI-Owned";"MEG-MSPI-Owned";"661-30382";"Battery, iPhone 14 Pro";"1";"F8Y6156C8DC217WB9";"";"None"
"2026-06-13";"DC_MSPI-Owned";"MEG-MSPI-Owned";"661-30397";"Battery, iPhone 14 Pro Max";"1";"F8Y6152CA9G20J9B8";"";"99.00"
"2026-06-13";"DC_MSPI-Owned";"MAG-MSPI-Owned";"661-21991";"Battery, iPhone 13";"1";"F8Y6172C4WA18FKBD";"";"89.00"
"2026-06-13";"DC_MSPI-Owned";"MAG-MSPI-Owned";"661-30382";"Battery, iPhone 14 Pro";"1";"F8Y6156C8L7217WBT";"";"99.00"
"2026-06-13";"DC_MSPI-Owned";"MAG-MSPI-Owned";"661-30397";"Battery, iPhone 14 Pro Max";"1";"F8Y6152CD5620J9BT";"";"99.00"
"2026-06-13";"DC_MSPI-Owned";"MAG-MSPI-Owned";"661-35885";"Battery, iPhone 15";"1";"F8YHSXC01G200006TW";"";"99.00"
"2026-06-13";"DC_MSPI-Owned";"MAG-MSPI-Owned";"661-22294";"Battery, iPhone 13 Pro Max";"1";"F8Y6066C17P13XCB2";"";"None"
"2026-06-13";"DC_MSPI-Owned";"MAG-MSPI-Owned";"661-21991";"Battery, iPhone 13";"1";"F8Y6156C6E618FKBX";"";"89.00"
"2026-06-13";"DC_MSPI-Owned";"MAG-MSPI-Owned";"661-21991";"Battery, iPhone 13";"1";"F8Y6172C7PZ18FKB8";"";"89.00"
"2026-06-13";"DC_MSPI-Owned";"MAG-MSPI-Owned";"661-30373";"Battery, iPhone 14";"1";"F8Y6176C4PH231LBY";"";"99.00"
"2026-06-13";"DC_MSPI-Owned";"MAG-MSPI-Owned";"661-30397";"Battery, iPhone 14 Pro Max";"1";"F8Y6167C43720J9BZ";"";"99.00"
"2026-06-13";"DC_MSPI-Owned";"MAG-MSPI-Owned";"661-35885";"Battery, iPhone 15";"1";"F8YHSXC01G500006TW";"";"99.00"
"2026-06-15";"DC_MSPI-Owned";"NES_MSPI-Owned";"661-22294";"Battery, iPhone 13 Pro Max";"1";"F8Y6144C5LP13XCB0";"";"89.00"
"2026-06-15";"DC_MSPI-Owned";"NES_MSPI-Owned";"661-22294";"Battery, iPhone 13 Pro Max";"1";"F8Y6144C17N13XCBA";"";"89.00"
"2026-06-15";"DC_MSPI-Owned";"NES_MSPI-Owned";"661-30397";"Battery, iPhone 14 Pro Max";"1";"F8Y6152CD5220J9BX";"";"99.00"
"2026-06-15";"DC_MSPI-Owned";"NES_MSPI-Owned";"661-35694";"Battery, iPhone 15 Pro";"1";"F8YHSWD01VB00006TP";"";"99.00"
"2026-06-15";"DC_MSPI-Owned";"NES_MSPI-Owned";"661-30397";"Battery, iPhone 14 Pro Max";"1";"F8Y6152CG2J20J9BM";"";"99.00"
"2026-06-15";"DC_MSPI-Owned";"NES_MSPI-Owned";"661-22294";"Battery, iPhone 13 Pro Max";"1";"F8Y6144C0YT13XCBZ";"";"89.00"
"2026-06-15";"DC_MSPI-Owned";"NES_MSPI-Owned";"661-22294";"Battery, iPhone 13 Pro Max";"1";"F8Y6144C0YT13XCBZ";"";"89.00"
"2026-06-15";"DC_MSPI-Owned";"NES_MSPI-Owned";"661-30382";"Battery, iPhone 14 Pro";"1";"F8Y6162C0MH217WBP";"";"99.00"
"2026-06-15";"DC_MSPI-Owned";"NES_MSPI-Owned";"661-35694";"Battery, iPhone 15 Pro";"1";"F8YHTAD054800006TP";"";"99.00"
"2026-06-15";"DC_MSPI-Owned";"NES_MSPI-Owned";"661-30382";"Battery, iPhone 14 Pro";"1";"F8Y6162C178217WB5";"";"99.00"
"2026-06-15";"DC_MSPI-Owned";"NES_MSPI-Owned";"661-22294";"Battery, iPhone 13 Pro Max";"1";"F8Y6066C3DE13XCBR";"";"89.00"
"2026-06-13";"DC_MSPI-Owned";"POD_MSPI-Owned";"661-30397";"Battery, iPhone 14 Pro Max";"1";"F8Y6153C86Y20J9B2";"";"99.00"
"2026-06-13";"DC_MSPI-Owned";"POD_MSPI-Owned";"661-30397";"Battery, iPhone 14 Pro Max";"1";"F8Y6153C87F20J9BG";"";"99.00"
"2026-06-13";"DC_MSPI-Owned";"POD_MSPI-Owned";"661-30397";"Battery, iPhone 14 Pro Max";"1";"F8Y6152CD4D20J9BP";"";"99.00"
"2026-06-13";"DC_MSPI-Owned";"POD_MSPI-Owned";"661-30397";"Battery, iPhone 14 Pro Max";"1";"F8Y6167C43C20J9BU";"";"99.00"
"2026-06-13";"DC_MSPI-Owned";"POD_MSPI-Owned";"661-35885";"Battery, iPhone 15";"1";"F8YHPCC0NDU00006TW";"";"99.00"
"2026-06-13";"DC_MSPI-Owned";"POD_MSPI-Owned";"661-21996";"Battery, iPhone 13 Pro";"1";"F8Y6155C0SL13RHCW";"";"89.00"
"2026-06-13";"DC_MSPI-Owned";"POD_MSPI-Owned";"661-21996";"Battery, iPhone 13 Pro";"1";"F8Y6154C5NA13RHCE";"";"89.00"
"2026-06-13";"DC_MSPI-Owned";"POD_MSPI-Owned";"661-21996";"Battery, iPhone 13 Pro";"1";"F8Y6155C1YJ13RHCD";"";"89.00"
"2026-06-13";"DC_MSPI-Owned";"POD_MSPI-Owned";"661-21996";"Battery, iPhone 13 Pro";"1";"F8Y6155C5T213RHC6";"";"89.00"
"2026-06-13";"DC_MSPI-Owned";"POD_MSPI-Owned";"661-21991";"Battery, iPhone 13";"1";"F8Y6183C7RX18FKB0";"";"89.00"
"2026-06-13";"DC_MSPI-Owned";"POD_MSPI-Owned";"661-22294";"Battery, iPhone 13 Pro Max";"1";"F8Y6066C4YZ13XCBG";"";"89.00"
"2026-06-13";"DC_MSPI-Owned";"POD_MSPI-Owned";"661-21996";"Battery, iPhone 13 Pro";"1";"F8Y6155C59V13RHCZ";"";"89.00"
"2026-06-13";"DC_MSPI-Owned";"POD_MSPI-Owned";"661-21996";"Battery, iPhone 13 Pro";"1";"F8Y6155C05313RHC8";"";"89.00"
"2026-06-13";"DC_MSPI-Owned";"POD_MSPI-Owned";"661-22294";"Battery, iPhone 13 Pro Max";"1";"F8Y6066C3CM13XCBM";"";"89.00"
"2026-06-13";"DC_MSPI-Owned";"POD_MSPI-Owned";"661-30397";"Battery, iPhone 14 Pro Max";"1";"F8Y6166C4ZA20J9B9";"";"99.00"
"2026-06-13";"DC_MSPI-Owned";"POD_MSPI-Owned";"661-35885";"Battery, iPhone 15";"1";"F8YHSXC01Q300006TW";"";"99.00"
"2026-06-13";"DC_MSPI-Owned";"POD_MSPI-Owned";"661-22294";"Battery, iPhone 13 Pro Max";"1";"F8Y6066C61313XCB1";"";"89.00"
"2026-06-13";"DC_MSPI-Owned";"POD_MSPI-Owned";"661-30397";"Battery, iPhone 14 Pro Max";"1";"F8Y6153C97X20J9BZ";"";"99.00"
"2026-06-13";"DC_MSPI-Owned";"POD_MSPI-Owned";"661-21991";"Battery, iPhone 13";"1";"F8Y6172C2A918FKB8";"";"89.00"
"2026-06-13";"DC_MSPI-Owned";"SMS_MSPI-Owned";"661-22294";"Battery, iPhone 13 Pro Max";"1";"F8Y6144C0ZC13XCBB";"";"89.00"
"2026-06-13";"DC_MSPI-Owned";"SMS_MSPI-Owned";"661-30397";"Battery, iPhone 14 Pro Max";"1";"F8Y6152CC2C20J9BX";"";"99.00"
"2026-06-13";"DC_MSPI-Owned";"SMS_MSPI-Owned";"661-30397";"Battery, iPhone 14 Pro Max";"1";"F8Y6167C55M20J9BC";"";"99.00"
"2026-06-13";"DC_MSPI-Owned";"SMS_MSPI-Owned";"661-35694";"Battery, iPhone 15 Pro";"1";"F8YHSFD0S5L00006TP";"";"99.00"
"2026-06-13";"DC_MSPI-Owned";"SMS_MSPI-Owned";"661-21991";"Battery, iPhone 13";"1";"F8Y6183C7RE18FKBH";"";"89.00"
"2026-06-13";"DC_MSPI-Owned";"SMS_MSPI-Owned";"661-21996";"Battery, iPhone 13 Pro";"1";"F8Y6155C28M13RHCD";"";"89.00"
"2026-06-13";"DC_MSPI-Owned";"SMS_MSPI-Owned";"661-22294";"Battery, iPhone 13 Pro Max";"1";"F8Y6144C0ZF13XCB8";"";"89.00"
"2026-06-13";"DC_MSPI-Owned";"SMS_MSPI-Owned";"661-21991";"Battery, iPhone 13";"1";"F8Y6171C2WT18FKBZ";"";"89.00"
"2026-06-13";"DC_MSPI-Owned";"SMS_MSPI-Owned";"661-21996";"Battery, iPhone 13 Pro";"1";"F8Y6155C5T613RHC2";"";"89.00"
"2026-06-13";"DC_MSPI-Owned";"SMS_MSPI-Owned";"661-22294";"Battery, iPhone 13 Pro Max";"1";"F8Y6066C4XX13XCBM";"";"89.00"
"2026-06-13";"DC_MSPI-Owned";"SMS_MSPI-Owned";"661-22294";"Battery, iPhone 13 Pro Max";"1";"F8Y6066C12S13XCBE";"";"89.00"
"2026-06-13";"DC_MSPI-Owned";"SMS_MSPI-Owned";"661-35694";"Battery, iPhone 15 Pro";"1";"F8YHSFD0XTE00006TP";"";"99.00"
"2026-06-13";"DC_MSPI-Owned";"SMS_MSPI-Owned";"661-21991";"Battery, iPhone 13";"1";"F8Y6171C22Z18FKB9";"";"89.00"
"2026-06-13";"DC_MSPI-Owned";"SMS_MSPI-Owned";"661-21991";"Battery, iPhone 13";"1";"F8Y6173C1BT18FKBM";"";"89.00"
"2026-06-13";"DC_MSPI-Owned";"SMS_MSPI-Owned";"661-21991";"Battery, iPhone 13";"1";"F8Y6172C4ZS18FKBN";"";"89.00"
"2026-06-13";"DC_MSPI-Owned";"SMS_MSPI-Owned";"661-21991";"Battery, iPhone 13";"1";"F8Y6183C8EG18FKBD";"";"89.00"
"2026-06-13";"DC_MSPI-Owned";"SMS_MSPI-Owned";"661-21991";"Battery, iPhone 13";"1";"F8Y6176CEQJ18FKB9";"";"89.00"
"2026-06-13";"DC_MSPI-Owned";"SMS_MSPI-Owned";"661-21991";"Battery, iPhone 13";"1";"F8Y6183C4BX18FKBB";"";"89.00"
"2026-06-15";"DC_MSPI-Owned";"FES-MSPI-Owned";"661-22309";"Display, iPhone 13 Pro Max";"1";"G9P5094MADTPQCLAC";"";"329.00"
"2026-06-15";"DC_MSPI-Owned";"FES-MSPI-Owned";"661-30397";"Battery, iPhone 14 Pro Max";"1";"F8Y6167C43220J9B4";"";"99.00"
"2026-06-15";"DC_MSPI-Owned";"FES-MSPI-Owned";"661-35694";"Battery, iPhone 15 Pro";"1";"F8YHSFD0L0A00006TP";"";"99.00"
"2026-06-15";"DC_MSPI-Owned";"FES-MSPI-Owned";"661-21991";"Battery, iPhone 13";"1";"F8Y6173C55L18FKB8";"";"89.00"
"2026-06-15";"DC_MSPI-Owned";"FES-MSPI-Owned";"661-21991";"Battery, iPhone 13";"1";"F8Y6172C7NL18FKBQ";"";"89.00"
"2026-06-15";"DC_MSPI-Owned";"FES-MSPI-Owned";"661-21991";"Battery, iPhone 13";"1";"F8Y6171C3RH18FKBP";"";"89.00"
"2026-06-15";"DC_MSPI-Owned";"FES-MSPI-Owned";"661-21991";"Battery, iPhone 13";"1";"F8Y6172C5YP18FKBT";"";"89.00"
"2026-06-15";"DC_MSPI-Owned";"FES-MSPI-Owned";"661-35694";"Battery, iPhone 15 Pro";"1";"F8YHSWD02AC00006TP";"";"99.00"
"2026-06-15";"DC_MSPI-Owned";"FES-MSPI-Owned";"661-30397";"Battery, iPhone 14 Pro Max";"1";"F8Y6167C3WW20J9BY";"";"99.00"
"2026-06-15";"DC_MSPI-Owned";"FES-MSPI-Owned";"661-30373";"Battery, iPhone 14";"1";"F8Y6177C6DV231LBD";"";"99.00"
"2026-06-15";"DC_MSPI-Owned";"FES-MSPI-Owned";"661-21996";"Battery, iPhone 13 Pro";"1";"F8Y6155C16G13RHCR";"";"89.00"
"2026-06-15";"DC_MSPI-Owned";"FES-MSPI-Owned";"661-21996";"Battery, iPhone 13 Pro";"1";"F8Y6155C0UW13RHCE";"";"89.00"
"2026-06-15";"DC_MSPI-Owned";"FES-MSPI-Owned";"661-21996";"Battery, iPhone 13 Pro";"1";"F8Y6155C0V813RHCZ";"";"89.00"
"2026-06-15";"DC_MSPI-Owned";"FES-MSPI-Owned";"661-21996";"Battery, iPhone 13 Pro";"1";"F8Y6155C58S13RHC5";"";"89.00"
"2026-06-15";"DC_MSPI-Owned";"FES-MSPI-Owned";"661-36918";"Battery, iPhone 15 Pro Max";"1";"FG9HSD003AT00006TT";"";"99.00"
"2026-06-15";"DC_MSPI-Owned";"FES-MSPI-Owned";"661-21991";"Battery, iPhone 13";"1";"F8Y6172C5X318FKBG";"";"89.00"
"2026-06-15";"DC_MSPI-Owned";"FES-MSPI-Owned";"661-35694";"Battery, iPhone 15 Pro";"1";"F8YHSFD0XW300006TP";"";"99.00"
"2026-06-15";"DC_MSPI-Owned";"FES-MSPI-Owned";"661-22294";"Battery, iPhone 13 Pro Max";"1";"F8Y6134C83X13XCB9";"";"89.00"
"2026-06-15";"DC_MSPI-Owned";"FES-MSPI-Owned";"661-22294";"Battery, iPhone 13 Pro Max";"1";"F8Y6134C65H13XCBK";"";"89.00"
"2026-06-15";"DC_MSPI-Owned";"FES-MSPI-Owned";"661-21996";"Battery, iPhone 13 Pro";"1";"F8Y6155C69413RHCP";"";"89.00"
"2026-06-15";"DC_MSPI-Owned";"FES-MSPI-Owned";"661-21996";"Battery, iPhone 13 Pro";"1";"F8Y6155C5T413RHC4";"";"89.00"
"2026-06-15";"DC_MSPI-Owned";"FES-MSPI-Owned";"661-21996";"Battery, iPhone 13 Pro";"1";"F8Y6155C5SZ13RHCC";"";"89.00"
"2026-06-15";"DC_MSPI-Owned";"FES-MSPI-Owned";"661-21991";"Battery, iPhone 13";"1";"F8Y6172C1EP18FKBH";"";"89.00"
"2026-06-15";"DC_MSPI-Owned";"FES-MSPI-Owned";"661-21991";"Battery, iPhone 13";"1";"F8Y6173C4C118FKB7";"";"None"
"2026-06-15";"DC_MSPI-Owned";"FES-MSPI-Owned";"661-21991";"Battery, iPhone 13";"1";"F8Y6173C4CT18FKBF";"";"89.00"
"2026-06-15";"DC_MSPI-Owned";"FES-MSPI-Owned";"661-21991";"Battery, iPhone 13";"1";"F8Y6173C49D18FKB4";"";"89.00"
"2026-06-13";"DC_MSPI-Owned";"GL5_MSPI-Owned";"661-30373";"Battery, iPhone 14";"1";"F8Y6177C6E2231LB3";"";"99.00"
"2026-06-13";"DC_MSPI-Owned";"GL5_MSPI-Owned";"661-30382";"Battery, iPhone 14 Pro";"1";"F8Y6162C1K8217WB3";"";"99.00"
"2026-06-13";"DC_MSPI-Owned";"GL5_MSPI-Owned";"661-30382";"Battery, iPhone 14 Pro";"1";"F8Y6162C06W217WBM";"";"None"
"2026-06-13";"DC_MSPI-Owned";"GL5_MSPI-Owned";"661-22294";"Battery, iPhone 13 Pro Max";"1";"F8Y6066C0ZG13XCB0";"";"89.00"
"2026-06-13";"DC_MSPI-Owned";"GL5_MSPI-Owned";"661-22294";"Battery, iPhone 13 Pro Max";"1";"F8Y6066C2WB13XCBC";"";"89.00"
"2026-06-13";"DC_MSPI-Owned";"GL5_MSPI-Owned";"661-22294";"Battery, iPhone 13 Pro Max";"1";"F8Y6066C78H13XCBZ";"";"89.00"
"2026-06-13";"DC_MSPI-Owned";"GL5_MSPI-Owned";"661-21996";"Battery, iPhone 13 Pro";"1";"F8Y6155C5E013RHCD";"";"89.00"
"2026-06-13";"DC_MSPI-Owned";"GL5_MSPI-Owned";"661-21996";"Battery, iPhone 13 Pro";"1";"F8Y6155C4QG13RHC2";"";"89.00"
"2026-06-13";"DC_MSPI-Owned";"GL5_MSPI-Owned";"661-21996";"Battery, iPhone 13 Pro";"1";"F8Y6155C5SP13RHCN";"";"89.00"
"2026-06-13";"DC_MSPI-Owned";"GL5_MSPI-Owned";"661-21996";"Battery, iPhone 13 Pro";"1";"F8Y6155C56Y13RHC5";"";"89.00"
"2026-06-13";"DC_MSPI-Owned";"GL5_MSPI-Owned";"661-21991";"Battery, iPhone 13";"1";"F8Y6184CB8618FKB3";"";"89.00"
"2026-06-13";"DC_MSPI-Owned";"GL5_MSPI-Owned";"661-21991";"Battery, iPhone 13";"1";"F8Y6184CCPM18FKBA";"";"89.00"
"2026-06-13";"DC_MSPI-Owned";"GL5_MSPI-Owned";"661-21991";"Battery, iPhone 13";"1";"F8Y6184CA3918FKBG";"";"89.00"
"2026-06-13";"DC_MSPI-Owned";"GL5_MSPI-Owned";"661-21991";"Battery, iPhone 13";"1";"F8Y6176CD9W18FKB9";"";"89.00"
"2026-06-13";"DC_MSPI-Owned";"GL5_MSPI-Owned";"661-21991";"Battery, iPhone 13";"1";"F8Y6176CEQ318FKBQ";"";"89.00"
"2026-06-13";"DC_MSPI-Owned";"GL5_MSPI-Owned";"661-21991";"Battery, iPhone 13";"1";"F8Y6172C51T18FKBE";"";"89.00"
"2026-06-13";"DC_MSPI-Owned";"GL5_MSPI-Owned";"661-21991";"Battery, iPhone 13";"1";"F8Y6172C4ZT18FKBM";"";"None"
"2026-06-13";"DC_MSPI-Owned";"GL5_MSPI-Owned";"661-21991";"Battery, iPhone 13";"1";"F8Y6172C0X518FKBK";"";"None"
"2026-06-13";"DC_MSPI-Owned";"GL5_MSPI-Owned";"661-21991";"Battery, iPhone 13";"1";"F8Y6172C2A218FKBF";"";"89.00"
"2026-06-13";"DC_MSPI-Owned";"GL5_MSPI-Owned";"661-21991";"Battery, iPhone 13";"1";"F8Y6172C2A518FKBC";"";"None"
"2026-06-13";"DC_MSPI-Owned";"GL5_MSPI-Owned";"661-35694";"Battery, iPhone 15 Pro";"1";"F8YHSWD02G400006TP";"";"99.00"
"2026-06-13";"DC_MSPI-Owned";"GL5_MSPI-Owned";"661-35694";"Battery, iPhone 15 Pro";"1";"F8YHSWD02LD00006TP";"";"99.00"
"2026-06-13";"DC_MSPI-Owned";"GL5_MSPI-Owned";"661-21996";"Battery, iPhone 13 Pro";"1";"F8Y6154C5JD13RHCP";"";"89.00"
"2026-06-13";"DC_MSPI-Owned";"GL5_MSPI-Owned";"661-37207";"Battery, iPhone 15 Plus";"1";"F8YHRZC024600006U0";"";"99.00"
"2026-06-13";"DC_MSPI-Owned";"GL5_MSPI-Owned";"661-21996";"Battery, iPhone 13 Pro";"1";"F8Y6154C35B13RHCY";"";"None"
"2026-06-13";"DC_MSPI-Owned";"GL5_MSPI-Owned";"661-36918";"Battery, iPhone 15 Pro Max";"1";"FG9HSE00AZ500006TT";"";"99.00"
"2026-06-13";"DC_MSPI-Owned";"GL5_MSPI-Owned";"661-21996";"Battery, iPhone 13 Pro";"1";"F8Y6154C4Y513RHCQ";"";"89.00"
"2026-06-13";"DC_MSPI-Owned";"GL5_MSPI-Owned";"661-22294";"Battery, iPhone 13 Pro Max";"1";"F8Y6066C89M13XCBR";"";"89.00"
"2026-06-13";"DC_MSPI-Owned";"GL5_MSPI-Owned";"661-35885";"Battery, iPhone 15";"1";"F8YHPCC0NE200006TW";"";"99.00"
"2026-06-13";"DC_MSPI-Owned";"GL5_MSPI-Owned";"661-35694";"Battery, iPhone 15 Pro";"1";"F8YHSFD0S3800006TP";"";"99.00"
"2026-06-13";"DC_MSPI-Owned";"GL5_MSPI-Owned";"661-22294";"Battery, iPhone 13 Pro Max";"1";"F8Y6066C3CF13XCBT";"";"89.00"
"2026-06-13";"DC_MSPI-Owned";"GL5_MSPI-Owned";"661-22294";"Battery, iPhone 13 Pro Max";"1";"F8Y6066C4E213XCBZ";"";"89.00"
"2026-06-13";"DC_MSPI-Owned";"GL5_MSPI-Owned";"661-36918";"Battery, iPhone 15 Pro Max";"1";"FG9HSE00BLJ00006TT";"";"99.00"
"2026-06-13";"DC_MSPI-Owned";"GL5_MSPI-Owned";"661-35694";"Battery, iPhone 15 Pro";"1";"F8YHTAD055R00006TP";"";"None"
"2026-06-13";"DC_MSPI-Owned";"GL5_MSPI-Owned";"661-35694";"Battery, iPhone 15 Pro";"1";"F8YHSWD02LC00006TP";"";"99.00"
"2026-06-13";"DC_MSPI-Owned";"GL5_MSPI-Owned";"661-30397";"Battery, iPhone 14 Pro Max";"1";"F8Y6167C5XQ20J9BZ";"";"99.00"
"2026-06-13";"DC_MSPI-Owned";"GL5_MSPI-Owned";"661-30397";"Battery, iPhone 14 Pro Max";"1";"F8Y6166C1R420J9B8";"";"None"
"2026-06-13";"DC_MSPI-Owned";"GL5_MSPI-Owned";"661-30382";"Battery, iPhone 14 Pro";"1";"F8Y6156C8T7217WB6";"";"99.00"
"2026-06-13";"DC_MSPI-Owned";"GL5_MSPI-Owned";"661-37207";"Battery, iPhone 15 Plus";"1";"F8YHRZC024100006U0";"";"99.00"
"2026-06-13";"DC_MSPI-Owned";"GL5_MSPI-Owned";"661-30382";"Battery, iPhone 14 Pro";"1";"F8Y6156C9H9217WBZ";"";"99.00"
"2026-06-13";"DC_MSPI-Owned";"GL5_MSPI-Owned";"661-30373";"Battery, iPhone 14";"1";"F8Y6177C5R4231LB3";"";"99.00"
"2026-06-13";"DC_MSPI-Owned";"VER_MSPI-Owned";"661-22294";"Battery, iPhone 13 Pro Max";"1";"F8Y6134C7HD13XCBL";"";"89.00"
"2026-06-13";"DC_MSPI-Owned";"VER_MSPI-Owned";"661-30397";"Battery, iPhone 14 Pro Max";"1";"F8Y6153CAVU20J9B3";"";"99.00"
"2026-06-13";"DC_MSPI-Owned";"VER_MSPI-Owned";"661-30373";"Battery, iPhone 14";"1";"F8Y6177C4D4231LB6";"";"99.00"
"2026-06-13";"DC_MSPI-Owned";"VER_MSPI-Owned";"661-30382";"Battery, iPhone 14 Pro";"1";"F8Y6162C0HT217WBR";"";"99.00"
"2026-06-13";"DC_MSPI-Owned";"VER_MSPI-Owned";"661-35885";"Battery, iPhone 15";"1";"F8YHSXC01Q700006TW";"";"99.00"
"2026-06-13";"DC_MSPI-Owned";"VER_MSPI-Owned";"661-22294";"Battery, iPhone 13 Pro Max";"1";"F8Y6134C70D13XCB3";"";"89.00"
"2026-06-13";"DC_MSPI-Owned";"VER_MSPI-Owned";"661-22294";"Battery, iPhone 13 Pro Max";"1";"F8Y6134C84Z13XCB4";"";"89.00"
"2026-06-13";"DC_MSPI-Owned";"VER_MSPI-Owned";"661-22294";"Battery, iPhone 13 Pro Max";"1";"F8Y6144C18013XCBV";"";"89.00"
"2026-06-13";"DC_MSPI-Owned";"VER_MSPI-Owned";"661-22294";"Battery, iPhone 13 Pro Max";"1";"F8Y6144C5LN13XCB1";"";"89.00"
"2026-06-13";"DC_MSPI-Owned";"VER_MSPI-Owned";"661-22294";"Battery, iPhone 13 Pro Max";"1";"F8Y6134C99Z13XCBN";"";"89.00"
"2026-06-13";"DC_MSPI-Owned";"VER_MSPI-Owned";"661-21996";"Battery, iPhone 13 Pro";"1";"F8Y6155C0VP13RHCJ";"";"None"
"2026-06-13";"DC_MSPI-Owned";"VER_MSPI-Owned";"661-21996";"Battery, iPhone 13 Pro";"1";"F8Y6155C5C613RHCD";"";"89.00"
"2026-06-13";"DC_MSPI-Owned";"VER_MSPI-Owned";"661-21996";"Battery, iPhone 13 Pro";"1";"F8Y6155C17E13RHCQ";"";"89.00"
"2026-06-13";"DC_MSPI-Owned";"VER_MSPI-Owned";"661-21991";"Battery, iPhone 13";"1";"F8Y6172C0ZF18FKB3";"";"89.00"
"2026-06-13";"DC_MSPI-Owned";"VER_MSPI-Owned";"661-22294";"Battery, iPhone 13 Pro Max";"1";"F8Y6066C4XT13XCBR";"";"89.00"
"2026-06-13";"DC_MSPI-Owned";"VER_MSPI-Owned";"661-22294";"Battery, iPhone 13 Pro Max";"1";"F8Y6066C5LH13XCBZ";"";"89.00"
"2026-06-13";"DC_MSPI-Owned";"VER_MSPI-Owned";"661-21991";"Battery, iPhone 13";"1";"F8Y6172C51K18FKBN";"";"89.00"
"2026-06-13";"DC_MSPI-Owned";"VER_MSPI-Owned";"661-21991";"Battery, iPhone 13";"1";"F8Y6172C50118FKB9";"";"89.00"
"2026-06-13";"DC_MSPI-Owned";"VER_MSPI-Owned";"661-21991";"Battery, iPhone 13";"1";"F8Y6172C4ZX18FKBH";"";"89.00"
"2026-06-13";"DC_MSPI-Owned";"VER_MSPI-Owned";"661-22294";"Battery, iPhone 13 Pro Max";"1";"F8Y6066C4E713XCBU";"";"89.00"
"2026-06-13";"DC_MSPI-Owned";"VER_MSPI-Owned";"661-22294";"Battery, iPhone 13 Pro Max";"1";"F8Y6066C4XV13XCBP";"";"89.00"
"2026-06-13";"DC_MSPI-Owned";"VER_MSPI-Owned";"661-22294";"Battery, iPhone 13 Pro Max";"1";"F8Y6066C45T13XCB1";"";"89.00"
"2026-06-13";"DC_MSPI-Owned";"VER_MSPI-Owned";"661-22294";"Battery, iPhone 13 Pro Max";"1";"F8Y6066C89P13XCBP";"";"89.00"
"2026-06-13";"DC_MSPI-Owned";"VER_MSPI-Owned";"661-36918";"Battery, iPhone 15 Pro Max";"1";"FG9HSD003AN00006TT";"";"99.00"
"2026-06-13";"DC_MSPI-Owned";"VER_MSPI-Owned";"661-35885";"Battery, iPhone 15";"1";"F8YHPDC02PG00006TW";"";"99.00"
"2026-06-13";"DC_MSPI-Owned";"VER_MSPI-Owned";"661-35694";"Battery, iPhone 15 Pro";"1";"F8YHSFD0TWX00006TP";"";"99.00"
"2026-06-13";"DC_MSPI-Owned";"VER_MSPI-Owned";"661-30397";"Battery, iPhone 14 Pro Max";"1";"F8Y6166C1QZ20J9BG";"";"99.00"
"2026-06-13";"DC_MSPI-Owned";"VER_MSPI-Owned";"661-30382";"Battery, iPhone 14 Pro";"1";"F8Y6157CDAN217WB2";"";"99.00"
"2026-06-13";"DC_MSPI-Owned";"VER_MSPI-Owned";"661-30373";"Battery, iPhone 14";"1";"F8Y6177C171231LBW";"";"99.00"
"2026-06-13";"DC_MSPI-Owned";"VER_MSPI-Owned";"661-21996";"Battery, iPhone 13 Pro";"1";"F8Y6155C57T13RHC7";"";"89.00"
"2026-06-13";"DC_MSPI-Owned";"VER_MSPI-Owned";"661-21996";"Battery, iPhone 13 Pro";"1";"F8Y6155C4Q313RHCF";"";"89.00"
"2026-06-13";"DC_MSPI-Owned";"VER_MSPI-Owned";"661-21996";"Battery, iPhone 13 Pro";"1";"F8Y6155C4QR13RHCT";"";"89.00"
"2026-06-13";"DC_MSPI-Owned";"VER_MSPI-Owned";"661-21991";"Battery, iPhone 13";"1";"F8Y6183C8EE18FKBF";"";"89.00"
"2026-06-13";"DC_MSPI-Owned";"VER_MSPI-Owned";"661-21991";"Battery, iPhone 13";"1";"F8Y6185C0YK18FKBW";"";"89.00"
"2026-06-13";"DC_MSPI-Owned";"VER_MSPI-Owned";"661-21991";"Battery, iPhone 13";"1";"F8Y6184CCX618FKB1";"";"89.00"
"2026-06-13";"MEG-MSPI-Owned";"MEG-Repair";"661-13574";"Battery, iPhone 11";"1";"F8Y5442CBRZM6YNDR";"";"89.00"
"2026-06-15";"DC_MSPI-Owned";"MOA-MSPI-Owned";"661-56125";"Display, iPhone 17 Pro";"1";"G9QHRGM2ETU0000L4B";"";"329.00"
"2026-06-18";"GL5_MSPI-Owned";"GB3-MSPI-Owned";"661-42726";"Display, iPhone 16 Pro";"1";"G9PHK1F119700005DP";"";"0.00"
"2026-06-18";"DC_MSPI-Owned";"MOA-MSPI-Owned";"661-56050";"Display, iPhone 17 Pro Max";"1";"GVCHRG014300000MUZ";"";"379.00"
"2026-06-18";"DC_MSPI-Owned";"MOA-MSPI-Owned";"661-56065";"Display, iPhone 17";"1";"GVCHRF01ZYC0000U6M";"";"329.00"
"2026-06-18";"DC_MSPI-Owned";"MOA-MSPI-Owned";"661-55240";"Display, iPhone Air";"1";"GVCHJT01AM60000HU9";"";"329.00"
"2026-06-18";"DC_MSPI-Owned";"MOA-MSPI-Owned";"661-56049";"Battery, pSIM, iPhone 17 Pro Max";"1";"FG9HL501AEP00015XX";"";"119.00"
"2026-06-18";"DC_MSPI-Owned";"MOA-MSPI-Owned";"661-44954";"Battery, iPhone 16 Pro Max";"1";"F8YHQ5H0F3V0000UMK";"";"119.00"
"2026-06-18";"DC_MSPI-Owned";"MOA-MSPI-Owned";"661-42837";"Battery, iPhone 16 Plus";"1";"F8YHNX0046B0000RSS";"";"99.00"
"2026-06-18";"DC_MSPI-Owned";"MOA-MSPI-Owned";"661-44796";"Battery, iPhone 16";"1";"FG9HNM00GFA0000R3T";"";"99.00"
"2026-06-18";"DC_MSPI-Owned";"MOA-MSPI-Owned";"661-42720";"Battery, iPhone 16 Pro";"1";"F8YHQLA006F0000RZ2";"";"119.00"
"2026-06-18";"DC_MSPI-Owned";"FES-MSPI-Owned";"661-56125";"Display, iPhone 17 Pro";"1";"G9QHRDN5HMA0000L4B";"";"329.00"
"2026-06-18";"DC_MSPI-Owned";"FES-MSPI-Owned";"661-56050";"Display, iPhone 17 Pro Max";"1";"GH3HRN00VT00000MUZ";"";"379.00"
"2026-06-18";"DC_MSPI-Owned";"FES-MSPI-Owned";"661-56065";"Display, iPhone 17";"1";"GVCHR9008LK0000U6M";"";"329.00"
"2026-06-18";"DC_MSPI-Owned";"FES-MSPI-Owned";"661-55240";"Display, iPhone Air";"1";"GVCHKB00VQL0000HU9";"";"329.00"
"2026-06-18";"DC_MSPI-Owned";"FES-MSPI-Owned";"661-56049";"Battery, pSIM, iPhone 17 Pro Max";"1";"FG9HL5014E600015XX";"";"119.00"
"2026-06-18";"DC_MSPI-Owned";"FES-MSPI-Owned";"661-44954";"Battery, iPhone 16 Pro Max";"1";"F8YHQ5H0GZB0000UMK";"";"119.00"
"2026-06-18";"DC_MSPI-Owned";"FES-MSPI-Owned";"661-42837";"Battery, iPhone 16 Plus";"1";"F8YHNW00A550000RSS";"";"99.00"
"2026-06-18";"DC_MSPI-Owned";"FES-MSPI-Owned";"661-44796";"Battery, iPhone 16";"1";"FG9HNP000050000R3T";"";"99.00"
"2026-06-18";"DC_MSPI-Owned";"FES-MSPI-Owned";"661-42720";"Battery, iPhone 16 Pro";"1";"F8YHQMA02F40000RZ2";"";"119.00"
"2026-06-18";"DC_MSPI-Owned";"SMS_MSPI-Owned";"661-56049";"Battery, pSIM, iPhone 17 Pro Max";"1";"FG9HL501A6900015XX";"";"119.00"
"2026-06-22";"GL5_MSPI-Owned";"GB3-MSPI-Owned";"661-22311";"Display, iPhone 13 mini";"1";"G9Q4523A26UPRRDAR";"";"192.00"
"2026-06-22";"GL5_MSPI-Owned";"GB3-MSPI-Owned";"661-21991";"Battery, iPhone 13";"1";"F8Y6172C0X518FKBK";"";"89.00"
"2026-06-22";"GL5_MSPI-Owned";"GB3-MSPI-Owned";"661-30382";"Battery, iPhone 14 Pro";"1";"F8Y6162C06W217WBM";"";"99.00"
"2026-06-22";"VER_MSPI-Owned";"TRI-MSPI-Owned";"661-22311";"Display, iPhone 13 mini";"1";"G9Q4483AG18PRRDAV";"";"None"
"2026-06-23";"MEG-MSPI-Owned";"MEG-Repair";"661-42726";"Display, iPhone 16 Pro";"1";"G9PHLTT0NXF00005DP";"";"0.00"
"2026-06-23";"GL5_MSPI-Owned";"GB3-MSPI-Owned";"661-35694";"Battery, iPhone 15 Pro";"1";"F8YHTAD055R00006TP";"";"99.00"
"2026-06-26";"DC_MSPI-Owned";"GL5_MSPI-Owned";"661-35828";"Camera, iPhone 15";"1";"DN83341MDKD1MCN3R";"";"169.00"
"2026-06-27";"MEG-Repair";"MEG-MSPI-Owned";"661-42726";"Display, iPhone 16 Pro";"1";"G9PHLST318500005DP";"";"0.00"
"2026-06-27";"GL5_MSPI-Owned";"GB3-MSPI-Owned";"661-21991";"Battery, iPhone 13";"1";"F8Y6172C51T18FKBE";"";"None"
"2026-06-27";"GL5_MSPI-Owned";"GB3-MSPI-Owned";"661-21991";"Battery, iPhone 13";"1";"F8Y6172C2A518FKBC";"";"89.00"
"2026-06-29";"GL5_MSPI-Owned";"MAG-MSPI-Owned";"661-21991";"Battery, iPhone 13";"1";"F8Y6172C4ZT18FKBM";"";"89.00"
"2026-07-01";"MAG-MSPI-Owned";"FES-MSPI-Owned";"661-22294";"Battery, iPhone 13 Pro Max";"1";"F8Y6066C17P13XCB2";"";"89.00"
"2026-07-01";"DC_MSPI-Owned";"GL5_MSPI-Owned";"661-22294";"Battery, iPhone 13 Pro Max";"1";"F8Y6182C1GD13XCBG";"";"89.00"
"2026-07-01";"DC_MSPI-Owned";"GL5_MSPI-Owned";"661-56121";"Battery, pSIM, iPhone 17 Pro";"1";"F8YHKFY0LTZ000161P";"";"119.00"
"2026-07-01";"DC_MSPI-Owned";"GL5_MSPI-Owned";"661-37207";"Battery, iPhone 15 Plus";"1";"F8YHTCC00VY00006U0";"";"99.00"
"2026-07-01";"DC_MSPI-Owned";"GL5_MSPI-Owned";"661-35694";"Battery, iPhone 15 Pro";"1";"F8YHT8D051M00006TP";"";"99.00"
"2026-07-01";"DC_MSPI-Owned";"GL5_MSPI-Owned";"661-30373";"Battery, iPhone 14";"1";"F8Y6181C2YD231LBD";"";"99.00"
"2026-07-01";"DC_MSPI-Owned";"GL5_MSPI-Owned";"661-30397";"Battery, iPhone 14 Pro Max";"1";"F8Y6166C0Y820J9BJ";"";"99.00"
"2026-07-01";"DC_MSPI-Owned";"GL5_MSPI-Owned";"661-30382";"Battery, iPhone 14 Pro";"1";"F8Y6162C59W217WB7";"";"99.00"
"2026-07-01";"DC_MSPI-Owned";"GL5_MSPI-Owned";"661-30382";"Battery, iPhone 14 Pro";"1";"F8Y6157C2SB217WBA";"";"99.00"
"2026-07-01";"DC_MSPI-Owned";"GL5_MSPI-Owned";"661-21996";"Battery, iPhone 13 Pro";"1";"F8Y6164C0A013RHCU";"";"89.00"
"2026-07-01";"DC_MSPI-Owned";"GL5_MSPI-Owned";"661-30397";"Battery, iPhone 14 Pro Max";"1";"F8Y6166C24Y20J9B8";"";"99.00"
"2026-07-01";"DC_MSPI-Owned";"GL5_MSPI-Owned";"661-21996";"Battery, iPhone 13 Pro";"1";"F8Y6165C4B413RHCG";"";"89.00"
"2026-07-01";"DC_MSPI-Owned";"GL5_MSPI-Owned";"661-21991";"Battery, iPhone 13";"1";"F8Y6211C0BL18FKBE";"";"89.00"
"2026-07-01";"DC_MSPI-Owned";"GL5_MSPI-Owned";"661-21991";"Battery, iPhone 13";"1";"F8Y6206C30K18FKB9";"";"89.00"
"2026-07-01";"DC_MSPI-Owned";"GL5_MSPI-Owned";"661-21991";"Battery, iPhone 13";"1";"F8Y6211C15918FKB8";"";"89.00"
"2026-07-01";"DC_MSPI-Owned";"GL5_MSPI-Owned";"661-22294";"Battery, iPhone 13 Pro Max";"1";"F8Y6182C1FY13XCB0";"";"89.00"
"2026-07-01";"DC_MSPI-Owned";"GL5_MSPI-Owned";"661-21991";"Battery, iPhone 13";"1";"F8Y6206C41N18FKB2";"";"None"
"2026-07-01";"DC_MSPI-Owned";"GL5_MSPI-Owned";"661-21991";"Battery, iPhone 13";"1";"F8Y6206C7MG18FKBD";"";"None"
"2026-07-01";"DC_MSPI-Owned";"GL5_MSPI-Owned";"661-21996";"Battery, iPhone 13 Pro";"1";"F8Y6165C65W13RHC6";"";"89.00"
"2026-07-01";"DC_MSPI-Owned";"GL5_MSPI-Owned";"661-21991";"Battery, iPhone 13";"1";"F8Y6206C43C18FKB6";"";"89.00"
"2026-07-01";"DC_MSPI-Owned";"GL5_MSPI-Owned";"661-21991";"Battery, iPhone 13";"1";"F8Y6211C1LU18FKBC";"";"89.00"
"2026-07-01";"DC_MSPI-Owned";"GL5_MSPI-Owned";"661-30382";"Battery, iPhone 14 Pro";"1";"F8Y6162C5Y9217WBT";"";"99.00"
"2026-07-01";"DC_MSPI-Owned";"GL5_MSPI-Owned";"661-35694";"Battery, iPhone 15 Pro";"1";"F8YHTAD05AU00006TP";"";"None"
"2026-07-01";"DC_MSPI-Owned";"GL5_MSPI-Owned";"661-35694";"Battery, iPhone 15 Pro";"1";"F8YHTAD025200006TP";"";"99.00"
"2026-07-01";"DC_MSPI-Owned";"GL5_MSPI-Owned";"661-44954";"Battery, iPhone 16 Pro Max";"1";"F8YHQ5H09S90000UMK";"";"119.00"
"2026-07-01";"DC_MSPI-Owned";"GL5_MSPI-Owned";"661-22294";"Battery, iPhone 13 Pro Max";"1";"F8Y6195C2RJ13XCBB";"";"89.00"
"2026-07-01";"DC_MSPI-Owned";"GL5_MSPI-Owned";"661-56050";"Display, iPhone 17 Pro Max";"1";"GH3HS8005950000MUZ";"";"379.00"
"2026-07-01";"DC_MSPI-Owned";"GL5_MSPI-Owned";"661-44955";"Display, iPhone 16 Pro Max";"1";"G9PHJ4U0V9X00005DR";"";"379.00"
"2026-07-01";"DC_MSPI-Owned";"GL5_MSPI-Owned";"661-42726";"Display, iPhone 16 Pro";"1";"G9PHRBT23QZ00005DP";"";"329.00"
"2026-07-01";"DC_MSPI-Owned";"GB3-MSPI-Owned";"661-30394";"Battery, iPhone 14 Plus";"1";"F8Y6233C4GL237KBD";"";"99.00"
"2026-07-01";"DC_MSPI-Owned";"GB3-MSPI-Owned";"661-30397";"Battery, iPhone 14 Pro Max";"1";"F8Y6166C70420J9B9";"";"99.00"
"2026-07-01";"DC_MSPI-Owned";"GB3-MSPI-Owned";"661-22294";"Battery, iPhone 13 Pro Max";"1";"F8Y6175C7NZ13XCB6";"";"89.00"
"2026-07-01";"DC_MSPI-Owned";"GB3-MSPI-Owned";"661-35885";"Battery, iPhone 15";"1";"F8YHPDC02LY00006TW";"";"99.00"
"2026-07-01";"DC_MSPI-Owned";"GB3-MSPI-Owned";"661-56050";"Display, iPhone 17 Pro Max";"1";"GH3HS600CT30000MUZ";"";"379.00"
"2026-07-01";"TRI-MSPI-Owned";"TRI_Finished Goods";"MFYN4X/A";"iPhone 17 Pro Max 256GB Cosmic Orange";"1";"SHDWDPQYMV6";"";"89290.50"
"2026-07-03";"MOA-MSPI-Owned";"MOA_Finished Goods";"MG6L4X/A";"IPHONE 17 256GB MIST BLUE";"1";"F2MWV6L36L";"";"59840.50"
"2026-07-04";"DC_MSPI-Owned";"VER_MSPI-Owned";"661-21996";"Battery, iPhone 13 Pro";"1";"F8Y6165C4G113RHC4";"";"89.00"
"2026-07-04";"DC_MSPI-Owned";"VER_MSPI-Owned";"661-30397";"Battery, iPhone 14 Pro Max";"1";"F8Y6166C34V20J9BA";"";"99.00"
"2026-07-04";"DC_MSPI-Owned";"VER_MSPI-Owned";"661-44954";"Battery, iPhone 16 Pro Max";"1";"F8YHQ5H08ES0000UMK";"";"119.00"
"2026-07-04";"DC_MSPI-Owned";"VER_MSPI-Owned";"661-21991";"Battery, iPhone 13";"1";"F8Y6207C2X918FKBU";"";"89.00"
"2026-07-04";"DC_MSPI-Owned";"VER_MSPI-Owned";"661-21991";"Battery, iPhone 13";"1";"F8Y6211C0PG18FKBG";"";"89.00"
"2026-07-04";"DC_MSPI-Owned";"VER_MSPI-Owned";"661-21991";"Battery, iPhone 13";"1";"F8Y6211C12618FKBL";"";"89.00"
"2026-07-04";"DC_MSPI-Owned";"VER_MSPI-Owned";"661-30382";"Battery, iPhone 14 Pro";"1";"F8Y6162C7GQ217WBQ";"";"99.00"
"2026-07-04";"DC_MSPI-Owned";"VER_MSPI-Owned";"661-30382";"Battery, iPhone 14 Pro";"1";"F8Y6162C76P217WBM";"";"99.00"
"2026-07-04";"DC_MSPI-Owned";"VER_MSPI-Owned";"661-21988";"Display, iPhone 13";"1";"G9P5491C38FPR5QAL";"";"279.00"
"2026-07-04";"DC_MSPI-Owned";"VER_MSPI-Owned";"661-30366";"Display, iPhone 14";"1";"G9Q5495VA1E1502A0";"";"279.00"
"2026-07-04";"DC_MSPI-Owned";"VER_MSPI-Owned";"661-30373";"Battery, iPhone 14";"1";"F8Y6181C2YK231LB7";"";"99.00"
"2026-07-04";"DC_MSPI-Owned";"VER_MSPI-Owned";"661-22294";"Battery, iPhone 13 Pro Max";"1";"F8Y6195C2RS13XCB3";"";"89.00"
"2026-07-04";"DC_MSPI-Owned";"VER_MSPI-Owned";"661-36706";"Display, iPhone 15";"1";"G9P5432SA8V21KHAS";"";"279.00"
"2026-07-04";"DC_MSPI-Owned";"VER_MSPI-Owned";"661-44797";"Display, iPhone 16";"1";"G9QHQXR13DT00004Y7";"";"279.00"
"2026-07-04";"DC_MSPI-Owned";"VER_MSPI-Owned";"661-42726";"Display, iPhone 16 Pro";"1";"G9PHRCT0D0V00005DP";"";"329.00"
"2026-07-04";"DC_MSPI-Owned";"VER_MSPI-Owned";"661-44955";"Display, iPhone 16 Pro Max";"1";"G9PHJ2S0E5400005DR";"";"379.00"
"2026-07-04";"DC_MSPI-Owned";"VER_MSPI-Owned";"661-56050";"Display, iPhone 17 Pro Max";"1";"GH3HS901U400000MUZ";"";"379.00"
"2026-07-04";"DC_MSPI-Owned";"VER_MSPI-Owned";"661-42720";"Battery, iPhone 16 Pro";"1";"F8YHT8A0AJ80000RZ2";"";"119.00"
"2026-07-04";"DC_MSPI-Owned";"VER_MSPI-Owned";"661-21996";"Battery, iPhone 13 Pro";"1";"F8Y6126C5PM13RHC7";"";"89.00"
"2026-07-04";"DC_MSPI-Owned";"VER_MSPI-Owned";"661-37207";"Battery, iPhone 15 Plus";"1";"F8YHTCC00NX00006U0";"";"99.00"
"2026-07-04";"DC_MSPI-Owned";"VER_MSPI-Owned";"661-36918";"Battery, iPhone 15 Pro Max";"1";"FG9HSY000AX00006TT";"";"99.00"
"2026-07-04";"DC_MSPI-Owned";"VER_MSPI-Owned";"661-36918";"Battery, iPhone 15 Pro Max";"1";"FG9HSY0024E00006TT";"";"99.00"
"2026-07-04";"DC_MSPI-Owned";"VER_MSPI-Owned";"661-22294";"Battery, iPhone 13 Pro Max";"1";"F8Y6195C5AC13XCBR";"";"89.00"
"2026-07-04";"DC_MSPI-Owned";"VER_MSPI-Owned";"661-30394";"Battery, iPhone 14 Plus";"1";"F8Y6233C49Z237KBM";"";"99.00"
"2026-07-04";"DC_MSPI-Owned";"VER_MSPI-Owned";"661-30382";"Battery, iPhone 14 Pro";"1";"F8Y6162C5YD217WBP";"";"99.00"
"2026-07-04";"DC_MSPI-Owned";"VER_MSPI-Owned";"661-30382";"Battery, iPhone 14 Pro";"1";"F8Y6163C69S217WB9";"";"99.00"
"2026-07-04";"DC_MSPI-Owned";"VER_MSPI-Owned";"661-30373";"Battery, iPhone 14";"1";"F8Y6181C2Y4231LBN";"";"99.00"
"2026-07-04";"DC_MSPI-Owned";"VER_MSPI-Owned";"661-30397";"Battery, iPhone 14 Pro Max";"1";"F8Y6166C4KT20J9B0";"";"99.00"
"2026-07-04";"DC_MSPI-Owned";"VER_MSPI-Owned";"661-30397";"Battery, iPhone 14 Pro Max";"1";"F8Y6166C2ZM20J9B0";"";"99.00"
"2026-07-04";"DC_MSPI-Owned";"VER_MSPI-Owned";"661-22294";"Battery, iPhone 13 Pro Max";"1";"F8Y6171C13T13XCBB";"";"89.00"
"2026-07-04";"DC_MSPI-Owned";"VER_MSPI-Owned";"661-21991";"Battery, iPhone 13";"1";"F8Y6206C8D718FKBB";"";"89.00"
"2026-07-04";"DC_MSPI-Owned";"VER_MSPI-Owned";"661-21991";"Battery, iPhone 13";"1";"F8Y6211C13J18FKB5";"";"89.00"
"2026-07-04";"DC_MSPI-Owned";"VER_MSPI-Owned";"661-35694";"Battery, iPhone 15 Pro";"1";"F8YHSFD0SSX00006TP";"";"99.00"
"2026-07-04";"DC_MSPI-Owned";"VER_MSPI-Owned";"661-36918";"Battery, iPhone 15 Pro Max";"1";"FG9HSY002X400006TT";"";"99.00"
"2026-07-03";"DC_MSPI-Owned";"NES_MSPI-Owned";"661-49431";"Display, iPhone 16e";"1";"G9Q5385XM721502AF";"";"229.00"
"2026-07-03";"DC_MSPI-Owned";"NES_MSPI-Owned";"661-55240";"Display, iPhone Air";"1";"GVCHJW03K690000HU9";"";"329.00"
"2026-07-03";"DC_MSPI-Owned";"NES_MSPI-Owned";"661-56049";"Battery, pSIM, iPhone 17 Pro Max";"1";"FG9HL501A3T00015XX";"";"119.00"
"2026-07-03";"DC_MSPI-Owned";"NES_MSPI-Owned";"661-44796";"Battery, iPhone 16";"1";"FG9HNM00F190000R3T";"";"99.00"
"2026-07-03";"DC_MSPI-Owned";"NES_MSPI-Owned";"661-44796";"Battery, iPhone 16";"1";"FG9HNM00DN50000R3T";"";"99.00"
"2026-07-03";"DC_MSPI-Owned";"NES_MSPI-Owned";"661-36918";"Battery, iPhone 15 Pro Max";"1";"FG9HSE003WW00006TT";"";"None"
"2026-07-03";"DC_MSPI-Owned";"NES_MSPI-Owned";"661-21996";"Battery, iPhone 13 Pro";"1";"F8Y6133C4B313RHCU";"";"89.00"
"2026-07-03";"DC_MSPI-Owned";"NES_MSPI-Owned";"661-21996";"Battery, iPhone 13 Pro";"1";"F8Y6126C1MP13RHCF";"";"89.00"
"2026-07-04";"DC_MSPI-Owned";"SMS_MSPI-Owned";"661-44955";"Display, iPhone 16 Pro Max";"1";"G9PHJ0U0N8N00005DR";"";"379.00"
"2026-07-04";"DC_MSPI-Owned";"SMS_MSPI-Owned";"661-30401";"Display, iPhone 14 Pro Max";"1";"G9P5181NGQY14YDA3";"";"379.00"
"2026-07-04";"DC_MSPI-Owned";"SMS_MSPI-Owned";"661-21991";"Battery, iPhone 13";"1";"F8Y6211C12018FKBS";"";"89.00"
"2026-07-04";"DC_MSPI-Owned";"SMS_MSPI-Owned";"661-21991";"Battery, iPhone 13";"1";"F8Y6211C11F18FKBE";"";"89.00"
"2026-07-04";"DC_MSPI-Owned";"SMS_MSPI-Owned";"661-21991";"Battery, iPhone 13";"1";"F8Y6211C1LC18FKBU";"";"89.00"
"2026-07-04";"DC_MSPI-Owned";"SMS_MSPI-Owned";"661-21991";"Battery, iPhone 13";"1";"F8Y6211C0PE18FKBJ";"";"89.00"
"2026-07-04";"DC_MSPI-Owned";"SMS_MSPI-Owned";"661-30397";"Battery, iPhone 14 Pro Max";"1";"F8Y6166C85A20J9BM";"";"99.00"
"2026-07-04";"DC_MSPI-Owned";"SMS_MSPI-Owned";"661-22294";"Battery, iPhone 13 Pro Max";"1";"F8Y6182C1G313XCBS";"";"89.00"
"2026-07-04";"DC_MSPI-Owned";"SMS_MSPI-Owned";"661-21996";"Battery, iPhone 13 Pro";"1";"F8Y6165C4BA13RHCA";"";"89.00"
"2026-07-04";"DC_MSPI-Owned";"SMS_MSPI-Owned";"661-21991";"Battery, iPhone 13";"1";"F8Y6211C4J418FKB5";"";"89.00"
"2026-07-04";"DC_MSPI-Owned";"SMS_MSPI-Owned";"661-21991";"Battery, iPhone 13";"1";"F8Y6206C43018FKBJ";"";"89.00"
"2026-07-04";"DC_MSPI-Owned";"SMS_MSPI-Owned";"661-21991";"Battery, iPhone 13";"1";"F8Y6211C04Q18FKBX";"";"89.00"
"2026-07-04";"DC_MSPI-Owned";"SMS_MSPI-Owned";"661-56050";"Display, iPhone 17 Pro Max";"1";"GH3HRP015UH0000MUZ";"";"379.00"
"2026-07-04";"DC_MSPI-Owned";"SMS_MSPI-Owned";"661-21991";"Battery, iPhone 13";"1";"F8Y6211C1L618FKB0";"";"89.00"
"2026-07-04";"DC_MSPI-Owned";"SMS_MSPI-Owned";"661-21991";"Battery, iPhone 13";"1";"F8Y6211C01D18FKBH";"";"89.00"
"2026-07-04";"DC_MSPI-Owned";"SMS_MSPI-Owned";"661-21991";"Battery, iPhone 13";"1";"F8Y6211C05018FKBJ";"";"89.00"
"2026-07-04";"DC_MSPI-Owned";"SMS_MSPI-Owned";"661-44797";"Display, iPhone 16";"1";"G9NHQV21ACG00004Y7";"";"279.00"
"2026-07-04";"DC_MSPI-Owned";"SMS_MSPI-Owned";"661-42726";"Display, iPhone 16 Pro";"1";"G9PHRDT22KA00005DP";"";"329.00"
"2026-07-04";"DC_MSPI-Owned";"SMS_MSPI-Owned";"661-21991";"Battery, iPhone 13";"1";"F8Y6211C16018FKBE";"";"89.00"
"2026-07-04";"DC_MSPI-Owned";"SMS_MSPI-Owned";"661-21991";"Battery, iPhone 13";"1";"F8Y6206CA2G18FKBZ";"";"89.00"
"2026-07-04";"DC_MSPI-Owned";"SMS_MSPI-Owned";"661-21991";"Battery, iPhone 13";"1";"F8Y6185C29F18FKBZ";"";"89.00"
"2026-07-04";"DC_MSPI-Owned";"SMS_MSPI-Owned";"661-30397";"Battery, iPhone 14 Pro Max";"1";"F8Y6166C20E20J9B4";"";"99.00"
"2026-07-04";"DC_MSPI-Owned";"SMS_MSPI-Owned";"661-35694";"Battery, iPhone 15 Pro";"1";"F8YHSWD02AD00006TP";"";"99.00"
"2026-07-04";"DC_MSPI-Owned";"SMS_MSPI-Owned";"661-21991";"Battery, iPhone 13";"1";"F8Y6207C47Y18FKB7";"";"89.00"
"2026-07-04";"DC_MSPI-Owned";"SMS_MSPI-Owned";"661-21991";"Battery, iPhone 13";"1";"F8Y6184CCZ818FKBT";"";"89.00"
"2026-07-05";"DC_MSPI-Owned";"FES-MSPI-Owned";"661-21988";"Display, iPhone 13";"1";"G9P5487CCGBPR5QAN";"";"279.00"
"2026-07-05";"DC_MSPI-Owned";"FES-MSPI-Owned";"661-42726";"Display, iPhone 16 Pro";"1";"G9PHMGT0VST00005DP";"";"329.00"
"2026-07-05";"DC_MSPI-Owned";"FES-MSPI-Owned";"661-22294";"Battery, iPhone 13 Pro Max";"1";"F8Y6175CA2613XCBN";"";"89.00"
"2026-07-05";"DC_MSPI-Owned";"FES-MSPI-Owned";"661-30382";"Battery, iPhone 14 Pro";"1";"F8Y6162C7GR217WBP";"";"None"
"2026-07-05";"DC_MSPI-Owned";"FES-MSPI-Owned";"661-30397";"Battery, iPhone 14 Pro Max";"1";"F8Y6166C1JC20J9BM";"";"99.00"
"2026-07-05";"DC_MSPI-Owned";"FES-MSPI-Owned";"661-22294";"Battery, iPhone 13 Pro Max";"1";"F8Y6175C97113XCBD";"";"89.00"
"2026-07-05";"DC_MSPI-Owned";"FES-MSPI-Owned";"661-21991";"Battery, iPhone 13";"1";"F8Y6211C15P18FKBU";"";"89.00"
"2026-07-05";"DC_MSPI-Owned";"FES-MSPI-Owned";"661-30394";"Battery, iPhone 14 Plus";"1";"F8Y6233C4GK237KBE";"";"99.00"
"2026-07-05";"DC_MSPI-Owned";"FES-MSPI-Owned";"661-30394";"Battery, iPhone 14 Plus";"1";"F8Y6234C11F237KBX";"";"99.00"
"2026-07-04";"DC_MSPI-Owned";"TRI-MSPI-Owned";"661-56064";"Battery, iPhone 17";"1";"F8YHKR00GSM0001510";"";"99.00"
"2026-07-04";"DC_MSPI-Owned";"TRI-MSPI-Owned";"661-35885";"Battery, iPhone 15";"1";"F8YHRFC035000006TW";"";"99.00"
"2026-07-04";"DC_MSPI-Owned";"TRI-MSPI-Owned";"661-21991";"Battery, iPhone 13";"1";"F8Y6211C0SR18FKBY";"";"89.00"
"2026-07-04";"DC_MSPI-Owned";"TRI-MSPI-Owned";"661-21991";"Battery, iPhone 13";"1";"F8Y6206C8BK18FKB5";"";"89.00"
"2026-07-04";"DC_MSPI-Owned";"TRI-MSPI-Owned";"661-22294";"Battery, iPhone 13 Pro Max";"1";"F8Y6165C5BS13XCBH";"";"89.00"
"2026-07-04";"DC_MSPI-Owned";"TRI-MSPI-Owned";"661-21996";"Battery, iPhone 13 Pro";"1";"F8Y6154C0FQ13RHCS";"";"89.00"
"2026-07-04";"DC_MSPI-Owned";"TRI-MSPI-Owned";"661-21991";"Battery, iPhone 13";"1";"F8Y6207C34R18FKBQ";"";"89.00"
"2026-07-04";"DC_MSPI-Owned";"TRI-MSPI-Owned";"661-36918";"Battery, iPhone 15 Pro Max";"1";"FG9HRK000JE00006TT";"";"99.00"
"2026-07-04";"DC_MSPI-Owned";"TRI-MSPI-Owned";"661-22294";"Battery, iPhone 13 Pro Max";"1";"F8Y6171C11A13XCB0";"";"89.00"
"2026-07-04";"DC_MSPI-Owned";"TRI-MSPI-Owned";"661-37207";"Battery, iPhone 15 Plus";"1";"F8YHRLC01CN00006U0";"";"99.00"
"2026-07-04";"DC_MSPI-Owned";"MAG-MSPI-Owned";"661-36918";"Battery, iPhone 15 Pro Max";"1";"FG9HT1005DJ00006TT";"";"99.00"
"2026-07-04";"DC_MSPI-Owned";"MAG-MSPI-Owned";"661-35885";"Battery, iPhone 15";"1";"F8YHS9C0UWY00006TW";"";"99.00"
"2026-07-04";"DC_MSPI-Owned";"MAG-MSPI-Owned";"661-22294";"Battery, iPhone 13 Pro Max";"1";"F8Y6195C5PW13XCB2";"";"89.00"
"2026-07-04";"DC_MSPI-Owned";"MAG-MSPI-Owned";"661-21991";"Battery, iPhone 13";"1";"F8Y6206C8B618FKBJ";"";"89.00"
"2026-07-04";"DC_MSPI-Owned";"MAG-MSPI-Owned";"661-21991";"Battery, iPhone 13";"1";"F8Y6143C7VS18FKB5";"";"89.00"
"2026-07-04";"DC_MSPI-Owned";"MAG-MSPI-Owned";"661-44955";"Display, iPhone 16 Pro Max";"1";"G9PHJEK06LB00005DR";"";"379.00"
"2026-07-04";"DC_MSPI-Owned";"MRK-MSPI-Owned";"661-56050";"Display, iPhone 17 Pro Max";"1";"G9PHSAE49920000MUY";"";"379.00"
"2026-07-04";"DC_MSPI-Owned";"MRK-MSPI-Owned";"661-44955";"Display, iPhone 16 Pro Max";"1";"G9PHHWK1EZ900005DR";"";"379.00"
"2026-07-04";"DC_MSPI-Owned";"MRK-MSPI-Owned";"661-30401";"Display, iPhone 14 Pro Max";"1";"G9P5183NE9914YDA3";"";"379.00"
"2026-07-04";"DC_MSPI-Owned";"MRK-MSPI-Owned";"661-21988";"Display, iPhone 13";"1";"G9P5491C1E8PR5QAB";"";"279.00"
"2026-07-04";"DC_MSPI-Owned";"MRK-MSPI-Owned";"661-30366";"Display, iPhone 14";"1";"G9Q5486VB891502AK";"";"279.00"
"2026-07-04";"DC_MSPI-Owned";"MRK-MSPI-Owned";"661-30382";"Battery, iPhone 14 Pro";"1";"F8Y6163C1AV217WB8";"";"99.00"
"2026-07-04";"DC_MSPI-Owned";"MRK-MSPI-Owned";"661-22294";"Battery, iPhone 13 Pro Max";"1";"F8Y6175C8VJ13XCBZ";"";"89.00"
"2026-07-04";"DC_MSPI-Owned";"POD_MSPI-Owned";"661-56050";"Display, iPhone 17 Pro Max";"1";"G9PHS9V3U6K0000MUY";"";"379.00"
"2026-07-04";"DC_MSPI-Owned";"POD_MSPI-Owned";"661-44955";"Display, iPhone 16 Pro Max";"1";"G9PHJ3U09PA00005DR";"";"379.00"
"2026-07-04";"DC_MSPI-Owned";"POD_MSPI-Owned";"661-42726";"Display, iPhone 16 Pro";"1";"G9PHMDT2KYW00005DP";"";"329.00"
"2026-07-04";"DC_MSPI-Owned";"POD_MSPI-Owned";"661-36706";"Display, iPhone 15";"1";"G9Q5481UA3V21KHAL";"";"279.00"
"2026-07-04";"DC_MSPI-Owned";"POD_MSPI-Owned";"661-35885";"Battery, iPhone 15";"1";"F8YHS9C0UW200006TW";"";"99.00"
"2026-07-04";"DC_MSPI-Owned";"POD_MSPI-Owned";"661-30397";"Battery, iPhone 14 Pro Max";"1";"F8Y6166C8PV20J9BG";"";"99.00"
"2026-07-04";"DC_MSPI-Owned";"POD_MSPI-Owned";"661-36918";"Battery, iPhone 15 Pro Max";"1";"FG9HSY000AT00006TT";"";"99.00"
"2026-07-04";"DC_MSPI-Owned";"POD_MSPI-Owned";"661-35694";"Battery, iPhone 15 Pro";"1";"F8YHSGD0BV500006TP";"";"None"
"2026-07-04";"DC_MSPI-Owned";"POD_MSPI-Owned";"661-30382";"Battery, iPhone 14 Pro";"1";"F8Y6142C97V217WBG";"";"99.00"
"2026-07-04";"DC_MSPI-Owned";"POD_MSPI-Owned";"661-21996";"Battery, iPhone 13 Pro";"1";"F8Y6154C2MD13RHCH";"";"89.00"
"2026-07-04";"DC_MSPI-Owned";"MEG-MSPI-Owned";"661-30397";"Battery, iPhone 14 Pro Max";"1";"F8Y6166C2ZE20J9B7";"";"99.00"
"2026-07-04";"DC_MSPI-Owned";"MEG-MSPI-Owned";"661-30397";"Battery, iPhone 14 Pro Max";"1";"F8Y6166C1KW20J9B0";"";"99.00"
"2026-07-04";"DC_MSPI-Owned";"MEG-MSPI-Owned";"661-30382";"Battery, iPhone 14 Pro";"1";"F8Y6162C5A0217WB0";"";"99.00"
"2026-07-04";"DC_MSPI-Owned";"MEG-MSPI-Owned";"661-22294";"Battery, iPhone 13 Pro Max";"1";"F8Y6182C0PL13XCBP";"";"89.00"
"2026-07-04";"DC_MSPI-Owned";"MEG-MSPI-Owned";"661-21991";"Battery, iPhone 13";"1";"F8Y6137C3HP18FKBD";"";"89.00"
"2026-07-04";"DC_MSPI-Owned";"MEG-MSPI-Owned";"661-21991";"Battery, iPhone 13";"1";"F8Y6143C4DB18FKB3";"";"None"
"2026-07-04";"DC_MSPI-Owned";"MEG-MSPI-Owned";"661-30373";"Battery, iPhone 14";"1";"F8Y6176C6LC231LBA";"";"99.00"
"2026-07-04";"DC_MSPI-Owned";"MEG-MSPI-Owned";"661-21996";"Battery, iPhone 13 Pro";"1";"F8Y6164C1DW13RHCN";"";"89.00"
"2026-07-04";"DC_MSPI-Owned";"MEG-MSPI-Owned";"661-30397";"Battery, iPhone 14 Pro Max";"1";"F8Y6166C6Z820J9B9";"";"None"
"2026-07-04";"DC_MSPI-Owned";"MEG-MSPI-Owned";"661-21991";"Battery, iPhone 13";"1";"F8Y6184CCZ118FKB0";"";"89.00"
"2026-07-04";"DC_MSPI-Owned";"ANX-MSPI-Owned";"661-21991";"Battery, iPhone 13";"1";"F8Y6211C2VM18FKBR";"";"89.00"
"2026-07-04";"DC_MSPI-Owned";"ANX-MSPI-Owned";"661-21991";"Battery, iPhone 13";"1";"F8Y6211C0GD18FKB6";"";"89.00"
"2026-07-04";"DC_MSPI-Owned";"ANX-MSPI-Owned";"661-21996";"Battery, iPhone 13 Pro";"1";"F8Y6154C0MA13RHCN";"";"89.00"
"2026-07-04";"DC_MSPI-Owned";"ANX-MSPI-Owned";"661-30373";"Battery, iPhone 14";"1";"F8Y6181C5C0231LBF";"";"99.00"
"2026-07-06";"DC_MSPI-Owned";"NES_MSPI-Owned";"661-42843";"Display, iPhone 16 Plus";"1";"G9QHQUT0YSF00004Y9";"";"329.00"
"2026-07-06";"DC_MSPI-Owned";"NES_MSPI-Owned";"661-36918";"Battery, iPhone 15 Pro Max";"1";"FG9HT1003WJ00006TT";"";"99.00"
"2026-07-06";"DC_MSPI-Owned";"NES_MSPI-Owned";"661-30394";"Battery, iPhone 14 Plus";"1";"F8Y6233C6J7237KBJ";"";"99.00"
"2026-07-04";"DC_MSPI-Owned";"VER_MSPI-Owned";"661-21991";"Battery, iPhone 13";"1";"F8Y6143C0TW18FKBE";"";"89.00"
"2026-07-04";"DC_MSPI-Owned";"VER_MSPI-Owned";"661-21991";"Battery, iPhone 13";"1";"F8Y6143C7AK18FKB1";"";"89.00"
"2026-07-04";"DC_MSPI-Owned";"VER_MSPI-Owned";"661-21991";"Battery, iPhone 13";"1";"F8Y6142C07K18FKBJ";"";"89.00"
"2026-07-04";"DC_MSPI-Owned";"VER_MSPI-Owned";"661-36918";"Battery, iPhone 15 Pro Max";"1";"FG9HT1005A600006TT";"";"99.00"
"2026-07-04";"DC_MSPI-Owned";"VER_MSPI-Owned";"661-30394";"Battery, iPhone 14 Plus";"1";"F8Y6234C0VD237KBJ";"";"99.00"
"2026-07-06";"DC_MSPI-Owned";"FES-MSPI-Owned";"661-36918";"Battery, iPhone 15 Pro Max";"1";"FG9HT1003SL00006TT";"";"None"
"2026-07-06";"DC_MSPI-Owned";"FES-MSPI-Owned";"661-30394";"Battery, iPhone 14 Plus";"1";"F8Y6234C119237KB3";"";"99.00"
"2026-07-06";"DC_MSPI-Owned";"FES-MSPI-Owned";"661-30394";"Battery, iPhone 14 Plus";"1";"F8Y6234C0V2237KBV";"";"99.00"
"2026-07-06";"DC_MSPI-Owned";"FES-MSPI-Owned";"661-30394";"Battery, iPhone 14 Plus";"1";"F8Y6233C3ZB237KB6";"";"99.00"
"2026-07-06";"DC_MSPI-Owned";"FES-MSPI-Owned";"661-21991";"Battery, iPhone 13";"1";"F8Y6142C44D18FKBV";"";"89.00"
"2026-07-06";"DC_MSPI-Owned";"FES-MSPI-Owned";"661-21991";"Battery, iPhone 13";"1";"F8Y6142C1BK18FKB5";"";"89.00"
"2026-07-06";"DC_MSPI-Owned";"FES-MSPI-Owned";"661-21991";"Battery, iPhone 13";"1";"F8Y6137C49318FKBN";"";"89.00"
"2026-07-06";"DC_MSPI-Owned";"FES-MSPI-Owned";"661-21991";"Battery, iPhone 13";"1";"F8Y6135C2FU18FKBH";"";"89.00"
"2026-07-06";"DC_MSPI-Owned";"FES-MSPI-Owned";"661-21991";"Battery, iPhone 13";"1";"F8Y6143C0XR18FKB7";"";"89.00"
"2026-07-04";"DC_MSPI-Owned";"MOA-MSPI-Owned";"661-21991";"Battery, iPhone 13";"1";"F8Y6206C8BD18FKBB";"";"89.00"
"2026-07-04";"DC_MSPI-Owned";"MOA-MSPI-Owned";"661-21991";"Battery, iPhone 13";"1";"F8Y6206C8B318FKBM";"";"89.00"
"2026-07-04";"DC_MSPI-Owned";"BHS_MSPI-Owned";"661-30394";"Battery, iPhone 14 Plus";"1";"F8Y6233C4CX237KBE";"";"99.00"
"2026-07-04";"DC_MSPI-Owned";"BHS_MSPI-Owned";"661-30394";"Battery, iPhone 14 Plus";"1";"F8Y6233C5Y6237KBC";"";"99.00"
"2026-07-04";"DC_MSPI-Owned";"BHS_MSPI-Owned";"661-44796";"Battery, iPhone 16";"1";"FG9HNM00DNN0000R3T";"";"99.00"
"2026-07-05";"DC_MSPI-Owned";"PPM-MSPI-Owned";"661-36915";"Display, iPhone 15 Pro Max";"1";"G9P5323Q33V1PHRA2";"";"379.00"
"2026-07-05";"DC_MSPI-Owned";"PPM-MSPI-Owned";"661-56050";"Display, iPhone 17 Pro Max";"1";"GH3HS901N5D0000MUZ";"";"379.00"
"2026-07-07";"DC_MSPI-Owned";"NPM-MSPI-Owned";"661-56050";"Display, iPhone 17 Pro Max";"1";"G9NHSBM2N6Y0000MUY";"";"379.00"
"2026-07-07";"DC_MSPI-Owned";"NPM-MSPI-Owned";"661-44955";"Display, iPhone 16 Pro Max";"1";"G9PHJ6S01NA00005DR";"";"379.00"
"2026-07-07";"DC_MSPI-Owned";"NPM-MSPI-Owned";"661-42726";"Display, iPhone 16 Pro";"1";"G9PHMET1VG800005DP";"";"329.00"
"2026-07-07";"DC_MSPI-Owned";"NPM-MSPI-Owned";"661-44797";"Display, iPhone 16";"1";"G9QHQUD0K0W00004Y7";"";"279.00"
"2026-07-07";"DC_MSPI-Owned";"NPM-MSPI-Owned";"661-36915";"Display, iPhone 15 Pro Max";"1";"G9P5385Q51A1PHRA5";"";"379.00"
"2026-07-07";"DC_MSPI-Owned";"NPM-MSPI-Owned";"661-21988";"Display, iPhone 13";"1";"G9P5491CPRJPR5QAE";"";"279.00"
"2026-07-07";"DC_MSPI-Owned";"LIM_MSPI-Owned";"661-56050";"Display, iPhone 17 Pro Max";"1";"G9NHRZM3WE20000MUY";"";"379.00"
"2026-07-07";"DC_MSPI-Owned";"LIM_MSPI-Owned";"661-56065";"Display, iPhone 17";"1";"GVCHRT02ZCN0000U6M";"";"329.00"
"2026-07-07";"DC_MSPI-Owned";"LIM_MSPI-Owned";"661-42726";"Display, iPhone 16 Pro";"1";"G9PHMFT2UP400005DP";"";"329.00"
"2026-07-07";"DC_MSPI-Owned";"LIM_MSPI-Owned";"661-44797";"Display, iPhone 16";"1";"G9NHQV20W8900004Y7";"";"279.00"
"2026-07-07";"DC_MSPI-Owned";"LIM_MSPI-Owned";"661-36706";"Display, iPhone 15";"1";"G9Q6124W4HM21KHA1";"";"279.00"
"2026-07-07";"DC_MSPI-Owned";"LIM_MSPI-Owned";"661-21988";"Display, iPhone 13";"1";"G9P5486CC8ZPR5QAR";"";"279.00"
"2026-07-07";"DC_MSPI-Owned";"LIM_MSPI-Owned";"661-30394";"Battery, iPhone 14 Plus";"1";"F8Y6233C5QQ237KBJ";"";"99.00"
"2026-07-07";"DC_MSPI-Owned";"LIM_MSPI-Owned";"661-30394";"Battery, iPhone 14 Plus";"1";"F8Y6233C10J237KBY";"";"99.00"
"2026-07-09";"DC_MSPI-Owned";"ABR-MSPI-Owned";"661-56050";"Display, iPhone 17 Pro Max";"1";"G9NHSHY46P60000MUY";"";"379.00"
"2026-07-09";"DC_MSPI-Owned";"ABR-MSPI-Owned";"661-56125";"Display, iPhone 17 Pro";"1";"G9QHTGK3XCZ0000L4B";"";"329.00"
"2026-07-09";"DC_MSPI-Owned";"ABR-MSPI-Owned";"661-30366";"Display, iPhone 14";"1";"G9Q5486VA0S1502AT";"";"279.00"
"2026-07-09";"DC_MSPI-Owned";"ABR-MSPI-Owned";"661-21988";"Display, iPhone 13";"1";"GVH51810M9KPR5PAJ";"";"279.00"
"2026-07-09";"DC_MSPI-Owned";"ABR-MSPI-Owned";"661-21996";"Battery, iPhone 13 Pro";"1";"F8Y6165C05X13RHCB";"";"89.00"
"2026-07-04";"GL5_MSPI-Owned";"GB3-MSPI-Owned";"661-30401";"Display, iPhone 14 Pro Max";"1";"G9P5257NJL514YDA8";"";"318.00"
"2026-07-04";"GL5_MSPI-Owned";"GB3-MSPI-Owned";"661-30397";"Battery, iPhone 14 Pro Max";"1";"F8Y6166C1R420J9B8";"";"99.00"
"2026-07-05";"GL5_MSPI-Owned";"MRK-MSPI-Owned";"661-21991";"Battery, iPhone 13";"1";"F8Y6206C41N18FKB2";"";"89.00"
"2026-07-05";"GL5_MSPI-Owned";"MRK-MSPI-Owned";"661-21991";"Battery, iPhone 13";"1";"F8Y6206C7MG18FKBD";"";"89.00"
"2026-07-07";"FES-Repair";"MAG-Repair";"661-36918";"Battery, iPhone 15 Pro Max";"0";"N/A";"";"None"
"2026-07-07";"GL5_MSPI-Owned";"GB3-MSPI-Owned";"661-35694";"Battery, iPhone 15 Pro";"1";"F8YHTAD05AU00006TP";"";"99.00"
"2026-07-07";"GL5_MSPI-Owned";"GB3-MSPI-Owned";"661-21996";"Battery, iPhone 13 Pro";"1";"F8Y6154C35B13RHCY";"";"89.00"
"2026-07-09";"MOA-MSPI-Owned";"MAG-MSPI-Owned";"661-35694";"Battery, iPhone 15 Pro";"1";"F8YHN3C08MY00006TP";"";"99.00"
"2026-07-10";"MEG-MSPI-Owned";"MEG-Repair";"661-21991";"Battery, iPhone 13";"1";"F8Y6143C4DB18FKB3";"";"89.00"
"2026-07-12";"NES_MSPI-Owned";"MAG-MSPI-Owned";"661-36918";"Battery, iPhone 15 Pro Max";"1";"FG9HSE003WW00006TT";"";"99.00"
"2026-07-13";"MEG-MSPI-Owned";"GB3-MSPI-Owned";"661-36918";"Battery, iPhone 15 Pro Max";"1";"FG9HP4003DJ00006TT";"";"None"
"2026-07-13";"PPM-Repair";"PPM-MSPI-Owned";"661-30401";"Display, iPhone 14 Pro Max";"1";"G9P5184NEPK14YDAJ";"";"318.00"
"2026-07-15";"DC_MSPI-Owned";"GL5_MSPI-Owned";"661-35885";"Battery, iPhone 15";"1";"F8YHTHC00FK00006TW";"";"None"
"2026-07-15";"DC_MSPI-Owned";"GL5_MSPI-Owned";"661-35694";"Battery, iPhone 15 Pro";"1";"F8YHTUD0HQ900006TP";"";"99.00"
"2026-07-15";"DC_MSPI-Owned";"GL5_MSPI-Owned";"661-35694";"Battery, iPhone 15 Pro";"1";"F8YHTUD0F4C00006TP";"";"None"
"2026-07-15";"DC_MSPI-Owned";"GL5_MSPI-Owned";"661-36918";"Battery, iPhone 15 Pro Max";"1";"FG9HT1003SH00006TT";"";"99.00"
"2026-07-15";"DC_MSPI-Owned";"GL5_MSPI-Owned";"661-21996";"Battery, iPhone 13 Pro";"1";"F8Y6177C7L513RHCE";"";"89.00"
"2026-07-15";"DC_MSPI-Owned";"GL5_MSPI-Owned";"661-21996";"Battery, iPhone 13 Pro";"1";"F8Y6177C67K13RHC6";"";"89.00"
"2026-07-15";"DC_MSPI-Owned";"GL5_MSPI-Owned";"661-30382";"Battery, iPhone 14 Pro";"1";"F8Y6197C1RG217WBX";"";"99.00"
"2026-07-15";"DC_MSPI-Owned";"GL5_MSPI-Owned";"661-30397";"Battery, iPhone 14 Pro Max";"1";"F8Y6166C85G20J9BF";"";"99.00"
"2026-07-15";"DC_MSPI-Owned";"GL5_MSPI-Owned";"661-36918";"Battery, iPhone 15 Pro Max";"1";"FG9HTK006JQ00006TT";"";"99.00"
"2026-07-15";"DC_MSPI-Owned";"GL5_MSPI-Owned";"661-21991";"Battery, iPhone 13";"1";"F8Y6225C4DL18FKBX";"";"89.00"
"2026-07-15";"DC_MSPI-Owned";"GL5_MSPI-Owned";"661-35885";"Battery, iPhone 15";"1";"F8YHTHC00FV00006TW";"";"99.00"
"2026-07-15";"DC_MSPI-Owned";"GL5_MSPI-Owned";"661-21991";"Battery, iPhone 13";"1";"F8Y6225C4DN18FKBV";"";"89.00"
"2026-07-15";"DC_MSPI-Owned";"GL5_MSPI-Owned";"661-21991";"Battery, iPhone 13";"1";"F8Y6225C4DZ18FKBJ";"";"89.00"
"2026-07-15";"DC_MSPI-Owned";"GL5_MSPI-Owned";"661-21991";"Battery, iPhone 13";"1";"F8Y6225C4E718FKB7";"";"89.00"
"2026-07-15";"DC_MSPI-Owned";"GL5_MSPI-Owned";"661-21996";"Battery, iPhone 13 Pro";"1";"F8Y6177C1DD13RHCZ";"";"None"
"2026-07-16";"DC_MSPI-Owned";"NES_MSPI-Owned";"661-56050";"Display, iPhone 17 Pro Max";"1";"GH3HS901WYB0000MUZ";"";"379.00"
"2026-07-16";"DC_MSPI-Owned";"NES_MSPI-Owned";"661-56125";"Display, iPhone 17 Pro";"1";"G9PHREU1R6T0000L4B";"";"329.00"
"2026-07-16";"DC_MSPI-Owned";"NES_MSPI-Owned";"661-56125";"Display, iPhone 17 Pro";"1";"G9NHQEH2HBY0000L4B";"";"329.00"
"2026-07-16";"DC_MSPI-Owned";"NES_MSPI-Owned";"661-42843";"Display, iPhone 16 Plus";"1";"G9QHNZT08CP00004Y9";"";"329.00"
"2026-07-16";"DC_MSPI-Owned";"NES_MSPI-Owned";"661-21988";"Display, iPhone 13";"1";"G9P5492C5LSPR5QA4";"";"None"
"2026-07-16";"DC_MSPI-Owned";"NES_MSPI-Owned";"661-56065";"Display, iPhone 17";"1";"GVCHSA01QF50000U6M";"";"329.00"
"2026-07-16";"DC_MSPI-Owned";"NES_MSPI-Owned";"661-44955";"Display, iPhone 16 Pro Max";"1";"G9PHJ4U097300005DR";"";"379.00"
"2026-07-16";"DC_MSPI-Owned";"NES_MSPI-Owned";"661-30382";"Battery, iPhone 14 Pro";"1";"F8Y6197C1DE217WB1";"";"99.00"
"2026-07-16";"DC_MSPI-Owned";"NES_MSPI-Owned";"661-30382";"Battery, iPhone 14 Pro";"1";"F8Y6157C2SD217WB8";"";"99.00"
"2026-07-16";"DC_MSPI-Owned";"NES_MSPI-Owned";"661-22294";"Battery, iPhone 13 Pro Max";"1";"F8Y6175CAT013XCBM";"";"89.00"
"2026-07-16";"DC_MSPI-Owned";"NES_MSPI-Owned";"661-30397";"Battery, iPhone 14 Pro Max";"1";"F8Y6153CB2F20J9BU";"";"99.00"
"2026-07-16";"DC_MSPI-Owned";"NES_MSPI-Owned";"661-30382";"Battery, iPhone 14 Pro";"1";"F8Y6157C2S8217WBD";"";"99.00"
"2026-07-16";"DC_MSPI-Owned";"NES_MSPI-Owned";"661-21991";"Battery, iPhone 13";"1";"F8Y6226C18Z18FKB1";"";"89.00"
"2026-07-16";"DC_MSPI-Owned";"NES_MSPI-Owned";"661-21991";"Battery, iPhone 13";"1";"F8Y6226C2LB18FKBL";"";"89.00"
"2026-07-16";"DC_MSPI-Owned";"NES_MSPI-Owned";"661-21996";"Battery, iPhone 13 Pro";"1";"F8Y6177C93K13RHCF";"";"89.00"
"2026-07-16";"DC_MSPI-Owned";"NES_MSPI-Owned";"661-21991";"Battery, iPhone 13";"1";"F8Y6226C2LJ18FKBD";"";"89.00"
"2026-07-15";"DC_MSPI-Owned";"GB3-MSPI-Owned";"661-21996";"Battery, iPhone 13 Pro";"1";"F8Y6133C88R13RHCB";"";"89.00"
"2026-07-15";"DC_MSPI-Owned";"GB3-MSPI-Owned";"661-22294";"Battery, iPhone 13 Pro Max";"1";"F8Y6195C2MD13XCBU";"";"89.00"
"2026-07-15";"DC_MSPI-Owned";"GB3-MSPI-Owned";"661-30373";"Battery, iPhone 14";"1";"F8Y6192C7GV231LB2";"";"99.00"
"2026-07-15";"DC_MSPI-Owned";"GB3-MSPI-Owned";"661-36918";"Battery, iPhone 15 Pro Max";"1";"FG9HTN0035F00006TT";"";"99.00"
"2026-07-15";"DC_MSPI-Owned";"GB3-MSPI-Owned";"661-21991";"Battery, iPhone 13";"1";"F8Y6225C22318FKBF";"";"89.00"
"2026-07-15";"DC_MSPI-Owned";"GB3-MSPI-Owned";"661-30394";"Battery, iPhone 14 Plus";"1";"F8Y6233C6J3237KBN";"";"99.00"
"2026-07-15";"DC_MSPI-Owned";"GB3-MSPI-Owned";"661-21991";"Battery, iPhone 13";"1";"F8Y6225C4UZ18FKB7";"";"89.00"
"2026-07-15";"DC_MSPI-Owned";"SMS_MSPI-Owned";"661-30394";"Battery, iPhone 14 Plus";"1";"F8Y6046C0GP237KBA";"";"99.00"
"2026-07-15";"DC_MSPI-Owned";"SMS_MSPI-Owned";"661-22294";"Battery, iPhone 13 Pro Max";"1";"F8Y6195C20T13XCB9";"";"89.00"
"2026-07-15";"DC_MSPI-Owned";"SMS_MSPI-Owned";"661-21996";"Battery, iPhone 13 Pro";"1";"F8Y6177C94A13RHCM";"";"89.00"
"2026-07-15";"DC_MSPI-Owned";"SMS_MSPI-Owned";"661-30397";"Battery, iPhone 14 Pro Max";"1";"F8Y6183C4QZ20J9BA";"";"99.00"
"2026-07-15";"DC_MSPI-Owned";"SMS_MSPI-Owned";"661-22294";"Battery, iPhone 13 Pro Max";"1";"F8Y6225C5ZM13XCB1";"";"89.00"
"2026-07-15";"DC_MSPI-Owned";"SMS_MSPI-Owned";"661-21991";"Battery, iPhone 13";"1";"F8Y6227C44M18FKBM";"";"89.00"
"2026-07-15";"DC_MSPI-Owned";"VER_MSPI-Owned";"661-21991";"Battery, iPhone 13";"1";"F8Y6225C38X18FKB2";"";"89.00"
"2026-07-15";"DC_MSPI-Owned";"VER_MSPI-Owned";"661-36918";"Battery, iPhone 15 Pro Max";"1";"FG9HTN002UJ00006TT";"";"99.00"
"2026-07-15";"DC_MSPI-Owned";"VER_MSPI-Owned";"661-30397";"Battery, iPhone 14 Pro Max";"1";"F8Y6153C9VA20J9BN";"";"99.00"
"2026-07-15";"DC_MSPI-Owned";"VER_MSPI-Owned";"661-30394";"Battery, iPhone 14 Plus";"1";"F8Y6046C19V237KBQ";"";"99.00"
"2026-07-15";"DC_MSPI-Owned";"VER_MSPI-Owned";"661-21996";"Battery, iPhone 13 Pro";"1";"F8Y6177C94M13RHCA";"";"89.00"
"2026-07-15";"DC_MSPI-Owned";"VER_MSPI-Owned";"661-21991";"Battery, iPhone 13";"1";"F8Y6227C49V18FKBY";"";"89.00"
"2026-07-15";"DC_MSPI-Owned";"VER_MSPI-Owned";"661-21996";"Battery, iPhone 13 Pro";"1";"F8Y6177C7L113RHCJ";"";"89.00"
"2026-07-15";"DC_MSPI-Owned";"VER_MSPI-Owned";"661-21991";"Battery, iPhone 13";"1";"F8Y6225C4DV18FKBN";"";"89.00"
"2026-07-15";"DC_MSPI-Owned";"VER_MSPI-Owned";"661-21991";"Battery, iPhone 13";"1";"F8Y6225C4DT18FKBQ";"";"89.00"
"2026-07-15";"DC_MSPI-Owned";"VER_MSPI-Owned";"661-21991";"Battery, iPhone 13";"1";"F8Y6234C18Q18FKB9";"";"89.00"
"2026-07-15";"DC_MSPI-Owned";"POD_MSPI-Owned";"661-30382";"Battery, iPhone 14 Pro";"1";"F8Y6157C1CR217WB5";"";"99.00"
"2026-07-15";"DC_MSPI-Owned";"POD_MSPI-Owned";"661-30397";"Battery, iPhone 14 Pro Max";"1";"F8Y6153C3U220J9B5";"";"99.00"
"2026-07-15";"DC_MSPI-Owned";"POD_MSPI-Owned";"661-30397";"Battery, iPhone 14 Pro Max";"1";"F8Y6153C1AT20J9B2";"";"99.00"
"2026-07-15";"DC_MSPI-Owned";"POD_MSPI-Owned";"661-22294";"Battery, iPhone 13 Pro Max";"1";"F8Y6175C3F513XCBR";"";"89.00"
"2026-07-15";"DC_MSPI-Owned";"POD_MSPI-Owned";"661-21996";"Battery, iPhone 13 Pro";"1";"F8Y6181C01Q13RHCU";"";"89.00"
"2026-07-15";"DC_MSPI-Owned";"POD_MSPI-Owned";"661-21991";"Battery, iPhone 13";"1";"F8Y6225C5FU18FKBG";"";"89.00"
"2026-07-15";"DC_MSPI-Owned";"POD_MSPI-Owned";"661-21991";"Battery, iPhone 13";"1";"F8Y6226C2M718FKBM";"";"89.00"
"2026-07-15";"DC_MSPI-Owned";"POD_MSPI-Owned";"661-21991";"Battery, iPhone 13";"1";"F8Y6225C57218FKBY";"";"89.00"
"2026-07-15";"DC_MSPI-Owned";"POD_MSPI-Owned";"661-21991";"Battery, iPhone 13";"1";"F8Y6226C18L18FKBE";"";"89.00"
"2026-07-15";"DC_MSPI-Owned";"MAG-MSPI-Owned";"661-30373";"Battery, iPhone 14";"1";"F8Y6194C00Q231LBS";"";"99.00"
"2026-07-15";"DC_MSPI-Owned";"MAG-MSPI-Owned";"661-30397";"Battery, iPhone 14 Pro Max";"1";"F8Y6153C1AZ20J9BW";"";"99.00"
"2026-07-15";"DC_MSPI-Owned";"MAG-MSPI-Owned";"661-35885";"Battery, iPhone 15";"1";"F8YHREC0DZN00006TW";"";"99.00"
"2026-07-15";"DC_MSPI-Owned";"MAG-MSPI-Owned";"661-22294";"Battery, iPhone 13 Pro Max";"1";"F8Y6195C2KX13XCBG";"";"None"
"2026-07-15";"DC_MSPI-Owned";"MAG-MSPI-Owned";"661-21991";"Battery, iPhone 13";"1";"F8Y6226C0PW18FKBU";"";"89.00"
"2026-07-15";"DC_MSPI-Owned";"MAG-MSPI-Owned";"661-21991";"Battery, iPhone 13";"1";"F8Y6226C0P118FKBP";"";"89.00"
"2026-07-15";"DC_MSPI-Owned";"MAG-MSPI-Owned";"661-21991";"Battery, iPhone 13";"1";"F8Y6226C2KP18FKBB";"";"89.00"
"2026-07-15";"DC_MSPI-Owned";"MAG-MSPI-Owned";"661-21991";"Battery, iPhone 13";"1";"F8Y6225C4VH18FKBL";"";"89.00"
"2026-07-15";"DC_MSPI-Owned";"MAG-MSPI-Owned";"661-21991";"Battery, iPhone 13";"1";"F8Y6226C0R118FKBH";"";"89.00"
"2026-07-15";"DC_MSPI-Owned";"MAG-MSPI-Owned";"661-22294";"Battery, iPhone 13 Pro Max";"1";"F8Y6195C2L313XCB7";"";"89.00"
"2026-07-15";"DC_MSPI-Owned";"MAG-MSPI-Owned";"661-56064";"Battery, iPhone 17";"1";"F8YHKR0044M0001510";"";"99.00"
"2026-07-15";"DC_MSPI-Owned";"MRK-MSPI-Owned";"661-36918";"Battery, iPhone 15 Pro Max";"1";"FG9HTN002UH00006TT";"";"99.00"
"2026-07-15";"DC_MSPI-Owned";"MRK-MSPI-Owned";"661-35885";"Battery, iPhone 15";"1";"F8YHS8C0JDA00006TW";"";"99.00"
"2026-07-15";"DC_MSPI-Owned";"MRK-MSPI-Owned";"661-30397";"Battery, iPhone 14 Pro Max";"1";"F8Y6153CAB820J9B9";"";"99.00"
"2026-07-15";"DC_MSPI-Owned";"MRK-MSPI-Owned";"661-30382";"Battery, iPhone 14 Pro";"1";"F8Y6157C4YL217WBF";"";"None"
"2026-07-15";"DC_MSPI-Owned";"MRK-MSPI-Owned";"661-22294";"Battery, iPhone 13 Pro Max";"1";"F8Y6195C3AC13XCBT";"";"89.00"
"2026-07-15";"DC_MSPI-Owned";"MRK-MSPI-Owned";"661-21991";"Battery, iPhone 13";"1";"F8Y6225C57Q18FKBA";"";"89.00"
"2026-07-15";"DC_MSPI-Owned";"MRK-MSPI-Owned";"661-21991";"Battery, iPhone 13";"1";"F8Y6226C0NT18FKB0";"";"89.00"
"2026-07-15";"DC_MSPI-Owned";"MRK-MSPI-Owned";"661-21991";"Battery, iPhone 13";"1";"F8Y6226C0P618FKBJ";"";"89.00"
"2026-07-15";"DC_MSPI-Owned";"MRK-MSPI-Owned";"661-21991";"Battery, iPhone 13";"1";"F8Y6226C0PU18FKBW";"";"89.00"
"2026-07-15";"DC_MSPI-Owned";"MRK-MSPI-Owned";"661-21991";"Battery, iPhone 13";"1";"F8Y6227C44Q18FKBJ";"";"89.00"
"2026-07-15";"DC_MSPI-Owned";"MRK-MSPI-Owned";"661-21996";"Battery, iPhone 13 Pro";"1";"F8Y6177C92K13RHCJ";"";"89.00"
"2026-07-17";"DC_MSPI-Owned";"FES-MSPI-Owned";"661-36918";"Battery, iPhone 15 Pro Max";"1";"FG9HTN002NR00006TT";"";"99.00"
"2026-07-17";"DC_MSPI-Owned";"FES-MSPI-Owned";"661-30397";"Battery, iPhone 14 Pro Max";"1";"F8Y6152CBEC20J9BW";"";"99.00"
"2026-07-17";"DC_MSPI-Owned";"FES-MSPI-Owned";"661-22294";"Battery, iPhone 13 Pro Max";"1";"F8Y6176C0FC13XCBL";"";"89.00"
"2026-07-15";"DC_MSPI-Owned";"PPM-MSPI-Owned";"661-21991";"Battery, iPhone 13";"1";"F8Y6226C0N718FKBL";"";"89.00"
"2026-07-16";"DC_MSPI-Owned";"BHS_MSPI-Owned";"661-30397";"Battery, iPhone 14 Pro Max";"1";"F8Y6153CB2X20J9BC";"";"99.00"
"2026-07-16";"DC_MSPI-Owned";"BHS_MSPI-Owned";"661-21991";"Battery, iPhone 13";"1";"F8Y6226C0NA18FKBH";"";"89.00"
"2026-07-15";"DC_MSPI-Owned";"MOA-MSPI-Owned";"661-21991";"Battery, iPhone 13";"1";"F8Y6225C4EC18FKB2";"";"89.00"
"2026-07-16";"DC_MSPI-Owned";"TRI-MSPI-Owned";"661-35885";"Battery, iPhone 15";"1";"F8YHS9C0VH700006TW";"";"None"
"2026-07-19";"DC_MSPI-Owned";"NPM-MSPI-Owned";"661-21991";"Battery, iPhone 13";"1";"F8Y6227C3RP18FKBR";"";"89.00"
"2026-07-19";"DC_MSPI-Owned";"NPM-MSPI-Owned";"661-21991";"Battery, iPhone 13";"1";"F8Y6227C3RC18FKB2";"";"89.00"
"2026-07-19";"DC_MSPI-Owned";"NPM-MSPI-Owned";"661-21991";"Battery, iPhone 13";"1";"F8Y6227C3SY18FKBD";"";"89.00"
"2026-07-19";"DC_MSPI-Owned";"NPM-MSPI-Owned";"661-21991";"Battery, iPhone 13";"1";"F8Y6227C3NZ18FKBQ";"";"89.00"
"2026-07-19";"DC_MSPI-Owned";"NPM-MSPI-Owned";"661-21991";"Battery, iPhone 13";"1";"F8Y6227C3P718FKBD";"";"89.00"
"2026-07-19";"DC_MSPI-Owned";"NPM-MSPI-Owned";"661-21996";"Battery, iPhone 13 Pro";"1";"F8Y6177C92R13RHCC";"";"89.00"
"2026-07-19";"DC_MSPI-Owned";"NPM-MSPI-Owned";"661-30382";"Battery, iPhone 14 Pro";"1";"F8Y6163C76L217WBP";"";"99.00"
"2026-07-19";"DC_MSPI-Owned";"NPM-MSPI-Owned";"661-36918";"Battery, iPhone 15 Pro Max";"1";"FG9HTP0032D00006TT";"";"99.00"
"2026-07-19";"DC_MSPI-Owned";"NPM-MSPI-Owned";"661-56125";"Display, iPhone 17 Pro";"1";"G9PHTFD37SX0000L4B";"";"329.00"
"2026-07-19";"DC_MSPI-Owned";"NPM-MSPI-Owned";"661-22294";"Battery, iPhone 13 Pro Max";"1";"F8Y6225C5ZR13XCBX";"";"89.00"
"2026-07-19";"DC_MSPI-Owned";"NPM-MSPI-Owned";"661-21996";"Battery, iPhone 13 Pro";"1";"F8Y6177C7HU13RHC0";"";"89.00"
"2026-07-19";"DC_MSPI-Owned";"NPM-MSPI-Owned";"661-22294";"Battery, iPhone 13 Pro Max";"1";"F8Y6195C2M713XCB0";"";"89.00"
"2026-07-19";"DC_MSPI-Owned";"NPM-MSPI-Owned";"661-22294";"Battery, iPhone 13 Pro Max";"1";"F8Y6182C24713XCBP";"";"89.00"
"2026-07-19";"DC_MSPI-Owned";"NPM-MSPI-Owned";"661-30373";"Battery, iPhone 14";"1";"F8Y6193C5DK231LBN";"";"99.00"
"2026-07-19";"DC_MSPI-Owned";"NPM-MSPI-Owned";"661-30397";"Battery, iPhone 14 Pro Max";"1";"F8Y6153CB2S20J9BH";"";"99.00"
"2026-07-18";"DC_MSPI-Owned";"LIM_MSPI-Owned";"661-21991";"Battery, iPhone 13";"1";"F8Y6232C5FG18FKBU";"";"89.00"
"2026-07-18";"DC_MSPI-Owned";"LIM_MSPI-Owned";"661-21991";"Battery, iPhone 13";"1";"F8Y6232C5E518FKB8";"";"89.00"
"2026-07-18";"DC_MSPI-Owned";"LIM_MSPI-Owned";"661-21991";"Battery, iPhone 13";"1";"F8Y6233C15Q18FKBK";"";"89.00"
"2026-07-18";"DC_MSPI-Owned";"LIM_MSPI-Owned";"661-21991";"Battery, iPhone 13";"1";"F8Y6227C26H18FKBM";"";"89.00"
"2026-07-18";"DC_MSPI-Owned";"LIM_MSPI-Owned";"661-21991";"Battery, iPhone 13";"1";"F8Y6232C4XV18FKB2";"";"89.00"
"2026-07-18";"DC_MSPI-Owned";"LIM_MSPI-Owned";"661-21991";"Battery, iPhone 13";"1";"F8Y6225C4E018FKBE";"";"89.00"
"2026-07-18";"DC_MSPI-Owned";"LIM_MSPI-Owned";"661-21996";"Battery, iPhone 13 Pro";"1";"F8Y6177C46513RHCR";"";"89.00"
"2026-07-18";"DC_MSPI-Owned";"LIM_MSPI-Owned";"661-22294";"Battery, iPhone 13 Pro Max";"1";"F8Y6195C2L413XCB6";"";"89.00"
"2026-07-18";"DC_MSPI-Owned";"LIM_MSPI-Owned";"661-30394";"Battery, iPhone 14 Plus";"1";"F8Y6046C0GK237KBE";"";"99.00"
"2026-07-18";"DC_MSPI-Owned";"ILO-MSPI-Owned";"661-21991";"Battery, iPhone 13";"1";"F8Y6225C1TW18FKBG";"";"89.00"
"2026-07-18";"DC_MSPI-Owned";"ILO-MSPI-Owned";"661-21991";"Battery, iPhone 13";"1";"F8Y6233C5MJ18FKB7";"";"89.00"
"2026-07-18";"DC_MSPI-Owned";"ILO-MSPI-Owned";"661-21988";"Display, iPhone 13";"1";"G9P5487CC82PR5QAM";"";"279.00"
"2026-07-18";"DC_MSPI-Owned";"ILO-MSPI-Owned";"661-56050";"Display, iPhone 17 Pro Max";"1";"G9PHRWE28CS0000MUY";"";"379.00"
"2026-07-19";"DC_MSPI-Owned";"CEB-MSPI-Owned";"661-21991";"Battery, iPhone 13";"1";"F8Y6227C27E18FKBM";"";"89.00"
"2026-07-19";"DC_MSPI-Owned";"CEB-MSPI-Owned";"661-21991";"Battery, iPhone 13";"1";"F8Y6226C0R218FKBG";"";"89.00"
"2026-07-19";"DC_MSPI-Owned";"CEB-MSPI-Owned";"661-21991";"Battery, iPhone 13";"1";"F8Y6225C5G918FKBY";"";"89.00"
"2026-07-19";"DC_MSPI-Owned";"CEB-MSPI-Owned";"661-21996";"Battery, iPhone 13 Pro";"1";"F8Y6135C3KQ13RHCG";"";"89.00"
"2026-07-19";"DC_MSPI-Owned";"CEB-MSPI-Owned";"661-22294";"Battery, iPhone 13 Pro Max";"1";"F8Y6175C3KD13XCB5";"";"89.00"
"2026-07-19";"DC_MSPI-Owned";"CEB-MSPI-Owned";"661-30382";"Battery, iPhone 14 Pro";"1";"F8Y6157C4YV217WB6";"";"99.00"
"2026-07-19";"DC_MSPI-Owned";"CEB-MSPI-Owned";"661-44954";"Battery, iPhone 16 Pro Max";"1";"F8YHQ5H08260000UMK";"";"119.00"
"2026-07-19";"DC_MSPI-Owned";"CEB-MSPI-Owned";"661-22294";"Battery, iPhone 13 Pro Max";"1";"F8Y6171C11813XCB2";"";"89.00"
"2026-07-19";"DC_MSPI-Owned";"CEB-MSPI-Owned";"661-30394";"Battery, iPhone 14 Plus";"1";"F8Y6233C3XD237KBA";"";"99.00"
"2026-07-14";"ILO-MSPI-Owned";"APPILO_MSPI-Owned";"661-44796";"Battery, iPhone 16";"1";"FG9HNM00ES90000R3T";"";"99.00"
"2026-07-14";"ILO-MSPI-Owned";"APPILO_MSPI-Owned";"661-55240";"Display, iPhone Air";"1";"GVCHJD031FQ0000HU9";"";"329.00"
"2026-07-14";"ILO-MSPI-Owned";"APPILO_MSPI-Owned";"661-56125";"Display, iPhone 17 Pro";"1";"G9QHRFP3ZU00000L4B";"";"329.00"
"2026-07-14";"ILO-MSPI-Owned";"APPILO_MSPI-Owned";"661-42720";"Battery, iPhone 16 Pro";"1";"F8YHQMA01ZZ0000RZ2";"";"119.00"
"2026-07-14";"ILO-MSPI-Owned";"APPILO_MSPI-Owned";"661-44954";"Battery, iPhone 16 Pro Max";"1";"F8YHQ5H0HZD0000UMK";"";"119.00"
"2026-07-14";"ILO-MSPI-Owned";"APPILO_MSPI-Owned";"661-56050";"Display, iPhone 17 Pro Max";"1";"GH3HRS00JES0000MUZ";"";"379.00"
"2026-07-14";"ILO-MSPI-Owned";"APPILO_MSPI-Owned";"661-42837";"Battery, iPhone 16 Plus";"1";"F8YHNW00A5E0000RSS";"";"99.00"
"2026-07-14";"ILO-MSPI-Owned";"APPILO_MSPI-Owned";"661-56065";"Display, iPhone 17";"1";"GVCHR801C3W0000U6M";"";"329.00"
"2026-07-16";"GL5_MSPI-Owned";"MEG-MSPI-Owned";"661-35694";"Battery, iPhone 15 Pro";"1";"F8YHTUD0F4C00006TP";"";"None"
"2026-07-16";"GB3-MSPI-Owned";"GL5_MSPI-Owned";"661-21991";"Battery, iPhone 13";"1";"F8Y6172C51T18FKBE";"";"89.00"
"2026-07-16";"FES-MSPI-Owned";"MRK-MSPI-Owned";"661-17939";"Battery, iPhone 12 mini";"1";"F8Y4292075902JNBG";"";"89.00"
"2026-07-16";"MEG-Repair";"MEG-MSPI-Owned";"661-21991";"Battery, iPhone 13";"1";"F8Y6243C40218FKBG";"";"0.00"
"2026-07-16";"MEG-MSPI-Owned";"MEG-Repair";"661-35694";"Battery, iPhone 15 Pro";"1";"F8YHTUD0F4C00006TP";"";"99.00"
"2026-07-16";"CDO-MSPI-Owned";"CDO-Repair";"661-21996";"Battery, iPhone 13 Pro";"1";"F8Y6177C2S313RHC3";"";"0.00"
"2026-07-18";"FES-MSPI-Owned";"LIM_MSPI-Owned";"661-44955";"Display, iPhone 16 Pro Max";"1";"G9PHJ7K00WZ00005DR";"";"379.00"
"2026-07-18";"Repair";"SMS_MSPI-Owned";"661-22374";"Battery, iPhone 13 mini";"1";"F8Y6051C19K14LWCK";"";"None"
"2026-07-18";"SMS_MSPI-Owned";"GL5_MSPI-Owned";"661-22374";"Battery, iPhone 13 mini";"1";"F8Y6051C19K14LWCK";"";"46.00"
"2026-07-19";"MAG-MSPI-Owned";"MEG-MSPI-Owned";"661-22294";"Battery, iPhone 13 Pro Max";"1";"F8Y6195C2KX13XCBG";"";"89.00"
"2026-07-19";"PPM-Repair";"PPM-MSPI-Owned";"661-56050";"Display, iPhone 17 Pro Max";"1";"G9PHS0V00JL0000MUY";"";"0.00"
"2026-07-20";"POD_MSPI-Owned";"VER_MSPI-Owned";"661-35694";"Battery, iPhone 15 Pro";"1";"F8YHSGD0BV500006TP";"";"99.00"
"2026-07-20";"BHS_MSPI-Owned";"GL5_MSPI-Owned";"661-42726";"Display, iPhone 16 Pro";"1";"G9PHL8T27E700005DP";"";"329.00"
"2026-07-20";"MEG-MSPI-Owned";"BHS_Repair";"661-30382";"Battery, iPhone 14 Pro";"1";"F8Y6156CBB5217WBK";"";"99.00"
"2026-07-20";"VER_MSPI-Owned";"TRI-MSPI-Owned";"923-05104";"Speaker, iPhone 12 Pro Max";"1";"DTV2452118MNR6NAE";"";"67.00"
"2026-07-21";"GB3-MSPI-Owned";"BHS_MSPI-Owned";"661-36918";"Battery, iPhone 15 Pro Max";"1";"FG9HP4003DJ00006TT";"";"51.00"
"2026-07-21";"BHS_MSPI-Owned";"MAG-MSPI-Owned";"661-35694";"Battery, iPhone 15 Pro";"1";"F8YHSFD0SD500006TP";"";"99.00"
"2026-07-22";"GL5_MSPI-Owned";"MAG-MSPI-Owned";"661-21996";"Battery, iPhone 13 Pro";"1";"F8Y6177C1DD13RHCZ";"";"89.00"
"2026-07-23";"VER_MSPI-Owned";"TRI-MSPI-Owned";"661-21996";"Battery, iPhone 13 Pro";"1";"F8Y6155C0VP13RHCJ";"";"89.00"
"2026-07-25";"GL5_MSPI-Owned";"GB3-MSPI-Owned";"661-35885";"Battery, iPhone 15";"1";"F8YHTHC00FK00006TW";"";"99.00"
"2026-09-09";"MRK-Repair";"MRK-MSPI-Owned";"661-22311";"Display, iPhone 13 mini";"1";"G9P5524B2B4PRRDAU";"";"192.00"
"2026-09-09";"MRK-Repair";"MRK-MSPI-Owned";"661-30401";"Display, iPhone 14 Pro Max";"1";"G9P5301NE6C14YDAZ";"";"379.00"
"2026-07-25";"GL5_Repair";"GL5_MSPI-Owned";"661-22311";"Display, iPhone 13 mini";"1";"G9Q5315B18BPRRDA0";"";"192.00"
"2026-07-26";"MEG-MSPI-Owned";"BHS_MSPI-Owned";"661-30397";"Battery, iPhone 14 Pro Max";"1";"F8Y6152CG2H20J9BN";"";"99.00"
"2026-07-26";"MEG-MSPI-Owned";"BHS_MSPI-Owned";"661-21996";"Battery, iPhone 13 Pro";"1";"F8Y6155C5T113RHC7";"";"89.00"
"2026-07-26";"BHS_MSPI-Owned";"ANX-MSPI-Owned";"661-21991";"Battery, iPhone 13";"1";"F8Y6173C4P118FKB8";"";"89.00"
"2026-07-27";"FES-MSPI-Owned";"MAG-MSPI-Owned";"661-21991";"Battery, iPhone 13";"1";"F8Y616C1FX18FKB4";"";"89.00"
"2026-07-30";"DC_MSPI-Owned";"NES_MSPI-Owned";"661-21996";"Battery, iPhone 13 Pro";"1";"F8Y6207CAR113RHCL";"";"89.00"
"2026-07-30";"DC_MSPI-Owned";"NES_MSPI-Owned";"661-22294";"Battery, iPhone 13 Pro Max";"1";"F8Y6195C4VG13XCBZ";"";"None"
"2026-07-30";"DC_MSPI-Owned";"NES_MSPI-Owned";"661-30397";"Battery, iPhone 14 Pro Max";"1";"F8Y6184C7MB20J9B3";"";"99.00"
"2026-07-29";"DC_MSPI-Owned";"GL5_MSPI-Owned";"661-21991";"Battery, iPhone 13";"1";"F8Y6263C5GZ18FKBY";"";"89.00"
"2026-07-29";"DC_MSPI-Owned";"GL5_MSPI-Owned";"661-21991";"Battery, iPhone 13";"1";"F8Y6262CA5X18FKBV";"";"89.00"
"2026-07-29";"DC_MSPI-Owned";"GL5_MSPI-Owned";"661-21991";"Battery, iPhone 13";"1";"F8Y6263C30418FKB9";"";"89.00"
"2026-07-29";"DC_MSPI-Owned";"GL5_MSPI-Owned";"661-21991";"Battery, iPhone 13";"1";"F8Y6263C2ZJ18FKBZ";"";"89.00"
"2026-07-29";"DC_MSPI-Owned";"GL5_MSPI-Owned";"661-21991";"Battery, iPhone 13";"1";"F8Y6272CCFT18FKBY";"";"89.00"
"2026-07-29";"DC_MSPI-Owned";"GL5_MSPI-Owned";"661-21991";"Battery, iPhone 13";"1";"F8Y6272CCFM18FKB4";"";"89.00"
"2026-07-29";"DC_MSPI-Owned";"GL5_MSPI-Owned";"661-21996";"Battery, iPhone 13 Pro";"1";"F8Y6222C36M13RHCV";"";"89.00"
"2026-07-29";"DC_MSPI-Owned";"GL5_MSPI-Owned";"661-21996";"Battery, iPhone 13 Pro";"1";"F8Y6222C3NT13RHC9";"";"89.00"
"2026-07-29";"DC_MSPI-Owned";"GL5_MSPI-Owned";"661-21996";"Battery, iPhone 13 Pro";"1";"F8Y6222C36213RHCE";"";"89.00"
"2026-07-29";"DC_MSPI-Owned";"GL5_MSPI-Owned";"661-21991";"Battery, iPhone 13";"1";"F8Y6184CBKQ18FKBL";"";"89.00"
"2026-07-29";"DC_MSPI-Owned";"GL5_MSPI-Owned";"661-21991";"Battery, iPhone 13";"1";"F8Y6263CAB918FKBY";"";"89.00"
"2026-07-29";"DC_MSPI-Owned";"GL5_MSPI-Owned";"661-21991";"Battery, iPhone 13";"1";"F8Y6272CCFG18FKB9";"";"89.00"
"2026-07-29";"DC_MSPI-Owned";"GL5_MSPI-Owned";"661-21996";"Battery, iPhone 13 Pro";"1";"F8Y6207C05T13RHCW";"";"89.00"
"2026-07-29";"DC_MSPI-Owned";"GL5_MSPI-Owned";"661-21996";"Battery, iPhone 13 Pro";"1";"F8Y6222C4PB13RHCM";"";"89.00"
"2026-07-29";"DC_MSPI-Owned";"GL5_MSPI-Owned";"661-21996";"Battery, iPhone 13 Pro";"1";"F8Y6223C30913RHCQ";"";"89.00"
"2026-07-29";"DC_MSPI-Owned";"GL5_MSPI-Owned";"661-21996";"Battery, iPhone 13 Pro";"1";"F8Y6222C37813RHC5";"";"89.00"
"2026-07-29";"DC_MSPI-Owned";"GL5_MSPI-Owned";"661-22294";"Battery, iPhone 13 Pro Max";"1";"F8Y6225C3AE13XCBB";"";"89.00"
"2026-07-29";"DC_MSPI-Owned";"GL5_MSPI-Owned";"661-22374";"Battery, iPhone 13 mini";"1";"F8Y6245C71R14LWCU";"";"89.00"
"2026-07-29";"DC_MSPI-Owned";"GL5_MSPI-Owned";"661-22374";"Battery, iPhone 13 mini";"1";"F8Y6245C57714LWCW";"";"89.00"
"2026-07-29";"DC_MSPI-Owned";"GL5_MSPI-Owned";"661-30373";"Battery, iPhone 14";"1";"F8Y6234CA6B231LBU";"";"99.00"
"2026-07-29";"DC_MSPI-Owned";"GL5_MSPI-Owned";"661-30382";"Battery, iPhone 14 Pro";"1";"F8Y6232CGY1217WBY";"";"99.00"
"2026-07-29";"DC_MSPI-Owned";"GL5_MSPI-Owned";"661-30382";"Battery, iPhone 14 Pro";"1";"F8Y6142C7UA217WB8";"";"None"
"2026-07-29";"DC_MSPI-Owned";"GL5_MSPI-Owned";"661-30382";"Battery, iPhone 14 Pro";"1";"F8Y6232CEH1217WBB";"";"99.00"
"2026-07-29";"DC_MSPI-Owned";"GL5_MSPI-Owned";"661-30382";"Battery, iPhone 14 Pro";"1";"F8Y6232CEGR217WBQ";"";"99.00"
"2026-07-29";"DC_MSPI-Owned";"GL5_MSPI-Owned";"661-30382";"Battery, iPhone 14 Pro";"1";"F8Y6232CGXZ217WB3";"";"99.00"
"2026-07-29";"DC_MSPI-Owned";"GL5_MSPI-Owned";"661-30397";"Battery, iPhone 14 Pro Max";"1";"F8Y6237C3KG20J9BK";"";"99.00"
"2026-07-29";"DC_MSPI-Owned";"GL5_MSPI-Owned";"661-30397";"Battery, iPhone 14 Pro Max";"1";"F8Y6237C5M920J9BJ";"";"99.00"
"2026-07-29";"DC_MSPI-Owned";"GL5_MSPI-Owned";"661-30397";"Battery, iPhone 14 Pro Max";"1";"F8Y6237C5MR20J9B2";"";"99.00"
"2026-07-29";"DC_MSPI-Owned";"GL5_MSPI-Owned";"661-36918";"Battery, iPhone 15 Pro Max";"1";"FG9HTK0052W00006TT";"";"99.00"
"2026-07-29";"DC_MSPI-Owned";"GL5_MSPI-Owned";"661-35699";"Display, iPhone 15 Pro";"1";"G9P5504QAMH1PHPAS";"";"329.00"
"2026-07-29";"DC_MSPI-Owned";"GL5_MSPI-Owned";"661-56125";"Display, iPhone 17 Pro";"1";"G9PHSLY3Q5N0000L4B";"";"329.00"
"2026-07-29";"DC_MSPI-Owned";"GL5_MSPI-Owned";"661-56050";"Display, iPhone 17 Pro Max";"1";"G9NHS1M23LL0000MUY";"";"379.00"
"2026-07-29";"DC_MSPI-Owned";"GL5_MSPI-Owned";"661-56050";"Display, iPhone 17 Pro Max";"1";"G9PHS9E0FPY0000MUY";"";"379.00"
"2026-07-29";"DC_MSPI-Owned";"GL5_MSPI-Owned";"661-29370";"Display, iPhone 14 Pro";"1";"G9P5074P50114YCAE";"";"329.00"
"2026-07-29";"DC_MSPI-Owned";"GL5_MSPI-Owned";"661-44955";"Display, iPhone 16 Pro Max";"1";"G9PHJ4K0ASN00005DR";"";"379.00"
"2026-07-29";"DC_MSPI-Owned";"GL5_MSPI-Owned";"661-42726";"Display, iPhone 16 Pro";"1";"G9PHRJT2CMD00005DP";"";"329.00"
"2026-07-29";"DC_MSPI-Owned";"GL5_MSPI-Owned";"661-36706";"Display, iPhone 15";"1";"G9Q6053S55121KHAT";"";"279.00"
"2026-07-30";"DC_MSPI-Owned";"GB3-MSPI-Owned";"661-35699";"Display, iPhone 15 Pro";"1";"G9P5501QK111PHPAU";"";"329.00"
"2026-07-30";"DC_MSPI-Owned";"GB3-MSPI-Owned";"661-21991";"Battery, iPhone 13";"1";"F8Y6184CBKH18FKBT";"";"89.00"
"2026-07-30";"DC_MSPI-Owned";"GB3-MSPI-Owned";"661-21991";"Battery, iPhone 13";"1";"F8Y6184CBKE18FKBW";"";"89.00"
"2026-07-30";"DC_MSPI-Owned";"GB3-MSPI-Owned";"661-30394";"Battery, iPhone 14 Plus";"1";"F8Y6234C3SU237KB9";"";"99.00"
"2026-07-30";"DC_MSPI-Owned";"GB3-MSPI-Owned";"661-22294";"Battery, iPhone 13 Pro Max";"1";"F8Y6195C4VX13XCBJ";"";"89.00"
"2026-07-30";"DC_MSPI-Owned";"GB3-MSPI-Owned";"661-30397";"Battery, iPhone 14 Pro Max";"1";"F8Y6237C3KP20J9BC";"";"99.00"
"2026-07-30";"DC_MSPI-Owned";"GB3-MSPI-Owned";"661-36918";"Battery, iPhone 15 Pro Max";"1";"FG9HTK000Z600006TT";"";"99.00"
"2026-07-30";"DC_MSPI-Owned";"GB3-MSPI-Owned";"661-56125";"Display, iPhone 17 Pro";"1";"G9QHSLK1YXG0000L4B";"";"329.00"
"2026-07-30";"DC_MSPI-Owned";"GB3-MSPI-Owned";"661-56065";"Display, iPhone 17";"1";"JLNHSN00GLB0000U6M";"";"329.00"
"2026-07-30";"DC_MSPI-Owned";"GB3-MSPI-Owned";"661-44955";"Display, iPhone 16 Pro Max";"1";"G9PHHXS159P00005DR";"";"379.00"
"2026-07-30";"DC_MSPI-Owned";"GB3-MSPI-Owned";"661-36706";"Display, iPhone 15";"1";"G9Q6041S5S321KHA1";"";"279.00"
"2026-07-30";"DC_MSPI-Owned";"SMS_MSPI-Owned";"661-21991";"Battery, iPhone 13";"1";"F8Y6264C09R18FKBX";"";"89.00"
"2026-07-30";"DC_MSPI-Owned";"SMS_MSPI-Owned";"661-21991";"Battery, iPhone 13";"1";"F8Y6244C8BX18FKBH";"";"89.00"
"2026-07-30";"DC_MSPI-Owned";"SMS_MSPI-Owned";"661-21991";"Battery, iPhone 13";"1";"F8Y6245C07L18FKBD";"";"89.00"
"2026-07-30";"DC_MSPI-Owned";"SMS_MSPI-Owned";"661-21991";"Battery, iPhone 13";"1";"F8Y6243C18U18FKB3";"";"89.00"
"2026-07-30";"DC_MSPI-Owned";"SMS_MSPI-Owned";"661-21991";"Battery, iPhone 13";"1";"F8Y6244C8BS18FKBN";"";"89.00"
"2026-07-30";"DC_MSPI-Owned";"SMS_MSPI-Owned";"661-21991";"Battery, iPhone 13";"1";"F8Y6234C0WD18FKBP";"";"89.00"
"2026-07-30";"DC_MSPI-Owned";"SMS_MSPI-Owned";"661-21991";"Battery, iPhone 13";"1";"F8Y6245C0WQ18FKB8";"";"89.00"
"2026-07-30";"DC_MSPI-Owned";"SMS_MSPI-Owned";"661-21991";"Battery, iPhone 13";"1";"F8Y6262CA5N18FKB4";"";"89.00"
"2026-07-30";"DC_MSPI-Owned";"SMS_MSPI-Owned";"661-21991";"Battery, iPhone 13";"1";"F8Y6244C8CB18FKB0";"";"89.00"
"2026-07-30";"DC_MSPI-Owned";"SMS_MSPI-Owned";"661-21991";"Battery, iPhone 13";"1";"F8Y6263C9H318FKBM";"";"89.00"
"2026-07-30";"DC_MSPI-Owned";"SMS_MSPI-Owned";"661-21991";"Battery, iPhone 13";"1";"F8Y6264C3CS18FKBJ";"";"89.00"
"2026-07-30";"DC_MSPI-Owned";"SMS_MSPI-Owned";"661-21991";"Battery, iPhone 13";"1";"F8Y6262C8MC18FKB2";"";"89.00"
"2026-07-30";"DC_MSPI-Owned";"SMS_MSPI-Owned";"661-21991";"Battery, iPhone 13";"1";"F8Y6255C33G18FKBP";"";"89.00"
"2026-07-30";"DC_MSPI-Owned";"SMS_MSPI-Owned";"661-21991";"Battery, iPhone 13";"1";"F8Y6262C8YJ18FKBX";"";"89.00"
"2026-07-30";"DC_MSPI-Owned";"SMS_MSPI-Owned";"661-22294";"Battery, iPhone 13 Pro Max";"1";"F8Y6225C39Z13XCBV";"";"89.00"
"2026-07-30";"DC_MSPI-Owned";"SMS_MSPI-Owned";"661-21996";"Battery, iPhone 13 Pro";"1";"F8Y6207C05Q13RHCZ";"";"89.00"
"2026-07-30";"DC_MSPI-Owned";"SMS_MSPI-Owned";"661-30397";"Battery, iPhone 14 Pro Max";"1";"F8Y6237C5MA20J9BH";"";"99.00"
"2026-07-30";"DC_MSPI-Owned";"SMS_MSPI-Owned";"661-30397";"Battery, iPhone 14 Pro Max";"1";"F8Y6183C8J520J9BJ";"";"99.00"
"2026-07-30";"DC_MSPI-Owned";"SMS_MSPI-Owned";"661-37207";"Battery, iPhone 15 Plus";"1";"F8YHTCC02RB00006U0";"";"99.00"
"2026-07-30";"DC_MSPI-Owned";"SMS_MSPI-Owned";"661-30397";"Battery, iPhone 14 Pro Max";"1";"F8Y6237C5ML20J9B7";"";"99.00"
"2026-07-30";"DC_MSPI-Owned";"SMS_MSPI-Owned";"661-30366";"Display, iPhone 14";"1";"G9Q5492VJJG1502AA";"";"279.00"
"2026-07-30";"DC_MSPI-Owned";"SMS_MSPI-Owned";"661-30401";"Display, iPhone 14 Pro Max";"1";"G9P6056N65H14YDAK";"";"379.00"
"2026-07-30";"DC_MSPI-Owned";"SMS_MSPI-Owned";"661-30401";"Display, iPhone 14 Pro Max";"1";"G9P5435N6PQ14YDAY";"";"379.00"
"2026-07-30";"DC_MSPI-Owned";"SMS_MSPI-Owned";"661-21988";"Display, iPhone 13";"1";"G9P5471C9CRPR5QAY";"";"279.00"
"2026-07-30";"DC_MSPI-Owned";"SMS_MSPI-Owned";"661-36915";"Display, iPhone 15 Pro Max";"1";"G9P5384QEG91PHRAM";"";"379.00"
"2026-07-30";"DC_MSPI-Owned";"SMS_MSPI-Owned";"661-44955";"Display, iPhone 16 Pro Max";"1";"G9PHJ7K049T00005DR";"";"379.00"
"2026-07-30";"DC_MSPI-Owned";"SMS_MSPI-Owned";"661-36706";"Display, iPhone 15";"1";"G9Q6041S7Q121KHA7";"";"279.00"
"2026-07-30";"DC_MSPI-Owned";"SMS_MSPI-Owned";"661-56050";"Display, iPhone 17 Pro Max";"1";"G9PHSNE2F260000MUY";"";"379.00"
"2026-07-30";"DC_MSPI-Owned";"SMS_MSPI-Owned";"661-56050";"Display, iPhone 17 Pro Max";"1";"GH3HS7014EN0000MUZ";"";"379.00"
"2026-07-30";"DC_MSPI-Owned";"VER_MSPI-Owned";"661-21991";"Battery, iPhone 13";"1";"F8Y6262CA7418FKBG";"";"89.00"
"2026-07-30";"DC_MSPI-Owned";"VER_MSPI-Owned";"661-21991";"Battery, iPhone 13";"1";"F8Y6262C4SH18FKBL";"";"89.00"
"2026-07-30";"DC_MSPI-Owned";"VER_MSPI-Owned";"661-21991";"Battery, iPhone 13";"1";"F8Y6262CAZ718FKB3";"";"89.00"
"2026-07-30";"DC_MSPI-Owned";"VER_MSPI-Owned";"661-21991";"Battery, iPhone 13";"1";"F8Y6262CA6918FKBE";"";"89.00"
"2026-07-30";"DC_MSPI-Owned";"VER_MSPI-Owned";"661-21991";"Battery, iPhone 13";"1";"F8Y6184CBK718FKB3";"";"89.00"
"2026-07-30";"DC_MSPI-Owned";"VER_MSPI-Owned";"661-21991";"Battery, iPhone 13";"1";"F8Y6184CAVQ18FKBR";"";"89.00"
"2026-07-30";"DC_MSPI-Owned";"VER_MSPI-Owned";"661-21991";"Battery, iPhone 13";"1";"F8Y6244C75018FKBZ";"";"89.00"
"2026-07-30";"DC_MSPI-Owned";"VER_MSPI-Owned";"661-22294";"Battery, iPhone 13 Pro Max";"1";"F8Y6195C4VF13XCB0";"";"89.00"
"2026-07-30";"DC_MSPI-Owned";"VER_MSPI-Owned";"661-22294";"Battery, iPhone 13 Pro Max";"1";"F8Y6195C4VQ13XCBR";"";"89.00"
"2026-07-30";"DC_MSPI-Owned";"VER_MSPI-Owned";"661-22294";"Battery, iPhone 13 Pro Max";"1";"F8Y6195C4JG13XCBY";"";"89.00"
"2026-07-30";"DC_MSPI-Owned";"VER_MSPI-Owned";"661-22294";"Battery, iPhone 13 Pro Max";"1";"F8Y6195C54U13XCBT";"";"89.00"
"2026-07-30";"DC_MSPI-Owned";"VER_MSPI-Owned";"661-30373";"Battery, iPhone 14";"1";"F8Y6234C16B231LB3";"";"99.00"
"2026-07-30";"DC_MSPI-Owned";"VER_MSPI-Owned";"661-36918";"Battery, iPhone 15 Pro Max";"1";"FG9HTK0052Y00006TT";"";"99.00"
"2026-07-30";"DC_MSPI-Owned";"VER_MSPI-Owned";"661-36918";"Battery, iPhone 15 Pro Max";"1";"FG9HTH000AQ00006TT";"";"99.00"
"2026-07-30";"DC_MSPI-Owned";"VER_MSPI-Owned";"661-36918";"Battery, iPhone 15 Pro Max";"1";"FG9HTH0002S00006TT";"";"99.00"
"2026-07-30";"DC_MSPI-Owned";"VER_MSPI-Owned";"661-42720";"Battery, iPhone 16 Pro";"1";"F8YHNUA02QV0000RZ2";"";"119.00"
"2026-07-30";"DC_MSPI-Owned";"VER_MSPI-Owned";"661-30382";"Battery, iPhone 14 Pro";"1";"F8Y6232CGY3217WBW";"";"99.00"
"2026-07-30";"DC_MSPI-Owned";"VER_MSPI-Owned";"661-30382";"Battery, iPhone 14 Pro";"1";"F8Y6232CEH4217WB8";"";"99.00"
"2026-07-30";"DC_MSPI-Owned";"VER_MSPI-Owned";"661-30397";"Battery, iPhone 14 Pro Max";"1";"F8Y6241C1DD20J9BB";"";"99.00"
"2026-07-30";"DC_MSPI-Owned";"VER_MSPI-Owned";"661-30397";"Battery, iPhone 14 Pro Max";"1";"F8Y6184C0VE20J9BH";"";"99.00"
"2026-07-30";"DC_MSPI-Owned";"VER_MSPI-Owned";"661-30397";"Battery, iPhone 14 Pro Max";"1";"F8Y6183C9ZE20J9BX";"";"99.00"
"2026-07-30";"DC_MSPI-Owned";"VER_MSPI-Owned";"661-21988";"Display, iPhone 13";"1";"G9P5472C44GPR5QA1";"";"279.00"
"2026-07-30";"DC_MSPI-Owned";"VER_MSPI-Owned";"661-30366";"Display, iPhone 14";"1";"G9Q5492V2AL1502AC";"";"279.00"
"2026-07-30";"DC_MSPI-Owned";"POD_MSPI-Owned";"661-21991";"Battery, iPhone 13";"1";"F8Y6263CA0K18FKBM";"";"89.00"
"2026-07-30";"DC_MSPI-Owned";"POD_MSPI-Owned";"661-21991";"Battery, iPhone 13";"1";"F8Y6263CAAX18FKBD";"";"89.00"
"2026-07-30";"DC_MSPI-Owned";"POD_MSPI-Owned";"661-21991";"Battery, iPhone 13";"1";"F8Y6263C7MM18FKBT";"";"None"
"2026-07-30";"DC_MSPI-Owned";"POD_MSPI-Owned";"661-21991";"Battery, iPhone 13";"1";"F8Y6263CAAY18FKBC";"";"89.00"
"2026-07-30";"DC_MSPI-Owned";"POD_MSPI-Owned";"661-21991";"Battery, iPhone 13";"1";"F8Y6262C5XM18FKB0";"";"89.00"
"2026-07-30";"DC_MSPI-Owned";"POD_MSPI-Owned";"661-21996";"Battery, iPhone 13 Pro";"1";"F8Y6223C32X13RHCW";"";"89.00"
"2026-07-30";"DC_MSPI-Owned";"POD_MSPI-Owned";"661-21996";"Battery, iPhone 13 Pro";"1";"F8Y6223C32Y13RHCV";"";"89.00"
"2026-07-30";"DC_MSPI-Owned";"POD_MSPI-Owned";"661-21996";"Battery, iPhone 13 Pro";"1";"F8Y6222C36V13RHCM";"";"89.00"
"2026-07-30";"DC_MSPI-Owned";"POD_MSPI-Owned";"661-21996";"Battery, iPhone 13 Pro";"1";"F8Y6207C3QK13RHCC";"";"89.00"
"2026-07-30";"DC_MSPI-Owned";"POD_MSPI-Owned";"661-21996";"Battery, iPhone 13 Pro";"1";"F8Y6207CBMK13RHCD";"";"89.00"
"2026-07-30";"DC_MSPI-Owned";"POD_MSPI-Owned";"661-21996";"Battery, iPhone 13 Pro";"1";"F8Y6222C3NF13RHCM";"";"89.00"
"2026-07-30";"DC_MSPI-Owned";"POD_MSPI-Owned";"661-21996";"Battery, iPhone 13 Pro";"1";"F8Y6223C32V13RHCY";"";"89.00"
"2026-07-30";"DC_MSPI-Owned";"POD_MSPI-Owned";"661-22294";"Battery, iPhone 13 Pro Max";"1";"F8Y6225C3A613XCBK";"";"89.00"
"2026-07-30";"DC_MSPI-Owned";"POD_MSPI-Owned";"661-22294";"Battery, iPhone 13 Pro Max";"1";"F8Y6225C3A813XCBH";"";"89.00"
"2026-07-30";"DC_MSPI-Owned";"POD_MSPI-Owned";"661-22294";"Battery, iPhone 13 Pro Max";"1";"F8Y6225C3KQ13XCB8";"";"89.00"
"2026-07-30";"DC_MSPI-Owned";"POD_MSPI-Owned";"661-30382";"Battery, iPhone 14 Pro";"1";"F8Y6232CGQA217WBD";"";"99.00"
"2026-07-30";"DC_MSPI-Owned";"POD_MSPI-Owned";"661-30382";"Battery, iPhone 14 Pro";"1";"F8Y6232CFRM217WB0";"";"99.00"
"2026-07-30";"DC_MSPI-Owned";"POD_MSPI-Owned";"661-30397";"Battery, iPhone 14 Pro Max";"1";"F8Y5486C4E620J9BW";"";"99.00"
"2026-07-30";"DC_MSPI-Owned";"POD_MSPI-Owned";"661-36918";"Battery, iPhone 15 Pro Max";"1";"FG9HTH0002W00006TT";"";"99.00"
"2026-07-30";"DC_MSPI-Owned";"POD_MSPI-Owned";"661-36918";"Battery, iPhone 15 Pro Max";"1";"FG9HTH0002V00006TT";"";"99.00"
"2026-07-30";"DC_MSPI-Owned";"POD_MSPI-Owned";"661-30397";"Battery, iPhone 14 Pro Max";"1";"F8Y6183C8J820J9BF";"";"99.00"
"2026-07-30";"DC_MSPI-Owned";"POD_MSPI-Owned";"661-30397";"Battery, iPhone 14 Pro Max";"1";"F8Y6241C29F20J9BL";"";"99.00"
"2026-07-30";"DC_MSPI-Owned";"POD_MSPI-Owned";"661-56050";"Display, iPhone 17 Pro Max";"1";"G9PHSHX2RZV0000MUY";"";"379.00"
"2026-07-30";"VER_Repair";"VER_MSPI-Owned";"661-21988";"Display, iPhone 13";"1";"GVH54810460PR5PAS";"";"234.00"
"2026-07-30";"TRI-MSPI-Owned";"VER_MSPI-Owned";"661-35885";"Battery, iPhone 15";"1";"F8YHS9C0VH700006TW";"";"99.00"
"2026-07-31";"POD_MSPI-Owned";"MEG-MSPI-Owned";"661-21991";"Battery, iPhone 13";"1";"F8Y6264C3J218FKBQ";"";"0.00"
"2026-07-31";"POD_MSPI-Owned";"MEG-MSPI-Owned";"661-21991";"Battery, iPhone 13";"1";"F8Y6263C7MM18FKBT";"";"89.00"
"2026-07-31";"POD_MSPI-Owned";"MEG-MSPI-Owned";"661-21991";"Battery, iPhone 13";"1";"F8Y6264C4SW18FKB5";"";"0.00"
"2026-07-31";"GL5_MSPI-Owned";"GB3-MSPI-Owned";"661-30382";"Battery, iPhone 14 Pro";"1";"F8Y6142C7UA217WB8";"";"99.00"
"2026-08-01";"MEG-MSPI-Owned";"GB3-MSPI-Owned";"661-30382";"Battery, iPhone 14 Pro";"1";"F8Y6156C990217WBY";"";"99.00"
"2026-08-01";"MEG-MSPI-Owned";"GB3-MSPI-Owned";"661-30382";"Battery, iPhone 14 Pro";"1";"F8Y6156C8DC217WB9";"";"99.00"
"2026-08-01";"DC_MSPI-Owned";"BHS_MSPI-Owned";"661-56050";"Display, iPhone 17 Pro Max";"1";"G9PHSBV58110000MUY";"";"379.00"
"2026-08-01";"DC_MSPI-Owned";"BHS_MSPI-Owned";"661-21991";"Battery, iPhone 13";"1";"F8Y6184CBKC18FKBY";"";"89.00"
"2026-08-01";"DC_MSPI-Owned";"BHS_MSPI-Owned";"661-21991";"Battery, iPhone 13";"1";"F8Y6262CBL118FKBD";"";"89.00"
"2026-08-01";"DC_MSPI-Owned";"BHS_MSPI-Owned";"661-21991";"Battery, iPhone 13";"1";"F8Y6263C8NX18FKBD";"";"89.00"
"2026-08-01";"DC_MSPI-Owned";"BHS_MSPI-Owned";"661-21991";"Battery, iPhone 13";"1";"F8Y6271C3FA18FKBR";"";"89.00"
"2026-08-01";"DC_MSPI-Owned";"BHS_MSPI-Owned";"661-21991";"Battery, iPhone 13";"1";"F8Y6262CA7J18FKB2";"";"89.00"
"2026-08-01";"DC_MSPI-Owned";"BHS_MSPI-Owned";"661-21996";"Battery, iPhone 13 Pro";"1";"F8Y6222C36E13RHC2";"";"89.00"
"2026-08-01";"DC_MSPI-Owned";"BHS_MSPI-Owned";"661-22294";"Battery, iPhone 13 Pro Max";"1";"F8Y6225C4UB13XCBT";"";"89.00"
"2026-08-01";"DC_MSPI-Owned";"BHS_MSPI-Owned";"661-30373";"Battery, iPhone 14";"1";"F8Y6234CCVB231LBR";"";"99.00"
"2026-08-01";"DC_MSPI-Owned";"BHS_MSPI-Owned";"661-35694";"Battery, iPhone 15 Pro";"1";"F8YHUQD001V00006TP";"";"99.00"
"2026-08-01";"DC_MSPI-Owned";"BHS_MSPI-Owned";"661-35694";"Battery, iPhone 15 Pro";"1";"F8YHUQD00AE00006TP";"";"99.00"
"2026-08-01";"DC_MSPI-Owned";"BHS_MSPI-Owned";"661-30397";"Battery, iPhone 14 Pro Max";"1";"F8Y6233C0N120J9BY";"";"99.00"
"2026-08-01";"DC_MSPI-Owned";"BHS_MSPI-Owned";"661-36918";"Battery, iPhone 15 Pro Max";"1";"FG9HTH000CY00006TT";"";"99.00"
"2026-08-01";"DC_MSPI-Owned";"BHS_MSPI-Owned";"661-36918";"Battery, iPhone 15 Pro Max";"1";"FG9HTK0008R00006TT";"";"99.00"
"2026-08-01";"DC_MSPI-Owned";"BHS_MSPI-Owned";"661-36918";"Battery, iPhone 15 Pro Max";"1";"FG9HTK0008T00006TT";"";"99.00"
"2026-08-01";"DC_MSPI-Owned";"GL5_MSPI-Owned";"661-35694";"Battery, iPhone 15 Pro";"1";"F8YHUQD002A00006TP";"";"99.00"
"2026-08-01";"DC_MSPI-Owned";"GL5_MSPI-Owned";"661-35694";"Battery, iPhone 15 Pro";"1";"F8YHUQD06YG00006TP";"";"99.00"
"2026-08-01";"DC_MSPI-Owned";"GL5_MSPI-Owned";"661-35694";"Battery, iPhone 15 Pro";"1";"F8YHUND072Q00006TP";"";"99.00"
"2026-08-01";"DC_MSPI-Owned";"GL5_MSPI-Owned";"661-35694";"Battery, iPhone 15 Pro";"1";"F8YHUPD00KC00006TP";"";"99.00"
"2026-08-01";"DC_MSPI-Owned";"GL5_MSPI-Owned";"661-35694";"Battery, iPhone 15 Pro";"1";"F8YHUQD004Z00006TP";"";"None"
"2026-08-01";"DC_MSPI-Owned";"GL5_MSPI-Owned";"661-37207";"Battery, iPhone 15 Plus";"1";"F8YHRNC03MS00006U0";"";"99.00"
"2026-08-01";"DC_MSPI-Owned";"GL5_MSPI-Owned";"661-36918";"Battery, iPhone 15 Pro Max";"1";"FG9HTG003N200006TT";"";"99.00"
"2026-08-01";"DC_MSPI-Owned";"GL5_MSPI-Owned";"661-35885";"Battery, iPhone 15";"1";"F8YHUBC0FS400006TW";"";"99.00"
"2026-08-01";"DC_MSPI-Owned";"GL5_MSPI-Owned";"661-30382";"Battery, iPhone 14 Pro";"1";"F8Y6247C69R217WBB";"";"99.00"
"2026-08-01";"DC_MSPI-Owned";"GL5_MSPI-Owned";"661-21991";"Battery, iPhone 13";"1";"F8Y6253C7D218FKB5";"";"89.00"
"2026-08-02";"DC_MSPI-Owned";"GB3-MSPI-Owned";"661-35885";"Battery, iPhone 15";"1";"F8YHUBC0EGA00006TW";"";"99.00"
"2026-08-02";"DC_MSPI-Owned";"GB3-MSPI-Owned";"661-35694";"Battery, iPhone 15 Pro";"1";"F8YHUPD0R9E00006TP";"";"99.00"
"2026-08-02";"DC_MSPI-Owned";"GB3-MSPI-Owned";"661-21991";"Battery, iPhone 13";"1";"F8Y6253C6LF18FKB6";"";"89.00"
"2026-08-02";"DC_MSPI-Owned";"GB3-MSPI-Owned";"661-21991";"Battery, iPhone 13";"1";"F8Y6253C6N718FKB8";"";"89.00"
"2026-08-02";"DC_MSPI-Owned";"GB3-MSPI-Owned";"661-35694";"Battery, iPhone 15 Pro";"1";"F8YHUQD06XS00006TP";"";"99.00"
"2026-08-02";"DC_MSPI-Owned";"GB3-MSPI-Owned";"661-35694";"Battery, iPhone 15 Pro";"1";"F8YHUND04U600006TP";"";"99.00"
"2026-08-01";"DC_MSPI-Owned";"SMS_MSPI-Owned";"661-56125";"Display, iPhone 17 Pro";"1";"G9QHSGM2HR80000L4B";"";"329.00"
"2026-08-01";"DC_MSPI-Owned";"SMS_MSPI-Owned";"661-56065";"Display, iPhone 17";"1";"GVCHSE03JQB0000U6M";"";"329.00"
"2026-08-01";"DC_MSPI-Owned";"SMS_MSPI-Owned";"661-42726";"Display, iPhone 16 Pro";"1";"G9PHRNT2T6Y00005DP";"";"329.00"
"2026-08-01";"DC_MSPI-Owned";"SMS_MSPI-Owned";"661-35885";"Battery, iPhone 15";"1";"F8YHUBC0GU800006TW";"";"99.00"
"2026-08-01";"DC_MSPI-Owned";"SMS_MSPI-Owned";"661-35885";"Battery, iPhone 15";"1";"F8YHUBC0G3600006TW";"";"99.00"
"2026-08-01";"DC_MSPI-Owned";"SMS_MSPI-Owned";"661-30397";"Battery, iPhone 14 Pro Max";"1";"F8Y6232C6PJ20J9B7";"";"99.00"
"2026-08-01";"DC_MSPI-Owned";"SMS_MSPI-Owned";"661-21996";"Battery, iPhone 13 Pro";"1";"F8Y6222C5PA13RHCM";"";"89.00"
"2026-08-01";"DC_MSPI-Owned";"SMS_MSPI-Owned";"661-21991";"Battery, iPhone 13";"1";"F8Y6253C4MJ18FKB2";"";"89.00"
"2026-08-01";"DC_MSPI-Owned";"SMS_MSPI-Owned";"661-21991";"Battery, iPhone 13";"1";"F8Y6252C49718FKBG";"";"89.00"
"2026-08-01";"DC_MSPI-Owned";"SMS_MSPI-Owned";"661-21991";"Battery, iPhone 13";"1";"F8Y6253C4MW18FKBQ";"";"89.00"
"2026-08-01";"DC_MSPI-Owned";"SMS_MSPI-Owned";"661-35694";"Battery, iPhone 15 Pro";"1";"F8YHUQD048B00006TP";"";"99.00"
"2026-08-01";"DC_MSPI-Owned";"FES-MSPI-Owned";"661-56050";"Display, iPhone 17 Pro Max";"1";"G9PHSAG25LF0000MUY";"";"379.00"
"2026-08-01";"DC_MSPI-Owned";"FES-MSPI-Owned";"661-56050";"Display, iPhone 17 Pro Max";"1";"G9NHSEL319D0000MUY";"";"379.00"
"2026-08-01";"DC_MSPI-Owned";"FES-MSPI-Owned";"661-30366";"Display, iPhone 14";"1";"G9Q5485VFMP1502AX";"";"279.00"
"2026-08-01";"DC_MSPI-Owned";"FES-MSPI-Owned";"661-21988";"Display, iPhone 13";"1";"G9P5486C3R0PR5QAG";"";"279.00"
"2026-08-01";"DC_MSPI-Owned";"FES-MSPI-Owned";"661-21988";"Display, iPhone 13";"1";"G9P5487C905PR5QAB";"";"279.00"
"2026-08-01";"DC_MSPI-Owned";"FES-MSPI-Owned";"661-35885";"Battery, iPhone 15";"1";"F8YHUBC0DVS00006TW";"";"99.00"
"2026-08-01";"DC_MSPI-Owned";"FES-MSPI-Owned";"661-35694";"Battery, iPhone 15 Pro";"1";"F8YHUND071U00006TP";"";"99.00"
"2026-08-01";"DC_MSPI-Owned";"FES-MSPI-Owned";"661-35694";"Battery, iPhone 15 Pro";"1";"F8YHUQD085P00006TP";"";"99.00"
"2026-08-01";"DC_MSPI-Owned";"FES-MSPI-Owned";"661-35694";"Battery, iPhone 15 Pro";"1";"F8YHUQD00AN00006TP";"";"None"
"2026-08-01";"DC_MSPI-Owned";"FES-MSPI-Owned";"661-30397";"Battery, iPhone 14 Pro Max";"1";"F8Y6232C4B520J9BQ";"";"None"
"2026-08-01";"DC_MSPI-Owned";"FES-MSPI-Owned";"661-30397";"Battery, iPhone 14 Pro Max";"1";"F8Y6183C5QZ20J9B9";"";"99.00"
"2026-08-01";"DC_MSPI-Owned";"FES-MSPI-Owned";"661-30397";"Battery, iPhone 14 Pro Max";"1";"F8Y6237C5TE20J9BV";"";"99.00"
"2026-08-01";"DC_MSPI-Owned";"FES-MSPI-Owned";"661-30373";"Battery, iPhone 14";"1";"F8Y6212C6AH231LBN";"";"99.00"
"2026-08-01";"DC_MSPI-Owned";"FES-MSPI-Owned";"661-22294";"Battery, iPhone 13 Pro Max";"1";"F8Y6225C6GY13XCB6";"";"None"
"2026-08-01";"DC_MSPI-Owned";"FES-MSPI-Owned";"661-22294";"Battery, iPhone 13 Pro Max";"1";"F8Y6225C61T13XCBN";"";"89.00"
"2026-08-01";"DC_MSPI-Owned";"FES-MSPI-Owned";"661-22374";"Battery, iPhone 13 mini";"1";"F8Y6245C0SH14LWC2";"";"89.00"
"2026-08-01";"DC_MSPI-Owned";"FES-MSPI-Owned";"661-21991";"Battery, iPhone 13";"1";"F8Y6235C17318FKBY";"";"89.00"
"2026-08-01";"DC_MSPI-Owned";"VER_MSPI-Owned";"661-36918";"Battery, iPhone 15 Pro Max";"1";"FG9HTG003CZ00006TT";"";"99.00"
"2026-08-01";"DC_MSPI-Owned";"VER_MSPI-Owned";"661-35694";"Battery, iPhone 15 Pro";"1";"F8YHUQD00MF00006TP";"";"99.00"
"2026-08-01";"DC_MSPI-Owned";"VER_MSPI-Owned";"661-35694";"Battery, iPhone 15 Pro";"1";"F8YHUND04DS00006TP";"";"99.00"
"2026-08-01";"DC_MSPI-Owned";"VER_MSPI-Owned";"661-30382";"Battery, iPhone 14 Pro";"1";"F8Y6247C0CZ217WB0";"";"99.00"
"2026-08-01";"DC_MSPI-Owned";"VER_MSPI-Owned";"661-30382";"Battery, iPhone 14 Pro";"1";"F8Y6247CB1V217WBS";"";"99.00"
"2026-08-01";"DC_MSPI-Owned";"VER_MSPI-Owned";"661-22294";"Battery, iPhone 13 Pro Max";"1";"F8Y6175C49K13XCBU";"";"89.00"
"2026-08-01";"DC_MSPI-Owned";"VER_MSPI-Owned";"661-22294";"Battery, iPhone 13 Pro Max";"1";"F8Y6175C51U13XCB8";"";"89.00"
"2026-08-01";"DC_MSPI-Owned";"VER_MSPI-Owned";"661-22294";"Battery, iPhone 13 Pro Max";"1";"F8Y6175C51T13XCB9";"";"89.00"
"2026-08-01";"DC_MSPI-Owned";"VER_MSPI-Owned";"661-22294";"Battery, iPhone 13 Pro Max";"1";"F8Y6175C4SY13XCBY";"";"89.00"
"2026-08-01";"DC_MSPI-Owned";"VER_MSPI-Owned";"661-21991";"Battery, iPhone 13";"1";"F8Y6253C6BB18FKB3";"";"89.00"
"2026-08-01";"DC_MSPI-Owned";"VER_MSPI-Owned";"661-56050";"Display, iPhone 17 Pro Max";"1";"GH3HRV01U7N0000MUZ";"";"379.00"
"2026-08-01";"DC_MSPI-Owned";"VER_MSPI-Owned";"661-56050";"Display, iPhone 17 Pro Max";"1";"GH3HRP00F4T0000MUZ";"";"379.00"
"2026-08-01";"DC_MSPI-Owned";"VER_MSPI-Owned";"661-56050";"Display, iPhone 17 Pro Max";"1";"GH3HRL00E570000MUZ";"";"379.00"
"2026-08-01";"DC_MSPI-Owned";"VER_MSPI-Owned";"661-56125";"Display, iPhone 17 Pro";"1";"G9QHSMP502P0000L4B";"";"329.00"
"2026-08-01";"DC_MSPI-Owned";"VER_MSPI-Owned";"661-29370";"Display, iPhone 14 Pro";"1";"G9P5127P7FL14YCAT";"";"329.00"
"2026-08-01";"DC_MSPI-Owned";"VER_MSPI-Owned";"661-36706";"Display, iPhone 15";"1";"G9P6087RH9R21KHA4";"";"279.00"
"2026-08-01";"DC_MSPI-Owned";"VER_MSPI-Owned";"661-44797";"Display, iPhone 16";"1";"G9QHQVD0UGL00004Y7";"";"279.00"
"2026-08-01";"DC_MSPI-Owned";"MOA-MSPI-Owned";"661-21991";"Battery, iPhone 13";"1";"F8Y6255C17Y18FKBX";"";"89.00"
"2026-08-01";"DC_MSPI-Owned";"MOA-MSPI-Owned";"661-21991";"Battery, iPhone 13";"1";"F8Y6263C9AW18FKBF";"";"89.00"
"2026-08-01";"DC_MSPI-Owned";"MOA-MSPI-Owned";"661-21991";"Battery, iPhone 13";"1";"F8Y6262CA4J18FKBB";"";"89.00"
"2026-08-01";"DC_MSPI-Owned";"MOA-MSPI-Owned";"661-21991";"Battery, iPhone 13";"1";"F8Y6262C5S518FKBX";"";"89.00"
"2026-08-01";"DC_MSPI-Owned";"MOA-MSPI-Owned";"661-21991";"Battery, iPhone 13";"1";"F8Y6255C17Q18FKB5";"";"89.00"
"2026-08-01";"DC_MSPI-Owned";"MOA-MSPI-Owned";"661-21991";"Battery, iPhone 13";"1";"F8Y6262C2BQ18FKBS";"";"89.00"
"2026-08-01";"DC_MSPI-Owned";"MOA-MSPI-Owned";"661-21991";"Battery, iPhone 13";"1";"F8Y6262C8WR18FKBW";"";"89.00"
"2026-08-01";"DC_MSPI-Owned";"MOA-MSPI-Owned";"661-22294";"Battery, iPhone 13 Pro Max";"1";"F8Y6195C0C013XCB2";"";"89.00"
"2026-08-01";"DC_MSPI-Owned";"MOA-MSPI-Owned";"661-22294";"Battery, iPhone 13 Pro Max";"1";"F8Y6225C3A513XCBL";"";"89.00"
"2026-08-01";"DC_MSPI-Owned";"MOA-MSPI-Owned";"661-22294";"Battery, iPhone 13 Pro Max";"1";"F8Y6225C5DC13XCB2";"";"89.00"
"2026-08-01";"DC_MSPI-Owned";"MOA-MSPI-Owned";"661-30397";"Battery, iPhone 14 Pro Max";"1";"F8Y6241C1CW20J9BX";"";"99.00"
"2026-08-01";"DC_MSPI-Owned";"MOA-MSPI-Owned";"661-36915";"Display, iPhone 15 Pro Max";"1";"G9P5392QBC81PHRA2";"";"379.00"
"2026-08-02";"DC_MSPI-Owned";"ANX-MSPI-Owned";"661-55240";"Display, iPhone Air";"1";"GVCHK7034P40000HU9";"";"329.00"
"2026-08-02";"DC_MSPI-Owned";"ANX-MSPI-Owned";"661-56050";"Display, iPhone 17 Pro Max";"1";"GH3HRV00VLY0000MUZ";"";"379.00"
"2026-08-02";"DC_MSPI-Owned";"ANX-MSPI-Owned";"661-21993";"Display, iPhone 13 Pro";"1";"G9P5224LJNLPQCKA7";"";"279.00"
"2026-08-02";"DC_MSPI-Owned";"ANX-MSPI-Owned";"661-44797";"Display, iPhone 16";"1";"G9NHT720L5D00004Y7";"";"279.00"
"2026-08-02";"DC_MSPI-Owned";"ANX-MSPI-Owned";"661-35885";"Battery, iPhone 15";"1";"F8YHUBC0NA800006TW";"";"99.00"
"2026-08-02";"DC_MSPI-Owned";"ANX-MSPI-Owned";"661-30382";"Battery, iPhone 14 Pro";"1";"F8Y6234C5ZC217WBT";"";"99.00"
"2026-08-02";"DC_MSPI-Owned";"ANX-MSPI-Owned";"661-30373";"Battery, iPhone 14";"1";"F8Y6192C4ME231LB5";"";"99.00"
"2026-08-02";"DC_MSPI-Owned";"ANX-MSPI-Owned";"661-30373";"Battery, iPhone 14";"1";"F8Y6212C6A5231LB0";"";"99.00"
"2026-08-02";"DC_MSPI-Owned";"ANX-MSPI-Owned";"661-22294";"Battery, iPhone 13 Pro Max";"1";"F8Y6225C4V313XCBY";"";"89.00"
"2026-08-02";"DC_MSPI-Owned";"ANX-MSPI-Owned";"661-21996";"Battery, iPhone 13 Pro";"1";"F8Y6222C2TG13RHC6";"";"89.00"
"2026-08-02";"DC_MSPI-Owned";"ANX-MSPI-Owned";"661-21991";"Battery, iPhone 13";"1";"F8Y6264C0XA18FKBE";"";"89.00"
"2026-08-01";"DC_MSPI-Owned";"TRI-MSPI-Owned";"661-56125";"Display, iPhone 17 Pro";"1";"G9QHSMK044H0000L4B";"";"329.00"
"2026-08-01";"DC_MSPI-Owned";"TRI-MSPI-Owned";"661-56050";"Display, iPhone 17 Pro Max";"1";"GH3HRR01T0P0000MUZ";"";"379.00"
"2026-08-01";"DC_MSPI-Owned";"TRI-MSPI-Owned";"661-21988";"Display, iPhone 13";"1";"G9P5473C3GGPR5QAZ";"";"279.00"
"2026-08-01";"DC_MSPI-Owned";"TRI-MSPI-Owned";"661-35699";"Display, iPhone 15 Pro";"1";"G9P5502QP3J1PHPA0";"";"329.00"
"2026-08-01";"DC_MSPI-Owned";"TRI-MSPI-Owned";"661-44955";"Display, iPhone 16 Pro Max";"1";"G9PHJ2S0LDF00005DR";"";"379.00"
"2026-08-01";"DC_MSPI-Owned";"TRI-MSPI-Owned";"661-30397";"Battery, iPhone 14 Pro Max";"1";"F8Y6237C3PS20J9BX";"";"99.00"
"2026-08-01";"DC_MSPI-Owned";"TRI-MSPI-Owned";"661-30382";"Battery, iPhone 14 Pro";"1";"F8Y6247CB1U217WBT";"";"99.00"
"2026-08-01";"DC_MSPI-Owned";"TRI-MSPI-Owned";"661-22294";"Battery, iPhone 13 Pro Max";"1";"F8Y6175C4M213XCB9";"";"89.00"
"2026-08-01";"DC_MSPI-Owned";"TRI-MSPI-Owned";"661-21996";"Battery, iPhone 13 Pro";"1";"F8Y6222C1HS13RHCT";"";"89.00"
"2026-08-01";"DC_MSPI-Owned";"TRI-MSPI-Owned";"661-21991";"Battery, iPhone 13";"1";"F8Y6235C0N918FKBG";"";"89.00"
"2026-08-01";"DC_MSPI-Owned";"MEG-MSPI-Owned";"661-56050";"Display, iPhone 17 Pro Max";"1";"G9PHSSE48490000MUY";"";"379.00"
"2026-08-01";"DC_MSPI-Owned";"MEG-MSPI-Owned";"661-30401";"Display, iPhone 14 Pro Max";"1";"G9P5435NNP014YDA6";"";"379.00"
"2026-08-01";"DC_MSPI-Owned";"MEG-MSPI-Owned";"661-44955";"Display, iPhone 16 Pro Max";"1";"G9PHJAK06CP00005DR";"";"379.00"
"2026-08-01";"DC_MSPI-Owned";"MEG-MSPI-Owned";"661-30373";"Battery, iPhone 14";"1";"F8Y6234CACW231LBR";"";"None"
"2026-08-01";"DC_MSPI-Owned";"MEG-MSPI-Owned";"661-22294";"Battery, iPhone 13 Pro Max";"1";"F8Y6195C4R213XCBR";"";"89.00"
"2026-08-01";"DC_MSPI-Owned";"MEG-MSPI-Owned";"661-22294";"Battery, iPhone 13 Pro Max";"1";"F8Y6195C4V713XCB8";"";"89.00"
"2026-08-01";"DC_MSPI-Owned";"MEG-MSPI-Owned";"661-22294";"Battery, iPhone 13 Pro Max";"1";"F8Y6175CATF13XCB6";"";"89.00"
"2026-08-01";"DC_MSPI-Owned";"MEG-MSPI-Owned";"661-22294";"Battery, iPhone 13 Pro Max";"1";"F8Y6225C6H913XCBS";"";"89.00"
"2026-08-01";"DC_MSPI-Owned";"MEG-MSPI-Owned";"661-21991";"Battery, iPhone 13";"1";"F8Y6253C6MU18FKBQ";"";"89.00"
"2026-08-01";"DC_MSPI-Owned";"POD_MSPI-Owned";"661-22309";"Display, iPhone 13 Pro Max";"1";"G9P5387M74MPQCLAB";"";"329.00"
"2026-08-01";"DC_MSPI-Owned";"POD_MSPI-Owned";"661-30401";"Display, iPhone 14 Pro Max";"1";"G9P5435NJ2Y14YDA7";"";"379.00"
"2026-08-01";"DC_MSPI-Owned";"POD_MSPI-Owned";"661-44955";"Display, iPhone 16 Pro Max";"1";"G9PHJ9K0A6W00005DR";"";"379.00"
"2026-08-01";"DC_MSPI-Owned";"POD_MSPI-Owned";"661-35694";"Battery, iPhone 15 Pro";"1";"F8YHUND04TY00006TP";"";"99.00"
"2026-08-01";"DC_MSPI-Owned";"POD_MSPI-Owned";"661-35885";"Battery, iPhone 15";"1";"F8YHUBC0M5200006TW";"";"99.00"
"2026-08-01";"DC_MSPI-Owned";"POD_MSPI-Owned";"661-35885";"Battery, iPhone 15";"1";"F8YHUBC0AKB00006TW";"";"99.00"
"2026-08-01";"DC_MSPI-Owned";"POD_MSPI-Owned";"661-30397";"Battery, iPhone 14 Pro Max";"1";"F8Y6233C2N020J9BX";"";"99.00"
"2026-08-01";"DC_MSPI-Owned";"POD_MSPI-Owned";"661-30397";"Battery, iPhone 14 Pro Max";"1";"F8Y6233C2XJ20J9BL";"";"99.00"
"2026-08-01";"DC_MSPI-Owned";"POD_MSPI-Owned";"661-22294";"Battery, iPhone 13 Pro Max";"1";"F8Y6175CA1V13XCB2";"";"89.00"
"2026-08-01";"DC_MSPI-Owned";"POD_MSPI-Owned";"661-21991";"Battery, iPhone 13";"1";"F8Y6253C7CY18FKBC";"";"89.00"
"2026-08-01";"DC_MSPI-Owned";"MRK-MSPI-Owned";"661-44954";"Battery, iPhone 16 Pro Max";"1";"F8YHSUH0EUE0000UMJ";"";"119.00"
"2026-08-01";"DC_MSPI-Owned";"MRK-MSPI-Owned";"661-30397";"Battery, iPhone 14 Pro Max";"1";"F8Y6237C3KL20J9BF";"";"99.00"
"2026-08-01";"DC_MSPI-Owned";"MRK-MSPI-Owned";"661-22374";"Battery, iPhone 13 mini";"1";"F8Y6245C77814LWCT";"";"89.00"
"2026-08-01";"DC_MSPI-Owned";"MRK-MSPI-Owned";"661-22294";"Battery, iPhone 13 Pro Max";"1";"F8Y6195C2GU13XCBU";"";"89.00"
"2026-08-01";"DC_MSPI-Owned";"MRK-MSPI-Owned";"661-21996";"Battery, iPhone 13 Pro";"1";"F8Y6222C6D013RHCS";"";"89.00"
"2026-08-01";"DC_MSPI-Owned";"MRK-MSPI-Owned";"661-21991";"Battery, iPhone 13";"1";"F8Y6253C7C718FKB3";"";"89.00"
"2026-08-01";"DC_MSPI-Owned";"MRK-MSPI-Owned";"661-21991";"Battery, iPhone 13";"1";"F8Y6262C14Q18FKBE";"";"89.00"
"2026-08-01";"DC_MSPI-Owned";"MRK-MSPI-Owned";"661-21991";"Battery, iPhone 13";"1";"F8Y6262C5NE18FKB0";"";"89.00"
"2026-08-01";"DC_MSPI-Owned";"MAG-MSPI-Owned";"661-30366";"Display, iPhone 14";"1";"G9Q5485V28L1502AJ";"";"279.00"
"2026-08-01";"DC_MSPI-Owned";"MAG-MSPI-Owned";"661-21988";"Display, iPhone 13";"1";"G9P5476CL95PR5QAB";"";"279.00"
"2026-08-01";"DC_MSPI-Owned";"MAG-MSPI-Owned";"661-56049";"Battery, pSIM, iPhone 17 Pro Max";"1";"FG9HL1018VU00015XX";"";"119.00"
"2026-08-01";"DC_MSPI-Owned";"MAG-MSPI-Owned";"661-36918";"Battery, iPhone 15 Pro Max";"1";"FG9HTH0002R00006TT";"";"99.00"
"2026-08-01";"DC_MSPI-Owned";"MAG-MSPI-Owned";"661-36918";"Battery, iPhone 15 Pro Max";"1";"FG9HTH0002T00006TT";"";"99.00"
"2026-08-01";"DC_MSPI-Owned";"MAG-MSPI-Owned";"661-35694";"Battery, iPhone 15 Pro";"1";"F8YHUPD0PGH00006TP";"";"99.00"
"2026-08-01";"DC_MSPI-Owned";"MAG-MSPI-Owned";"661-35694";"Battery, iPhone 15 Pro";"1";"F8YHUQD06XR00006TP";"";"99.00"
"2026-08-01";"DC_MSPI-Owned";"MAG-MSPI-Owned";"661-35694";"Battery, iPhone 15 Pro";"1";"F8YHUQD005400006TP";"";"99.00"
"2026-08-01";"DC_MSPI-Owned";"MAG-MSPI-Owned";"661-30397";"Battery, iPhone 14 Pro Max";"1";"F8Y6237C3Q120J9BK";"";"99.00"
"2026-08-01";"DC_MSPI-Owned";"MAG-MSPI-Owned";"661-30382";"Battery, iPhone 14 Pro";"1";"F8Y6247CATJ217WBU";"";"99.00"
"2026-08-01";"DC_MSPI-Owned";"MAG-MSPI-Owned";"661-22294";"Battery, iPhone 13 Pro Max";"1";"F8Y6225C2PA13XCBB";"";"89.00"
"2026-08-01";"DC_MSPI-Owned";"MAG-MSPI-Owned";"661-21996";"Battery, iPhone 13 Pro";"1";"F8Y6222C3NG13RHCL";"";"89.00"
"2026-08-01";"DC_MSPI-Owned";"MAG-MSPI-Owned";"661-21991";"Battery, iPhone 13";"1";"F8Y6263C2ZS18FKBR";"";"89.00"
"2026-08-01";"DC_MSPI-Owned";"MAG-MSPI-Owned";"661-21991";"Battery, iPhone 13";"1";"F8Y6263C2ZX18FKBL";"";"89.00"
"2026-08-01";"DC_MSPI-Owned";"MAG-MSPI-Owned";"661-21991";"Battery, iPhone 13";"1";"F8Y6262CA6218FKBM";"";"89.00"
"2026-08-01";"DC_MSPI-Owned";"MAG-MSPI-Owned";"661-21991";"Battery, iPhone 13";"1";"F8Y6253C6MV18FKBP";"";"89.00"
"2026-08-01";"DC_MSPI-Owned";"MAG-MSPI-Owned";"661-21991";"Battery, iPhone 13";"1";"F8Y6262C1YZ18FKBP";"";"89.00"
"2026-08-01";"DC_MSPI-Owned";"MAG-MSPI-Owned";"661-21991";"Battery, iPhone 13";"1";"F8Y6253C4FL18FKBJ";"";"89.00"
"2026-08-02";"DC_MSPI-Owned";"NES_MSPI-Owned";"661-35694";"Battery, iPhone 15 Pro";"1";"F8YHUQD00HZ00006TP";"";"99.00"
"2026-08-02";"DC_MSPI-Owned";"NES_MSPI-Owned";"661-30382";"Battery, iPhone 14 Pro";"1";"F8Y6247CAUK217WBQ";"";"None"
"2026-08-02";"DC_MSPI-Owned";"NES_MSPI-Owned";"661-21996";"Battery, iPhone 13 Pro";"1";"F8Y6222C5FH13RHC4";"";"89.00"
"2026-08-02";"DC_MSPI-Owned";"NES_MSPI-Owned";"661-35694";"Battery, iPhone 15 Pro";"1";"F8YHUPD04ZK00006TP";"";"99.00"
"2026-08-01";"DC_MSPI-Owned";"PPM-MSPI-Owned";"661-21991";"Battery, iPhone 13";"1";"F8Y6184CBKG18FKBU";"";"89.00"
"2026-08-01";"DC_MSPI-Owned";"PPM-MSPI-Owned";"661-21991";"Battery, iPhone 13";"1";"F8Y6184CBKY18FKBC";"";"89.00"
"2026-08-01";"DC_MSPI-Owned";"PPM-MSPI-Owned";"661-21991";"Battery, iPhone 13";"1";"F8Y6262C9U218FKBQ";"";"89.00"
"2026-08-01";"DC_MSPI-Owned";"PPM-MSPI-Owned";"661-36918";"Battery, iPhone 15 Pro Max";"1";"FG9HTK0057F00006TT";"";"99.00"
"2026-08-01";"DC_MSPI-Owned";"PPM-MSPI-Owned";"661-35694";"Battery, iPhone 15 Pro";"1";"F8YHUND04U700006TP";"";"99.00"
"2026-08-01";"DC_MSPI-Owned";"PPM-MSPI-Owned";"661-22294";"Battery, iPhone 13 Pro Max";"1";"F8Y6195C4W013XCBC";"";"89.00"
"2026-08-01";"DC_MSPI-Owned";"PPM-MSPI-Owned";"661-35885";"Battery, iPhone 15";"1";"F8YHUBC0G4K00006TW";"";"None"
"2026-08-01";"DC_MSPI-Owned";"PPM-MSPI-Owned";"661-56064";"Battery, iPhone 17";"1";"F8YHRP00LVK0001510";"";"99.00"
"2026-08-01";"DC_MSPI-Owned";"PPM-MSPI-Owned";"661-56125";"Display, iPhone 17 Pro";"1";"G9QHQRP5RYX0000L4B";"";"329.00"
"2026-08-04";"MEG-Repair";"MEG-MSPI-Owned";"661-21991";"Battery, iPhone 13";"1";"F8Y6272CC4118FKBP";"";"0.00"
"2026-08-04";"GB3-Repair";"GL5_MSPI-Owned";"661-30401";"Display, iPhone 14 Pro Max";"1";"G9P5183N2GF14YDAN";"";"318.00"
"2026-08-04";"NES_MSPI-Owned";"MAG-MSPI-Owned";"661-30382";"Battery, iPhone 14 Pro";"1";"F8Y6247CAUK217WBQ";"";"99.00"
"2026-08-05";"MRK-MSPI-Owned";"MAG-MSPI-Owned";"661-30382";"Battery, iPhone 14 Pro";"1";"F8Y6157C4YL217WBF";"";"99.00"
"2026-08-06";"ANX-MSPI-Owned";"ANX-Repair";"661-18428";"Battery, iPhone 12 Pro Max";"1";"F8Y6184C2SKQ4C2B8";"";"46.00"
"2026-08-07";"ILO-MSPI-Owned";"APPILO_MSPI-Owned";"661-21991";"Battery, iPhone 13";"1";"F8Y6227C24T18FKBH";"";"0.00"
"2026-08-08";"DC_MSPI-Owned";"NES_MSPI-Owned";"661-21991";"Battery, iPhone 13";"1";"F8Y6276C6WY18FKBJ";"";"89.00"
"2026-08-08";"DC_MSPI-Owned";"NES_MSPI-Owned";"661-22294";"Battery, iPhone 13 Pro Max";"1";"F8Y6276C1VE13XCB8";"";"89.00"
"2026-08-08";"DC_MSPI-Owned";"NES_MSPI-Owned";"661-22294";"Battery, iPhone 13 Pro Max";"1";"F8Y6276C1ER13XCB8";"";"89.00"
"2026-08-08";"DC_MSPI-Owned";"NES_MSPI-Owned";"661-35885";"Battery, iPhone 15";"1";"F8YHUBC0JLP00006TW";"";"99.00"
"2026-08-08";"DC_MSPI-Owned";"GB3-MSPI-Owned";"661-56050";"Display, iPhone 17 Pro Max";"1";"GH3HS501LHK0000MUZ";"";"379.00"
"2026-08-08";"DC_MSPI-Owned";"GB3-MSPI-Owned";"661-56125";"Display, iPhone 17 Pro";"1";"G9QHT3N4L1Z0000L4B";"";"329.00"
"2026-08-08";"DC_MSPI-Owned";"GB3-MSPI-Owned";"661-42726";"Display, iPhone 16 Pro";"1";"G9PHRKT04GD00005DP";"";"329.00"
"2026-08-08";"DC_MSPI-Owned";"GB3-MSPI-Owned";"661-35885";"Battery, iPhone 15";"1";"F8YHUBC0JLU00006TW";"";"99.00"
"2026-08-08";"DC_MSPI-Owned";"GB3-MSPI-Owned";"661-30382";"Battery, iPhone 14 Pro";"1";"F8Y6234C4EP217WB6";"";"99.00"
"2026-08-08";"DC_MSPI-Owned";"GB3-MSPI-Owned";"661-21991";"Battery, iPhone 13";"1";"F8Y6281C0T918FKBQ";"";"89.00"
"2026-08-08";"DC_MSPI-Owned";"PPM-MSPI-Owned";"661-56125";"Display, iPhone 17 Pro";"1";"G9QHTEM0WL40000L4B";"";"329.00"
"2026-08-08";"DC_MSPI-Owned";"PPM-MSPI-Owned";"661-56050";"Display, iPhone 17 Pro Max";"1";"GH3HS800QS90000MUZ";"";"379.00"
"2026-08-08";"DC_MSPI-Owned";"GL5_MSPI-Owned";"661-56050";"Display, iPhone 17 Pro Max";"1";"GH3HS801A1T0000MUZ";"";"379.00"
"2026-08-08";"DC_MSPI-Owned";"GL5_MSPI-Owned";"661-56050";"Display, iPhone 17 Pro Max";"1";"GH3HRK006Y40000MUZ";"";"379.00"
"2026-08-08";"DC_MSPI-Owned";"GL5_MSPI-Owned";"661-29370";"Display, iPhone 14 Pro";"1";"G9P5093P66V14YCAW";"";"329.00"
"2026-08-08";"DC_MSPI-Owned";"GL5_MSPI-Owned";"661-30401";"Display, iPhone 14 Pro Max";"1";"G9P5183NKNN14YDAE";"";"379.00"
"2026-08-08";"DC_MSPI-Owned";"GL5_MSPI-Owned";"661-42726";"Display, iPhone 16 Pro";"1";"G9PHRPT0WXZ00005DP";"";"329.00"
"2026-08-08";"DC_MSPI-Owned";"GL5_MSPI-Owned";"661-44955";"Display, iPhone 16 Pro Max";"1";"G9PHJ1S0T7D00005DR";"";"379.00"
"2026-08-08";"DC_MSPI-Owned";"GL5_MSPI-Owned";"661-21991";"Battery, iPhone 13";"1";"F8Y6271C02Z18FKBA";"";"89.00"
"2026-08-08";"DC_MSPI-Owned";"GL5_MSPI-Owned";"661-21991";"Battery, iPhone 13";"1";"F8Y6271C28F18FKB8";"";"89.00"
"2026-08-08";"DC_MSPI-Owned";"GL5_MSPI-Owned";"661-21991";"Battery, iPhone 13";"1";"F8Y6271C1LK18FKB3";"";"89.00"
"2026-08-08";"DC_MSPI-Owned";"GL5_MSPI-Owned";"661-21991";"Battery, iPhone 13";"1";"F8Y6271C28X18FKBS";"";"89.00"
"2026-08-08";"DC_MSPI-Owned";"GL5_MSPI-Owned";"661-21991";"Battery, iPhone 13";"1";"F8Y6271C29218FKBJ";"";"89.00"
"2026-08-08";"DC_MSPI-Owned";"GL5_MSPI-Owned";"661-22294";"Battery, iPhone 13 Pro Max";"1";"F8Y6276C1UA13XCBF";"";"89.00"
"2026-08-08";"DC_MSPI-Owned";"GL5_MSPI-Owned";"661-37207";"Battery, iPhone 15 Plus";"1";"F8YHRLC00WC00006U0";"";"99.00"
"2026-08-08";"DC_MSPI-Owned";"GL5_MSPI-Owned";"661-30382";"Battery, iPhone 14 Pro";"1";"F8Y6247C3HF217WB0";"";"99.00"
"2026-08-08";"DC_MSPI-Owned";"GL5_MSPI-Owned";"661-30382";"Battery, iPhone 14 Pro";"1";"F8Y6247C6AG217WBH";"";"99.00"
"2026-08-08";"DC_MSPI-Owned";"GL5_MSPI-Owned";"661-22294";"Battery, iPhone 13 Pro Max";"1";"F8Y6276C1EV13XCB4";"";"89.00"
"2026-08-08";"DC_MSPI-Owned";"BHS_MSPI-Owned";"661-56125";"Display, iPhone 17 Pro";"1";"G9QHTAP62Q60000L4B";"";"329.00"
"2026-08-08";"DC_MSPI-Owned";"BHS_MSPI-Owned";"661-56065";"Display, iPhone 17";"1";"GVCHRP0347Z0000U6M";"";"329.00"
"2026-08-08";"DC_MSPI-Owned";"BHS_MSPI-Owned";"661-21996";"Battery, iPhone 13 Pro";"1";"F8Y6252C2QC13RHCA";"";"89.00"
"2026-08-08";"DC_MSPI-Owned";"SMS_MSPI-Owned";"661-21996";"Battery, iPhone 13 Pro";"1";"F8Y6252C2V913RHCY";"";"89.00"
"2026-08-08";"DC_MSPI-Owned";"SMS_MSPI-Owned";"661-21996";"Battery, iPhone 13 Pro";"1";"F8Y6252C2V513RHC2";"";"89.00"
"2026-08-08";"DC_MSPI-Owned";"SMS_MSPI-Owned";"661-21991";"Battery, iPhone 13";"1";"F8Y6281C56818FKBF";"";"89.00"
"2026-08-08";"DC_MSPI-Owned";"SMS_MSPI-Owned";"661-21991";"Battery, iPhone 13";"1";"F8Y6281C1AN18FKBT";"";"89.00"
"2026-08-08";"DC_MSPI-Owned";"SMS_MSPI-Owned";"661-21991";"Battery, iPhone 13";"1";"F8Y6281C3AG18FKBX";"";"89.00"
"2026-08-08";"DC_MSPI-Owned";"SMS_MSPI-Owned";"661-21991";"Battery, iPhone 13";"1";"F8Y6276C0ZJ18FKBV";"";"89.00"
"2026-08-08";"DC_MSPI-Owned";"SMS_MSPI-Owned";"661-30382";"Battery, iPhone 14 Pro";"1";"F8Y6251C388217WB3";"";"99.00"
"2026-08-08";"DC_MSPI-Owned";"SMS_MSPI-Owned";"661-30397";"Battery, iPhone 14 Pro Max";"1";"F8Y6184C7RK20J9BH";"";"99.00"
"2026-08-08";"DC_MSPI-Owned";"SMS_MSPI-Owned";"661-36918";"Battery, iPhone 15 Pro Max";"1";"FG9HTN001JB00006TT";"";"99.00"
"2026-08-08";"DC_MSPI-Owned";"SMS_MSPI-Owned";"661-21988";"Display, iPhone 13";"1";"G9P5523C3R2PR5QA0";"";"279.00"
"2026-08-08";"DC_MSPI-Owned";"SMS_MSPI-Owned";"661-36706";"Display, iPhone 15";"1";"G9Q6105UDQY21KHA5";"";"279.00"
"2026-08-08";"DC_MSPI-Owned";"SMS_MSPI-Owned";"661-56050";"Display, iPhone 17 Pro Max";"1";"GH3HRK01C070000MUZ";"";"379.00"
"2026-08-08";"DC_MSPI-Owned";"SMS_MSPI-Owned";"661-56050";"Display, iPhone 17 Pro Max";"1";"GH3HRL01EUD0000MUZ";"";"379.00"
"2026-08-08";"DC_MSPI-Owned";"MOA-MSPI-Owned";"661-56050";"Display, iPhone 17 Pro Max";"1";"GVCHS30283A0000MUZ";"";"379.00"
"2026-08-08";"DC_MSPI-Owned";"MOA-MSPI-Owned";"661-42726";"Display, iPhone 16 Pro";"1";"G9PHS4T0A4R00005DP";"";"329.00"
"2026-08-08";"DC_MSPI-Owned";"MOA-MSPI-Owned";"661-21996";"Battery, iPhone 13 Pro";"1";"F8Y6252C2PS13RHCZ";"";"89.00"
"2026-08-08";"DC_MSPI-Owned";"FES-MSPI-Owned";"661-21991";"Battery, iPhone 13";"1";"F8Y6272C6WP18FKBX";"";"89.00"
"2026-08-08";"DC_MSPI-Owned";"FES-MSPI-Owned";"661-21991";"Battery, iPhone 13";"1";"F8Y6271C2U018FKBX";"";"89.00"
"2026-08-08";"DC_MSPI-Owned";"FES-MSPI-Owned";"661-35699";"Display, iPhone 15 Pro";"1";"G9P5504Q3A11PHPAE";"";"329.00"
"2026-08-08";"DC_MSPI-Owned";"VER_MSPI-Owned";"661-21991";"Battery, iPhone 13";"1";"F8Y6276C28018FKBJ";"";"89.00"
"2026-08-08";"DC_MSPI-Owned";"VER_MSPI-Owned";"661-21991";"Battery, iPhone 13";"1";"F8Y6272C8YK18FKBT";"";"89.00"
"2026-08-08";"DC_MSPI-Owned";"VER_MSPI-Owned";"661-21991";"Battery, iPhone 13";"1";"F8Y6272C90918FKBW";"";"89.00"
"2026-08-08";"DC_MSPI-Owned";"VER_MSPI-Owned";"661-21991";"Battery, iPhone 13";"1";"F8Y6276C14Y18FKBZ";"";"89.00"
"2026-08-08";"DC_MSPI-Owned";"VER_MSPI-Owned";"661-21991";"Battery, iPhone 13";"1";"F8Y6277C3LK18FKBV";"";"89.00"
"2026-08-08";"DC_MSPI-Owned";"VER_MSPI-Owned";"661-21991";"Battery, iPhone 13";"1";"F8Y6271C2TE18FKBL";"";"89.00"
"2026-08-08";"DC_MSPI-Owned";"VER_MSPI-Owned";"661-21991";"Battery, iPhone 13";"1";"F8Y6276C0S118FKBZ";"";"89.00"
"2026-08-08";"DC_MSPI-Owned";"VER_MSPI-Owned";"661-21991";"Battery, iPhone 13";"1";"F8Y6276C6Y418FKB6";"";"89.00"
"2026-08-08";"DC_MSPI-Owned";"VER_MSPI-Owned";"661-21991";"Battery, iPhone 13";"1";"F8Y6281C2NX18FKBF";"";"89.00"
"2026-08-08";"DC_MSPI-Owned";"VER_MSPI-Owned";"661-21991";"Battery, iPhone 13";"1";"F8Y6276C28618FKBC";"";"89.00"
"2026-08-08";"DC_MSPI-Owned";"VER_MSPI-Owned";"661-21991";"Battery, iPhone 13";"1";"F8Y6276C0MP18FKBS";"";"89.00"
"2026-08-08";"DC_MSPI-Owned";"VER_MSPI-Owned";"661-21991";"Battery, iPhone 13";"1";"F8Y6281C5ZB18FKBZ";"";"89.00"
"2026-08-08";"DC_MSPI-Owned";"VER_MSPI-Owned";"661-22294";"Battery, iPhone 13 Pro Max";"1";"F8Y6276C1UW13XCBV";"";"89.00"
"2026-08-08";"DC_MSPI-Owned";"VER_MSPI-Owned";"661-22294";"Battery, iPhone 13 Pro Max";"1";"F8Y6276C1U213XCBP";"";"89.00"
"2026-08-08";"DC_MSPI-Owned";"VER_MSPI-Owned";"661-22294";"Battery, iPhone 13 Pro Max";"1";"F8Y6276C1U613XCBK";"";"89.00"
"2026-08-08";"DC_MSPI-Owned";"VER_MSPI-Owned";"661-21996";"Battery, iPhone 13 Pro";"1";"F8Y6252C2V013RHC7";"";"89.00"
"2026-08-08";"DC_MSPI-Owned";"VER_MSPI-Owned";"661-21996";"Battery, iPhone 13 Pro";"1";"F8Y6252C2QU13RHCU";"";"89.00"
"2026-08-08";"DC_MSPI-Owned";"VER_MSPI-Owned";"661-21996";"Battery, iPhone 13 Pro";"1";"F8Y6252C2QL13RHC2";"";"89.00"
"2026-08-08";"DC_MSPI-Owned";"VER_MSPI-Owned";"661-36918";"Battery, iPhone 15 Pro Max";"1";"FG9HTK008A500006TT";"";"99.00"
"2026-08-08";"DC_MSPI-Owned";"VER_MSPI-Owned";"661-35885";"Battery, iPhone 15";"1";"F8YHUBC0HDY00006TW";"";"99.00"
"2026-08-08";"DC_MSPI-Owned";"VER_MSPI-Owned";"661-35885";"Battery, iPhone 15";"1";"F8YHUBC0HFY00006TW";"";"99.00"
"2026-08-08";"DC_MSPI-Owned";"VER_MSPI-Owned";"661-30382";"Battery, iPhone 14 Pro";"1";"F8Y6247C220217WBT";"";"99.00"
"2026-08-08";"DC_MSPI-Owned";"VER_MSPI-Owned";"661-30394";"Battery, iPhone 14 Plus";"1";"F8Y6263C2FV237KB0";"";"99.00"
"2026-08-08";"DC_MSPI-Owned";"VER_MSPI-Owned";"661-37207";"Battery, iPhone 15 Plus";"1";"F8YHRNC01CT00006U0";"";"99.00"
"2026-08-08";"DC_MSPI-Owned";"VER_MSPI-Owned";"661-56064";"Battery, iPhone 17";"1";"F8YHUR00M190001510";"";"99.00"
"2026-08-08";"DC_MSPI-Owned";"VER_MSPI-Owned";"661-21988";"Display, iPhone 13";"1";"G9P5497CGFZPR5QAW";"";"279.00"
"2026-08-08";"DC_MSPI-Owned";"VER_MSPI-Owned";"661-21988";"Display, iPhone 13";"1";"G9P5516CG90PR5QA3";"";"279.00"
"2026-08-08";"DC_MSPI-Owned";"VER_MSPI-Owned";"661-36706";"Display, iPhone 15";"1";"G9Q6106UH8Q21KHAN";"";"279.00"
"2026-08-08";"DC_MSPI-Owned";"VER_MSPI-Owned";"661-36915";"Display, iPhone 15 Pro Max";"1";"G9P6051QBDC1PHRA8";"";"379.00"
"2026-08-08";"DC_MSPI-Owned";"ANX-MSPI-Owned";"661-30373";"Battery, iPhone 14";"1";"F8Y6262C4E3231LBB";"";"99.00"
"2026-08-08";"DC_MSPI-Owned";"ANX-MSPI-Owned";"661-30382";"Battery, iPhone 14 Pro";"1";"F8Y6247C21V217WB1";"";"None"
"2026-08-08";"DC_MSPI-Owned";"ANX-MSPI-Owned";"661-30397";"Battery, iPhone 14 Pro Max";"1";"F8Y6232C97N20J9BE";"";"99.00"
"2026-08-08";"DC_MSPI-Owned";"ANX-MSPI-Owned";"661-22294";"Battery, iPhone 13 Pro Max";"1";"F8Y6276C1UP13XCB2";"";"89.00"
"2026-08-08";"DC_MSPI-Owned";"ANX-MSPI-Owned";"661-21991";"Battery, iPhone 13";"1";"F8Y6281C5YZ18FKBE";"";"89.00"
"2026-08-08";"DC_MSPI-Owned";"ANX-MSPI-Owned";"661-21991";"Battery, iPhone 13";"1";"F8Y6281C5ZV18FKBF";"";"89.00"
"2026-08-08";"DC_MSPI-Owned";"ANX-MSPI-Owned";"661-21991";"Battery, iPhone 13";"1";"F8Y6272C98H18FKBY";"";"89.00"
"2026-08-08";"DC_MSPI-Owned";"ANX-MSPI-Owned";"661-21991";"Battery, iPhone 13";"1";"F8Y6272C98Y18FKBH";"";"89.00"
"2026-08-08";"DC_MSPI-Owned";"ANX-MSPI-Owned";"661-21991";"Battery, iPhone 13";"1";"F8Y6272C90S18FKBD";"";"None"
"2026-08-08";"DC_MSPI-Owned";"ANX-MSPI-Owned";"661-21988";"Display, iPhone 13";"1";"G9P5482C5E9PR5QA8";"";"279.00"
"2026-08-08";"DC_MSPI-Owned";"TRI-MSPI-Owned";"661-21991";"Battery, iPhone 13";"1";"F8Y6281C19J18FKB0";"";"89.00"
"2026-08-08";"DC_MSPI-Owned";"TRI-MSPI-Owned";"661-21991";"Battery, iPhone 13";"1";"F8Y6276C16X18FKBU";"";"89.00"
"2026-08-08";"DC_MSPI-Owned";"TRI-MSPI-Owned";"661-21991";"Battery, iPhone 13";"1";"F8Y6281C2V718FKBJ";"";"89.00"
"2026-08-08";"DC_MSPI-Owned";"TRI-MSPI-Owned";"661-21991";"Battery, iPhone 13";"1";"F8Y6281C5XD18FKB3";"";"89.00"
"2026-08-08";"DC_MSPI-Owned";"TRI-MSPI-Owned";"661-21991";"Battery, iPhone 13";"1";"F8Y6276C6C418FKBY";"";"89.00"
"2026-08-08";"DC_MSPI-Owned";"TRI-MSPI-Owned";"661-21991";"Battery, iPhone 13";"1";"F8Y6281C19T18FKBR";"";"89.00"
"2026-08-08";"DC_MSPI-Owned";"TRI-MSPI-Owned";"661-35885";"Battery, iPhone 15";"1";"F8YHUBC0K9000006TW";"";"99.00"
"2026-08-08";"DC_MSPI-Owned";"TRI-MSPI-Owned";"661-30397";"Battery, iPhone 14 Pro Max";"1";"F8Y6183C8W920J9BC";"";"99.00"
"2026-08-08";"DC_MSPI-Owned";"TRI-MSPI-Owned";"661-30397";"Battery, iPhone 14 Pro Max";"1";"F8Y6206C2D620J9BQ";"";"99.00"
"2026-08-08";"DC_MSPI-Owned";"TRI-MSPI-Owned";"661-22294";"Battery, iPhone 13 Pro Max";"1";"F8Y6276C1U713XCBJ";"";"89.00"
"2026-08-08";"DC_MSPI-Owned";"TRI-MSPI-Owned";"661-21996";"Battery, iPhone 13 Pro";"1";"F8Y6252C2QR13RHCX";"";"89.00"
"2026-08-08";"DC_MSPI-Owned";"TRI-MSPI-Owned";"661-21991";"Battery, iPhone 13";"1";"F8Y6276C6C118FKB1";"";"89.00"
"2026-08-09";"DC_MSPI-Owned";"MEG-MSPI-Owned";"661-30397";"Battery, iPhone 14 Pro Max";"1";"F8Y6184C6NY20J9BE";"";"99.00"
"2026-08-09";"DC_MSPI-Owned";"MEG-MSPI-Owned";"661-30397";"Battery, iPhone 14 Pro Max";"1";"F8Y6184C7GL20J9B9";"";"99.00"
"2026-08-09";"DC_MSPI-Owned";"MEG-MSPI-Owned";"661-30373";"Battery, iPhone 14";"1";"F8Y6262C3TK231LBR";"";"99.00"
"2026-08-09";"DC_MSPI-Owned";"MEG-MSPI-Owned";"661-21991";"Battery, iPhone 13";"1";"F8Y6276C02A18FKBU";"";"89.00"
"2026-08-09";"DC_MSPI-Owned";"MEG-MSPI-Owned";"661-21991";"Battery, iPhone 13";"1";"F8Y6276C2KE18FKB5";"";"None"
"2026-08-09";"DC_MSPI-Owned";"MEG-MSPI-Owned";"661-21991";"Battery, iPhone 13";"1";"F8Y6272C8B118FKB6";"";"89.00"
"2026-08-09";"DC_MSPI-Owned";"MEG-MSPI-Owned";"661-21991";"Battery, iPhone 13";"1";"F8Y6272C6U318FKBP";"";"89.00"
"2026-08-09";"DC_MSPI-Owned";"MEG-MSPI-Owned";"661-21996";"Battery, iPhone 13 Pro";"1";"F8Y6253C1N013RHCU";"";"89.00"
"2026-08-09";"DC_MSPI-Owned";"MEG-MSPI-Owned";"661-22294";"Battery, iPhone 13 Pro Max";"1";"F8Y6276C1UC13XCBD";"";"89.00"
"2026-08-08";"DC_MSPI-Owned";"POD_MSPI-Owned";"661-21996";"Battery, iPhone 13 Pro";"1";"F8Y6252C2UY13RHCC";"";"89.00"
"2026-08-08";"DC_MSPI-Owned";"POD_MSPI-Owned";"661-21991";"Battery, iPhone 13";"1";"F8Y6277C5TR18FKB0";"";"89.00"
"2026-08-08";"DC_MSPI-Owned";"POD_MSPI-Owned";"661-21991";"Battery, iPhone 13";"1";"F8Y6281C6BN18FKBK";"";"89.00"
"2026-08-08";"DC_MSPI-Owned";"POD_MSPI-Owned";"661-21996";"Battery, iPhone 13 Pro";"1";"F8Y6252C2VB13RHCW";"";"89.00"
"2026-08-08";"DC_MSPI-Owned";"POD_MSPI-Owned";"661-21991";"Battery, iPhone 13";"1";"F8Y6272C8B218FKB5";"";"89.00"
"2026-08-08";"DC_MSPI-Owned";"POD_MSPI-Owned";"661-21991";"Battery, iPhone 13";"1";"F8Y6272C8AP18FKBM";"";"89.00"
"2026-08-08";"DC_MSPI-Owned";"POD_MSPI-Owned";"661-30382";"Battery, iPhone 14 Pro";"1";"F8Y6247C21X217WBZ";"";"99.00"
"2026-08-08";"DC_MSPI-Owned";"POD_MSPI-Owned";"661-30382";"Battery, iPhone 14 Pro";"1";"F8Y6247C227217WBL";"";"99.00"
"2026-08-08";"DC_MSPI-Owned";"POD_MSPI-Owned";"661-22374";"Battery, iPhone 13 mini";"1";"F8Y6271C7R414LWC6";"";"89.00"
"2026-08-08";"DC_MSPI-Owned";"POD_MSPI-Owned";"661-30382";"Battery, iPhone 14 Pro";"1";"F8Y6247C225217WBN";"";"99.00"
"2026-08-08";"DC_MSPI-Owned";"POD_MSPI-Owned";"661-30382";"Battery, iPhone 14 Pro";"1";"F8Y6247C3HM217WBU";"";"99.00"
"2026-08-08";"DC_MSPI-Owned";"POD_MSPI-Owned";"661-36918";"Battery, iPhone 15 Pro Max";"1";"FG9HTK008AD00006TT";"";"99.00"
"2026-08-08";"DC_MSPI-Owned";"POD_MSPI-Owned";"661-35885";"Battery, iPhone 15";"1";"F8YHUBC09CB00006TW";"";"99.00"
"2026-08-08";"DC_MSPI-Owned";"POD_MSPI-Owned";"661-30397";"Battery, iPhone 14 Pro Max";"1";"F8Y6183C8X120J9BH";"";"99.00"
"2026-08-08";"DC_MSPI-Owned";"POD_MSPI-Owned";"661-30397";"Battery, iPhone 14 Pro Max";"1";"F8Y6183C8WV20J9BS";"";"99.00"
"2026-08-08";"DC_MSPI-Owned";"POD_MSPI-Owned";"661-30397";"Battery, iPhone 14 Pro Max";"1";"F8Y6183C8YH20J9BY";"";"99.00"
"2026-08-08";"DC_MSPI-Owned";"POD_MSPI-Owned";"661-36918";"Battery, iPhone 15 Pro Max";"1";"FG9HTN003KY00006TT";"";"99.00"
"2026-08-08";"DC_MSPI-Owned";"POD_MSPI-Owned";"661-35885";"Battery, iPhone 15";"1";"F8YHUBC0KZB00006TW";"";"99.00"
"2026-08-08";"DC_MSPI-Owned";"POD_MSPI-Owned";"661-30397";"Battery, iPhone 14 Pro Max";"1";"F8Y6184C7RX20J9B5";"";"99.00"
"2026-08-08";"DC_MSPI-Owned";"POD_MSPI-Owned";"661-21993";"Display, iPhone 13 Pro";"1";"G9P5154L11ZPQCKAY";"";"279.00"
"2026-08-08";"DC_MSPI-Owned";"POD_MSPI-Owned";"661-44797";"Display, iPhone 16";"1";"G9QHSJY0RTK00004Y7";"";"279.00"
"2026-08-08";"DC_MSPI-Owned";"POD_MSPI-Owned";"661-56050";"Display, iPhone 17 Pro Max";"1";"GH3HS801XJV0000MUZ";"";"379.00"
"2026-08-08";"DC_MSPI-Owned";"MRK-MSPI-Owned";"661-21991";"Battery, iPhone 13";"1";"F8Y6281C1E318FKB0";"";"89.00"
"2026-08-08";"DC_MSPI-Owned";"MRK-MSPI-Owned";"661-21991";"Battery, iPhone 13";"1";"F8Y6281C3BE18FKBW";"";"89.00"
"2026-08-08";"DC_MSPI-Owned";"MRK-MSPI-Owned";"661-22294";"Battery, iPhone 13 Pro Max";"1";"F8Y6276C1UT13XCBY";"";"89.00"
"2026-08-08";"DC_MSPI-Owned";"MRK-MSPI-Owned";"661-36918";"Battery, iPhone 15 Pro Max";"1";"FG9HTN003MC00006TT";"";"99.00"
"2026-08-08";"DC_MSPI-Owned";"MAG-MSPI-Owned";"661-21991";"Battery, iPhone 13";"1";"F8Y6271C2T418FKBW";"";"89.00"
"2026-08-08";"DC_MSPI-Owned";"MAG-MSPI-Owned";"661-30397";"Battery, iPhone 14 Pro Max";"1";"F8Y6183C8X720J9BB";"";"99.00"
"2026-08-08";"DC_MSPI-Owned";"MAG-MSPI-Owned";"661-35885";"Battery, iPhone 15";"1";"F8YHUBC0J8T00006TW";"";"99.00"
"2026-08-08";"DC_MSPI-Owned";"MAG-MSPI-Owned";"661-36918";"Battery, iPhone 15 Pro Max";"1";"FG9HTN001JV00006TT";"";"99.00"
"2026-08-08";"DC_MSPI-Owned";"MAG-MSPI-Owned";"661-35699";"Display, iPhone 15 Pro";"1";"G9P5503Q4PS1PHPAJ";"";"329.00"
"2026-08-14";"DC_MSPI-Owned";"NAG-MSPI-Owned";"661-49431";"Display, iPhone 16e";"1";"G9Q5345XC3Z1502AH";"";"229.00"
"2026-08-14";"DC_MSPI-Owned";"CEB-MSPI-Owned";"661-21991";"Battery, iPhone 13";"1";"F8Y6262C2C218FKBB";"";"89.00"
"2026-08-14";"DC_MSPI-Owned";"CEB-MSPI-Owned";"661-21991";"Battery, iPhone 13";"1";"F8Y6262C2MD18FKB7";"";"89.00"
"2026-08-14";"DC_MSPI-Owned";"CEB-MSPI-Owned";"661-21991";"Battery, iPhone 13";"1";"F8Y6262C14918FKBV";"";"89.00"
"2026-08-14";"DC_MSPI-Owned";"CEB-MSPI-Owned";"661-21996";"Battery, iPhone 13 Pro";"1";"F8Y6222C3S513RHCK";"";"89.00"
"2026-08-14";"DC_MSPI-Owned";"CEB-MSPI-Owned";"661-30382";"Battery, iPhone 14 Pro";"1";"F8Y6247CC0B217WBC";"";"99.00"
"2026-08-13";"DC_MSPI-Owned";"ABR-MSPI-Owned";"661-21991";"Battery, iPhone 13";"1";"F8Y6253C3KU18FKBZ";"";"89.00"
"2026-08-13";"DC_MSPI-Owned";"ABR-MSPI-Owned";"661-60211";"SVC, IPHONE 17E, DISPLAY";"1";"GVH604221DK2FRVA2";"";"229.00"
"2026-08-13";"DC_MSPI-Owned";"ABR-MSPI-Owned";"661-21991";"Battery, iPhone 13";"1";"F8Y6233C3AM18FKB5";"";"89.00"
"2026-08-20";"DC_MSPI-Owned";"ZAM-MSPI-Owned";"661-21991";"Battery, iPhone 13";"1";"F8Y6255C1WB18FKBH";"";"89.00"
"2026-08-20";"DC_MSPI-Owned";"ZAM-MSPI-Owned";"661-21996";"Battery, iPhone 13 Pro";"1";"F8Y6165C4D413RHCA";"";"89.00"
"2026-08-15";"DC_MSPI-Owned";"ILO-MSPI-Owned";"661-21991";"Battery, iPhone 13";"1";"F8Y6262C2B618FKBA";"";"89.00"
"2026-08-15";"DC_MSPI-Owned";"LIM_MSPI-Owned";"661-35694";"Battery, iPhone 15 Pro";"1";"F8YHUND06UR00006TP";"";"99.00"
"2026-08-15";"DC_MSPI-Owned";"LIM_MSPI-Owned";"661-21991";"Battery, iPhone 13";"1";"F8Y6262C11M18FKBS";"";"89.00"
"2026-08-15";"DC_MSPI-Owned";"LIM_MSPI-Owned";"661-22294";"Battery, iPhone 13 Pro Max";"1";"F8Y6195C2GZ13XCBP";"";"89.00"
"2026-08-15";"DC_MSPI-Owned";"LIM_MSPI-Owned";"661-21991";"Battery, iPhone 13";"1";"F8Y6271C2TH18FKBH";"";"89.00"
"2026-08-15";"DC_MSPI-Owned";"LIM_MSPI-Owned";"661-21991";"Battery, iPhone 13";"1";"F8Y6276C0ZG18FKBX";"";"89.00"
"2026-08-15";"DC_MSPI-Owned";"LIM_MSPI-Owned";"661-21991";"Battery, iPhone 13";"1";"F8Y6276C09E18FKB3";"";"89.00"
"2026-08-15";"DC_MSPI-Owned";"LIM_MSPI-Owned";"661-21991";"Battery, iPhone 13";"1";"F8Y6271C28H18FKB6";"";"89.00"
"2026-08-15";"DC_MSPI-Owned";"LIM_MSPI-Owned";"661-21988";"Display, iPhone 13";"1";"G9P5481CPR7PR5QAU";"";"279.00"
"2026-08-15";"DC_MSPI-Owned";"LIM_MSPI-Owned";"661-49431";"Display, iPhone 16e";"1";"G9Q5345X2D71502AP";"";"229.00"
"2026-08-15";"DC_MSPI-Owned";"LIM_MSPI-Owned";"661-36706";"Display, iPhone 15";"1";"G9Q6081UHJQ21KHA8";"";"279.00"
"2026-08-15";"DC_MSPI-Owned";"LIM_MSPI-Owned";"661-30366";"Display, iPhone 14";"1";"G9Q5493VBAK1502A3";"";"279.00"
"2026-08-15";"DC_MSPI-Owned";"LIM_MSPI-Owned";"661-49431";"Display, iPhone 16e";"1";"G9Q5355XHN71502AC";"";"229.00"
"2026-08-14";"DC_MSPI-Owned";"NPM-MSPI-Owned";"661-56050";"Display, iPhone 17 Pro Max";"1";"GH3HPY00KDS0000MUZ";"";"379.00"
"2026-08-14";"DC_MSPI-Owned";"NPM-MSPI-Owned";"661-21991";"Battery, iPhone 13";"1";"F8Y6252C8RG18FKBP";"";"89.00"
"2026-08-14";"DC_MSPI-Owned";"NPM-MSPI-Owned";"661-21996";"Battery, iPhone 13 Pro";"1";"F8Y6222C61613RHCN";"";"89.00"
"2026-08-14";"DC_MSPI-Owned";"NPM-MSPI-Owned";"661-21991";"Battery, iPhone 13";"1";"F8Y6281C3FK18FKBD";"";"89.00"
"2026-08-14";"DC_MSPI-Owned";"NPM-MSPI-Owned";"661-21991";"Battery, iPhone 13";"1";"F8Y6276C0DF18FKBQ";"";"89.00"
"2026-08-14";"DC_MSPI-Owned";"NPM-MSPI-Owned";"661-30397";"Battery, iPhone 14 Pro Max";"1";"F8Y6232C97E20J9BN";"";"99.00"
"2026-08-14";"DC_MSPI-Owned";"NPM-MSPI-Owned";"661-30382";"Battery, iPhone 14 Pro";"1";"F8Y6247CBCA217WBC";"";"99.00"
"2026-08-14";"DC_MSPI-Owned";"NPM-MSPI-Owned";"661-30373";"Battery, iPhone 14";"1";"F8Y6262C65V231LBA";"";"99.00"
"2026-08-14";"DC_MSPI-Owned";"NPM-MSPI-Owned";"661-21996";"Battery, iPhone 13 Pro";"1";"F8Y6252C2QP13RHCZ";"";"89.00"
"2026-08-14";"DC_MSPI-Owned";"NPM-MSPI-Owned";"661-22294";"Battery, iPhone 13 Pro Max";"1";"F8Y6276C1UQ13XCB1";"";"89.00"
"2026-08-14";"DC_MSPI-Owned";"NPM-MSPI-Owned";"661-36918";"Battery, iPhone 15 Pro Max";"1";"FG9HTN005WS00006TT";"";"99.00"
"2026-08-10";"PPM-MSPI-Owned";"FES-MSPI-Owned";"661-35885";"Battery, iPhone 15";"1";"F8YHUBC0G4K00006TW";"";"99.00"
"2026-08-10";"SMS_MSPI-Owned";"MAG-MSPI-Owned";"661-17939";"Battery, iPhone 12 mini";"1";"F8Y32870JHR02JNAR";"";"89.00"
"2026-08-13";"FES-MSPI-Owned";"LIM_MSPI-Owned";"661-36918";"Battery, iPhone 15 Pro Max";"1";"FG9HT1003SL00006TT";"";"99.00"
"2026-08-13";"FES-MSPI-Owned";"LIM_MSPI-Owned";"661-30397";"Battery, iPhone 14 Pro Max";"1";"F8Y6232C4B520J9BQ";"";"99.00"
"2026-08-12";"MEG-Repair";"MEG-MSPI-Owned";"661-35694";"Battery, iPhone 15 Pro";"1";"F8YHUQD00JA00006TP";"";"51.00"
"2026-08-13";"TRI-Repair";"TRI-MSPI-Owned";"661-21991";"Battery, iPhone 13";"1";"F8Y6281C1C318FKB6";"";"0.00"
"2026-08-16";"MEG-MSPI-Owned";"FES-MSPI-Owned";"661-30397";"Battery, iPhone 14 Pro Max";"1";"F8Y6166C6Z820J9B9";"";"99.00"
"2026-08-16";"MEG-MSPI-Owned";"MAG-MSPI-Owned";"661-30394";"Battery, iPhone 14 Plus";"1";"F8Y5457C5NF237KBQ";"";"99.00"
"2026-08-16";"MEG-MSPI-Owned";"POD_MSPI-Owned";"661-30373";"Battery, iPhone 14";"1";"F8Y6234CACW231LBR";"";"99.00"
"2026-08-18";"DC_MSPI-Owned";"MOA-MSPI-Owned";"661-21991";"Battery, iPhone 13";"1";"F8Y6283C2GJ18FKBA";"";"89.00"
"2026-08-18";"DC_MSPI-Owned";"MOA-MSPI-Owned";"661-21991";"Battery, iPhone 13";"1";"F8Y6282C41818FKBW";"";"89.00"
"2026-08-18";"DC_MSPI-Owned";"MOA-MSPI-Owned";"661-21991";"Battery, iPhone 13";"1";"F8Y6283C5XQ18FKBQ";"";"89.00"
"2026-08-18";"DC_MSPI-Owned";"MOA-MSPI-Owned";"661-21991";"Battery, iPhone 13";"1";"F8Y6281C4ZU18FKBH";"";"89.00"
"2026-08-18";"DC_MSPI-Owned";"MOA-MSPI-Owned";"661-22294";"Battery, iPhone 13 Pro Max";"1";"F8Y6254C05R13XCBA";"";"89.00"
"2026-08-18";"DC_MSPI-Owned";"MOA-MSPI-Owned";"661-30382";"Battery, iPhone 14 Pro";"1";"F8Y6247C6QB217WBE";"";"99.00"
"2026-08-18";"DC_MSPI-Owned";"MOA-MSPI-Owned";"661-21991";"Battery, iPhone 13";"1";"F8Y6283C3RD18FKBM";"";"89.00"
"2026-08-18";"DC_MSPI-Owned";"MOA-MSPI-Owned";"661-21991";"Battery, iPhone 13";"1";"F8Y6282C0CZ18FKBA";"";"89.00"
"2026-08-18";"DC_MSPI-Owned";"MOA-MSPI-Owned";"661-30397";"Battery, iPhone 14 Pro Max";"1";"F8Y6212C1DT20J9B5";"";"99.00"
"2026-08-18";"DC_MSPI-Owned";"BHS_MSPI-Owned";"661-21991";"Battery, iPhone 13";"1";"F8Y6283C2C718FKBZ";"";"89.00"
"2026-08-18";"DC_MSPI-Owned";"BHS_MSPI-Owned";"661-21991";"Battery, iPhone 13";"1";"F8Y6283C20N18FKBL";"";"89.00"
"2026-08-18";"DC_MSPI-Owned";"BHS_MSPI-Owned";"661-21991";"Battery, iPhone 13";"1";"F8Y6283C1YV18FKBL";"";"89.00"
"2026-08-18";"DC_MSPI-Owned";"BHS_MSPI-Owned";"661-21996";"Battery, iPhone 13 Pro";"1";"F8Y6223C51S13RHC2";"";"89.00"
"2026-08-18";"DC_MSPI-Owned";"BHS_MSPI-Owned";"661-21991";"Battery, iPhone 13";"1";"F8Y6282C5FT18FKB2";"";"89.00"
"2026-08-23";"DC_MSPI-Owned";"LAU-MSPI-Owned";"661-21991";"Battery, iPhone 13";"1";"F8Y6283C1NK18FKBS";"";"89.00"
"2026-08-23";"DC_MSPI-Owned";"LAU-MSPI-Owned";"661-21991";"Battery, iPhone 13";"1";"F8Y6283C1Q818FKBX";"";"89.00"
"2026-08-23";"DC_MSPI-Owned";"LAU-MSPI-Owned";"661-21991";"Battery, iPhone 13";"1";"F8Y6283C1PA18FKBY";"";"89.00"
"2026-08-23";"DC_MSPI-Owned";"LAU-MSPI-Owned";"661-21996";"Battery, iPhone 13 Pro";"1";"F8Y6223C2U913RHC9";"";"89.00"
"2026-08-23";"DC_MSPI-Owned";"LAU-MSPI-Owned";"661-36918";"Battery, iPhone 15 Pro Max";"1";"FG9HUB006JZ00006TT";"";"99.00"
"2026-08-28";"DC_MSPI-Owned";"ZAM-MSPI-Owned";"661-21991";"Battery, iPhone 13";"1";"F8Y6283C29818FKB7";"";"89.00"
"2026-08-28";"DC_MSPI-Owned";"ZAM-MSPI-Owned";"661-21991";"Battery, iPhone 13";"1";"F8Y6282C5DE18FKBM";"";"89.00"
"2026-08-18";"DC_MSPI-Owned";"GB3-MSPI-Owned";"661-21991";"Battery, iPhone 13";"1";"F8Y6283C05318FKBS";"";"89.00"
"2026-08-18";"DC_MSPI-Owned";"GB3-MSPI-Owned";"661-30382";"Battery, iPhone 14 Pro";"1";"F8Y6247C0B8217WBU";"";"99.00"
"2026-08-18";"DC_MSPI-Owned";"GB3-MSPI-Owned";"661-21996";"Battery, iPhone 13 Pro";"1";"F8Y6223C6JC13RHCY";"";"89.00"
"2026-08-18";"DC_MSPI-Owned";"GB3-MSPI-Owned";"661-36918";"Battery, iPhone 15 Pro Max";"1";"FG9HUB0023H00006TT";"";"99.00"
"2026-08-18";"DC_MSPI-Owned";"GB3-MSPI-Owned";"661-30397";"Battery, iPhone 14 Pro Max";"1";"F8Y6232C85620J9B3";"";"99.00"
"2026-08-18";"DC_MSPI-Owned";"GB3-MSPI-Owned";"661-21991";"Battery, iPhone 13";"1";"F8Y6283C01K18FKBN";"";"None"
"2026-08-18";"DC_MSPI-Owned";"GB3-MSPI-Owned";"661-30397";"Battery, iPhone 14 Pro Max";"1";"F8Y6233C3BK20J9BA";"";"99.00"
"2026-08-18";"DC_MSPI-Owned";"PPM-MSPI-Owned";"661-56064";"Battery, iPhone 17";"1";"F8YHUR00FR80001510";"";"99.00"
"2026-08-18";"DC_MSPI-Owned";"PPM-MSPI-Owned";"661-36918";"Battery, iPhone 15 Pro Max";"1";"FG9HUB006R800006TT";"";"99.00"
"2026-08-18";"DC_MSPI-Owned";"PPM-MSPI-Owned";"661-21991";"Battery, iPhone 13";"1";"F8Y6283C01F18FKBS";"";"89.00"
"2026-08-18";"DC_MSPI-Owned";"PPM-MSPI-Owned";"661-21991";"Battery, iPhone 13";"1";"F8Y6283C01518FKB2";"";"89.00"
"2026-08-18";"DC_MSPI-Owned";"PPM-MSPI-Owned";"661-30382";"Battery, iPhone 14 Pro";"1";"F8Y6247C0C5217WBU";"";"99.00"
"2026-08-18";"DC_MSPI-Owned";"NES_MSPI-Owned";"661-21991";"Battery, iPhone 13";"1";"F8Y6283C42V18FKB5";"";"89.00"
"2026-08-18";"DC_MSPI-Owned";"NES_MSPI-Owned";"661-21991";"Battery, iPhone 13";"1";"F8Y6282C4S518FKBS";"";"89.00"
"2026-08-18";"DC_MSPI-Owned";"NES_MSPI-Owned";"661-21991";"Battery, iPhone 13";"1";"F8Y6282C4S418FKBT";"";"89.00"
"2026-08-18";"DC_MSPI-Owned";"NES_MSPI-Owned";"661-21991";"Battery, iPhone 13";"1";"F8Y6282C4Q918FKBU";"";"89.00"
"2026-08-18";"DC_MSPI-Owned";"NES_MSPI-Owned";"661-55235";"Battery, iPhone Air";"1";"F8YHKLY0FAK00017SP";"";"119.00"
"2026-08-18";"DC_MSPI-Owned";"NES_MSPI-Owned";"661-21996";"Battery, iPhone 13 Pro";"1";"F8Y6222C52613RHCL";"";"89.00"
"2026-08-18";"DC_MSPI-Owned";"NES_MSPI-Owned";"661-21996";"Battery, iPhone 13 Pro";"1";"F8Y6223C3R313RHCP";"";"89.00"
"2026-08-18";"DC_MSPI-Owned";"NES_MSPI-Owned";"661-22294";"Battery, iPhone 13 Pro Max";"1";"F8Y6254C1R413XCB4";"";"89.00"
"2026-08-18";"DC_MSPI-Owned";"NES_MSPI-Owned";"661-30382";"Battery, iPhone 14 Pro";"1";"F8Y6247C8KS217WBC";"";"99.00"
"2026-08-18";"DC_MSPI-Owned";"NES_MSPI-Owned";"661-36918";"Battery, iPhone 15 Pro Max";"1";"FG9HUB003K600006TT";"";"99.00"
"2026-08-18";"DC_MSPI-Owned";"NES_MSPI-Owned";"661-21991";"Battery, iPhone 13";"1";"F8Y6281C1HY18FKBW";"";"89.00"
"2026-08-18";"DC_MSPI-Owned";"NES_MSPI-Owned";"661-21991";"Battery, iPhone 13";"1";"F8Y6281C1J718FKBJ";"";"89.00"
"2026-08-18";"DC_MSPI-Owned";"NES_MSPI-Owned";"661-30397";"Battery, iPhone 14 Pro Max";"1";"F8Y6233C45420J9B8";"";"99.00"
"2026-08-18";"DC_MSPI-Owned";"NES_MSPI-Owned";"661-30397";"Battery, iPhone 14 Pro Max";"1";"F8Y6233C46620J9B3";"";"99.00"
"2026-08-18";"DC_MSPI-Owned";"NES_MSPI-Owned";"661-30397";"Battery, iPhone 14 Pro Max";"1";"F8Y6233C22Y20J9BR";"";"99.00"
"2026-08-18";"DC_MSPI-Owned";"NES_MSPI-Owned";"661-36706";"Display, iPhone 15";"1";"G9P6085RN6421KHAX";"";"279.00"
"2026-08-18";"DC_MSPI-Owned";"GL5_MSPI-Owned";"661-21991";"Battery, iPhone 13";"1";"F8Y6283C6Z618FKB1";"";"89.00"
"2026-08-18";"DC_MSPI-Owned";"GL5_MSPI-Owned";"661-30373";"Battery, iPhone 14";"1";"F8Y6281C9DL231LBM";"";"99.00"
"2026-08-18";"DC_MSPI-Owned";"GL5_MSPI-Owned";"661-30382";"Battery, iPhone 14 Pro";"1";"F8Y6247CAFZ217WBF";"";"99.00"
"2026-08-18";"DC_MSPI-Owned";"GL5_MSPI-Owned";"661-30397";"Battery, iPhone 14 Pro Max";"1";"F8Y6233C2VQ20J9BL";"";"99.00"
"2026-08-18";"DC_MSPI-Owned";"GL5_MSPI-Owned";"661-30397";"Battery, iPhone 14 Pro Max";"1";"F8Y6233C4AP20J9B8";"";"99.00"
"2026-08-18";"DC_MSPI-Owned";"GL5_MSPI-Owned";"661-21996";"Battery, iPhone 13 Pro";"1";"F8Y6223C5G313RHCE";"";"89.00"
"2026-08-18";"DC_MSPI-Owned";"GL5_MSPI-Owned";"661-21996";"Battery, iPhone 13 Pro";"1";"F8Y6223C51G13RHCC";"";"89.00"
"2026-08-18";"DC_MSPI-Owned";"GL5_MSPI-Owned";"661-21996";"Battery, iPhone 13 Pro";"1";"F8Y6223C51Y13RHCW";"";"89.00"
"2026-08-18";"DC_MSPI-Owned";"GL5_MSPI-Owned";"661-22294";"Battery, iPhone 13 Pro Max";"1";"F8Y6254C0NJ13XCB0";"";"89.00"
"2026-08-18";"DC_MSPI-Owned";"GL5_MSPI-Owned";"661-30373";"Battery, iPhone 14";"1";"F8Y6276C8R6231LBY";"";"99.00"
"2026-08-18";"DC_MSPI-Owned";"GL5_MSPI-Owned";"661-30382";"Battery, iPhone 14 Pro";"1";"F8Y6247C0CD217WBL";"";"99.00"
"2026-08-18";"DC_MSPI-Owned";"GL5_MSPI-Owned";"661-35885";"Battery, iPhone 15";"1";"F8YHUBC0H7J00006TW";"";"99.00"
"2026-08-18";"DC_MSPI-Owned";"GL5_MSPI-Owned";"661-21991";"Battery, iPhone 13";"1";"F8Y6282C7NG18FKBQ";"";"89.00"
"2026-08-18";"DC_MSPI-Owned";"GL5_MSPI-Owned";"661-21991";"Battery, iPhone 13";"1";"F8Y6283C03X18FKB4";"";"89.00"
"2026-08-18";"DC_MSPI-Owned";"GL5_MSPI-Owned";"661-21991";"Battery, iPhone 13";"1";"F8Y6283C01C18FKBV";"";"89.00"
"2026-08-18";"DC_MSPI-Owned";"GL5_MSPI-Owned";"661-21991";"Battery, iPhone 13";"1";"F8Y6283C6HC18FKB9";"";"89.00"
"2026-08-18";"DC_MSPI-Owned";"GL5_MSPI-Owned";"661-21991";"Battery, iPhone 13";"1";"F8Y6281C17J18FKB6";"";"89.00"
"2026-08-18";"DC_MSPI-Owned";"GL5_MSPI-Owned";"661-30382";"Battery, iPhone 14 Pro";"1";"F8Y6247C0C3217WBW";"";"99.00"
"2026-08-18";"DC_MSPI-Owned";"GL5_MSPI-Owned";"661-30397";"Battery, iPhone 14 Pro Max";"1";"F8Y6233C2VS20J9BJ";"";"99.00"
"2026-08-18";"DC_MSPI-Owned";"GL5_MSPI-Owned";"661-30397";"Battery, iPhone 14 Pro Max";"1";"F8Y6233C3EP20J9BX";"";"99.00"
"2026-08-18";"DC_MSPI-Owned";"GL5_MSPI-Owned";"661-30397";"Battery, iPhone 14 Pro Max";"1";"F8Y6233C3NC20J9BJ";"";"99.00"
"2026-08-18";"DC_MSPI-Owned";"GL5_MSPI-Owned";"661-36918";"Battery, iPhone 15 Pro Max";"1";"FG9HUB0023F00006TT";"";"99.00"
"2026-08-18";"DC_MSPI-Owned";"GL5_MSPI-Owned";"661-21991";"Battery, iPhone 13";"1";"F8Y6277C69S18FKBJ";"";"89.00"
"2026-08-18";"DC_MSPI-Owned";"GL5_MSPI-Owned";"661-35885";"Battery, iPhone 15";"1";"F8YHUBC0H2500006TW";"";"99.00"
"2026-08-18";"DC_MSPI-Owned";"GL5_MSPI-Owned";"661-21991";"Battery, iPhone 13";"1";"F8Y6283C38318FKBE";"";"89.00"
"2026-08-18";"DC_MSPI-Owned";"GL5_MSPI-Owned";"661-21991";"Battery, iPhone 13";"1";"F8Y6283C0Z618FKB7";"";"89.00"
"2026-08-18";"DC_MSPI-Owned";"GL5_MSPI-Owned";"661-21991";"Battery, iPhone 13";"1";"F8Y6283C1ZJ18FKBU";"";"89.00"
"2026-08-18";"DC_MSPI-Owned";"GL5_MSPI-Owned";"661-21991";"Battery, iPhone 13";"1";"F8Y6281C5P718FKBZ";"";"89.00"
"2026-08-18";"DC_MSPI-Owned";"GL5_MSPI-Owned";"661-21991";"Battery, iPhone 13";"1";"F8Y6282C7FF18FKBC";"";"89.00"
"2026-08-18";"DC_MSPI-Owned";"GL5_MSPI-Owned";"661-30382";"Battery, iPhone 14 Pro";"1";"F8Y6247C0CX217WB2";"";"99.00"
"2026-08-20";"DC_MSPI-Owned";"FES-MSPI-Owned";"661-56125";"Display, iPhone 17 Pro";"1";"G9QHUAP2LB60000L4B";"";"329.00"
"2026-08-20";"DC_MSPI-Owned";"FES-MSPI-Owned";"661-36915";"Display, iPhone 15 Pro Max";"1";"G9P6054Q05F1PHRA3";"";"379.00"
"2026-08-20";"DC_MSPI-Owned";"FES-MSPI-Owned";"661-21988";"Display, iPhone 13";"1";"G9P5485CN44PR5QAP";"";"279.00"
"2026-08-20";"DC_MSPI-Owned";"FES-MSPI-Owned";"661-21988";"Display, iPhone 13";"1";"G9P5523C3DZPR5QA5";"";"279.00"
"2026-08-20";"DC_MSPI-Owned";"FES-MSPI-Owned";"661-30382";"Battery, iPhone 14 Pro";"1";"F8Y6247CAJ8217WBX";"";"99.00"
"2026-08-20";"DC_MSPI-Owned";"FES-MSPI-Owned";"661-30382";"Battery, iPhone 14 Pro";"1";"F8Y6247CD9E217WBF";"";"99.00"
"2026-08-20";"DC_MSPI-Owned";"FES-MSPI-Owned";"661-36918";"Battery, iPhone 15 Pro Max";"1";"FG9HUB001YN00006TT";"";"None"
"2026-08-20";"DC_MSPI-Owned";"FES-MSPI-Owned";"661-30397";"Battery, iPhone 14 Pro Max";"1";"F8Y6233C2QD20J9BC";"";"99.00"
"2026-08-20";"DC_MSPI-Owned";"FES-MSPI-Owned";"661-30397";"Battery, iPhone 14 Pro Max";"1";"F8Y6233C1QW20J9BW";"";"99.00"
"2026-08-20";"DC_MSPI-Owned";"FES-MSPI-Owned";"661-30373";"Battery, iPhone 14";"1";"F8Y6281C9DK231LBN";"";"99.00"
"2026-08-20";"DC_MSPI-Owned";"FES-MSPI-Owned";"661-22294";"Battery, iPhone 13 Pro Max";"1";"F8Y6254C02Z13XCBB";"";"89.00"
"2026-08-20";"DC_MSPI-Owned";"FES-MSPI-Owned";"661-21996";"Battery, iPhone 13 Pro";"1";"F8Y6223C0CH13RHCH";"";"89.00"
"2026-08-20";"DC_MSPI-Owned";"FES-MSPI-Owned";"661-21996";"Battery, iPhone 13 Pro";"1";"F8Y6223C6J813RHC2";"";"89.00"
"2026-08-20";"DC_MSPI-Owned";"FES-MSPI-Owned";"661-21991";"Battery, iPhone 13";"1";"F8Y6282C4U318FKBN";"";"89.00"
"2026-08-20";"DC_MSPI-Owned";"FES-MSPI-Owned";"661-21991";"Battery, iPhone 13";"1";"F8Y6282C3XB18FKB6";"";"89.00"
"2026-08-20";"DC_MSPI-Owned";"FES-MSPI-Owned";"661-21991";"Battery, iPhone 13";"1";"F8Y6282C6JC18FKB7";"";"89.00"
"2026-08-20";"DC_MSPI-Owned";"FES-MSPI-Owned";"661-21991";"Battery, iPhone 13";"1";"F8Y6282C4UE18FKBB";"";"89.00"
"2026-08-20";"DC_MSPI-Owned";"FES-MSPI-Owned";"661-21991";"Battery, iPhone 13";"1";"F8Y6284C0PY18FKBA";"";"89.00"
"2026-08-20";"DC_MSPI-Owned";"FES-MSPI-Owned";"661-21991";"Battery, iPhone 13";"1";"F8Y6282C4X418FKBC";"";"89.00"
"2026-08-20";"DC_MSPI-Owned";"FES-MSPI-Owned";"661-21991";"Battery, iPhone 13";"1";"F8Y6282C0F218FKBY";"";"89.00"
"2026-08-20";"DC_MSPI-Owned";"FES-MSPI-Owned";"661-21991";"Battery, iPhone 13";"1";"F8Y6282C3X918FKB8";"";"89.00"
"2026-08-20";"DC_MSPI-Owned";"FES-MSPI-Owned";"661-21991";"Battery, iPhone 13";"1";"F8Y6282C3XT18FKBQ";"";"89.00"
"2026-08-20";"DC_MSPI-Owned";"FES-MSPI-Owned";"661-21991";"Battery, iPhone 13";"1";"F8Y6282C3WR18FKBV";"";"89.00"
"2026-08-20";"DC_MSPI-Owned";"FES-MSPI-Owned";"661-21991";"Battery, iPhone 13";"1";"F8Y6282C68R18FKBQ";"";"89.00"
"2026-08-20";"DC_MSPI-Owned";"FES-MSPI-Owned";"661-22374";"Battery, iPhone 13 mini";"1";"F8Y6176CGP814LWCV";"";"89.00"
"2026-08-20";"DC_MSPI-Owned";"FES-MSPI-Owned";"661-30397";"Battery, iPhone 14 Pro Max";"1";"F8Y6233C1G420J9BC";"";"None"
"2026-08-20";"DC_MSPI-Owned";"FES-MSPI-Owned";"661-21991";"Battery, iPhone 13";"1";"F8Y6283C0VC18FKBD";"";"89.00"
"2026-08-20";"DC_MSPI-Owned";"FES-MSPI-Owned";"661-21991";"Battery, iPhone 13";"1";"F8Y6282C4T918FKBK";"";"89.00"
"2026-08-20";"DC_MSPI-Owned";"FES-MSPI-Owned";"661-21991";"Battery, iPhone 13";"1";"F8Y6282C3XC18FKB5";"";"89.00"
"2026-08-20";"DC_MSPI-Owned";"FES-MSPI-Owned";"661-21991";"Battery, iPhone 13";"1";"F8Y6282C3BZ18FKBA";"";"89.00"
"2026-08-19";"DC_MSPI-Owned";"VER_MSPI-Owned";"661-21996";"Battery, iPhone 13 Pro";"1";"F8Y6223C2RB13RHCG";"";"89.00"
"2026-08-19";"DC_MSPI-Owned";"VER_MSPI-Owned";"661-21996";"Battery, iPhone 13 Pro";"1";"F8Y6223C4ZK13RHCG";"";"89.00"
"2026-08-19";"DC_MSPI-Owned";"VER_MSPI-Owned";"661-21991";"Battery, iPhone 13";"1";"F8Y6282C6WW18FKBM";"";"89.00"
"2026-08-19";"DC_MSPI-Owned";"VER_MSPI-Owned";"661-21991";"Battery, iPhone 13";"1";"F8Y6282C6X118FKBD";"";"89.00"
"2026-08-19";"DC_MSPI-Owned";"VER_MSPI-Owned";"661-21991";"Battery, iPhone 13";"1";"F8Y6283C21C18FKBT";"";"89.00"
"2026-08-19";"DC_MSPI-Owned";"VER_MSPI-Owned";"661-21996";"Battery, iPhone 13 Pro";"1";"F8Y6223C1XH13RHCT";"";"89.00"
"2026-08-19";"DC_MSPI-Owned";"VER_MSPI-Owned";"661-21996";"Battery, iPhone 13 Pro";"1";"F8Y6223C2UA13RHC8";"";"89.00"
"2026-08-19";"DC_MSPI-Owned";"VER_MSPI-Owned";"661-21996";"Battery, iPhone 13 Pro";"1";"F8Y6223C2VC13RHC3";"";"89.00"
"2026-08-19";"DC_MSPI-Owned";"VER_MSPI-Owned";"661-22294";"Battery, iPhone 13 Pro Max";"1";"F8Y6254C1PY13XCBG";"";"89.00"
"2026-08-19";"DC_MSPI-Owned";"VER_MSPI-Owned";"661-22294";"Battery, iPhone 13 Pro Max";"1";"F8Y6254C1RT13XCBF";"";"89.00"
"2026-08-19";"DC_MSPI-Owned";"VER_MSPI-Owned";"661-30382";"Battery, iPhone 14 Pro";"1";"F8Y6247C9VR217WBG";"";"99.00"
"2026-08-19";"DC_MSPI-Owned";"VER_MSPI-Owned";"661-30382";"Battery, iPhone 14 Pro";"1";"F8Y6247CAGX217WBE";"";"99.00"
"2026-08-19";"DC_MSPI-Owned";"VER_MSPI-Owned";"661-30382";"Battery, iPhone 14 Pro";"1";"F8Y6247CAG1217WBA";"";"99.00"
"2026-08-19";"DC_MSPI-Owned";"VER_MSPI-Owned";"661-56049";"Battery, pSIM, iPhone 17 Pro Max";"1";"FG9HLP00ERV00015XX";"";"119.00"
"2026-08-19";"DC_MSPI-Owned";"VER_MSPI-Owned";"661-56050";"Display, iPhone 17 Pro Max";"1";"G9NHU6M2S030000MUY";"";"379.00"
"2026-08-19";"DC_MSPI-Owned";"VER_MSPI-Owned";"661-56050";"Display, iPhone 17 Pro Max";"1";"G9PHU5F64ZB0000MUY";"";"379.00"
"2026-08-19";"DC_MSPI-Owned";"VER_MSPI-Owned";"661-42726";"Display, iPhone 16 Pro";"1";"G9PHRVT0V5200005DP";"";"329.00"
"2026-08-19";"DC_MSPI-Owned";"VER_MSPI-Owned";"661-44797";"Display, iPhone 16";"1";"G9QHQVD1C2B00004Y7";"";"279.00"
"2026-08-19";"DC_MSPI-Owned";"VER_MSPI-Owned";"661-29370";"Display, iPhone 14 Pro";"1";"G9P5083PPBK14YCAB";"";"329.00"
"2026-08-19";"DC_MSPI-Owned";"VER_MSPI-Owned";"661-21991";"Battery, iPhone 13";"1";"F8Y6283C44918FKBK";"";"89.00"
"2026-08-19";"DC_MSPI-Owned";"VER_MSPI-Owned";"661-21991";"Battery, iPhone 13";"1";"F8Y6282C72618FKBS";"";"89.00"
"2026-08-19";"DC_MSPI-Owned";"VER_MSPI-Owned";"661-21991";"Battery, iPhone 13";"1";"F8Y6283C1ST18FKB6";"";"89.00"
"2026-08-19";"DC_MSPI-Owned";"VER_MSPI-Owned";"661-21991";"Battery, iPhone 13";"1";"F8Y6283C4G718FKBK";"";"89.00"
"2026-08-19";"DC_MSPI-Owned";"VER_MSPI-Owned";"661-21996";"Battery, iPhone 13 Pro";"1";"F8Y6224C37B13RHC0";"";"89.00"
"2026-08-19";"DC_MSPI-Owned";"VER_MSPI-Owned";"661-21991";"Battery, iPhone 13";"1";"F8Y6284C0C118FKB6";"";"89.00"
"2026-08-19";"DC_MSPI-Owned";"VER_MSPI-Owned";"661-21991";"Battery, iPhone 13";"1";"F8Y6282C72718FKBR";"";"89.00"
"2026-08-19";"DC_MSPI-Owned";"VER_MSPI-Owned";"661-21991";"Battery, iPhone 13";"1";"F8Y6283C3P518FKB1";"";"89.00"
"2026-08-19";"DC_MSPI-Owned";"VER_MSPI-Owned";"661-21991";"Battery, iPhone 13";"1";"F8Y6283C4EQ18FKB8";"";"89.00"
"2026-08-19";"DC_MSPI-Owned";"VER_MSPI-Owned";"661-30397";"Battery, iPhone 14 Pro Max";"1";"F8Y6233C14A20J9B8";"";"99.00"
"2026-08-19";"DC_MSPI-Owned";"VER_MSPI-Owned";"661-30394";"Battery, iPhone 14 Plus";"1";"F8Y6292C0S6237KBJ";"";"99.00"
"2026-08-19";"DC_MSPI-Owned";"VER_MSPI-Owned";"661-30382";"Battery, iPhone 14 Pro";"1";"F8Y6247CAFP217WBR";"";"99.00"
"2026-08-19";"DC_MSPI-Owned";"VER_MSPI-Owned";"661-30382";"Battery, iPhone 14 Pro";"1";"F8Y6247C84D217WB2";"";"99.00"
"2026-08-19";"DC_MSPI-Owned";"VER_MSPI-Owned";"661-22294";"Battery, iPhone 13 Pro Max";"1";"F8Y6254C0M713XCBE";"";"89.00"
"2026-08-19";"DC_MSPI-Owned";"VER_MSPI-Owned";"661-22294";"Battery, iPhone 13 Pro Max";"1";"F8Y6254C1QZ13XCBC";"";"89.00"
"2026-08-19";"DC_MSPI-Owned";"VER_MSPI-Owned";"661-30382";"Battery, iPhone 14 Pro";"1";"F8Y6247CD9K217WBA";"";"99.00"
"2026-08-19";"DC_MSPI-Owned";"VER_MSPI-Owned";"661-30397";"Battery, iPhone 14 Pro Max";"1";"F8Y6212C2XC20J9BZ";"";"99.00"
"2026-08-19";"DC_MSPI-Owned";"VER_MSPI-Owned";"661-30397";"Battery, iPhone 14 Pro Max";"1";"F8Y6233C18D20J9BT";"";"99.00"
"2026-08-19";"DC_MSPI-Owned";"VER_MSPI-Owned";"661-35885";"Battery, iPhone 15";"1";"F8YHUBC0K0M00006TW";"";"99.00"
"2026-08-19";"DC_MSPI-Owned";"VER_MSPI-Owned";"661-30397";"Battery, iPhone 14 Pro Max";"1";"F8Y6213C1AT20J9BD";"";"99.00"
"2026-08-19";"DC_MSPI-Owned";"VER_MSPI-Owned";"661-36918";"Battery, iPhone 15 Pro Max";"1";"FG9HUB006MW00006TT";"";"99.00"
"2026-08-19";"DC_MSPI-Owned";"VER_MSPI-Owned";"661-22294";"Battery, iPhone 13 Pro Max";"1";"F8Y6254C1HU13XCB4";"";"89.00"
"2026-08-19";"DC_MSPI-Owned";"VER_MSPI-Owned";"661-36918";"Battery, iPhone 15 Pro Max";"1";"FG9HUB003L200006TT";"";"99.00"
"2026-08-19";"DC_MSPI-Owned";"VER_MSPI-Owned";"661-36918";"Battery, iPhone 15 Pro Max";"1";"FG9HUB003KK00006TT";"";"99.00"
"2026-08-19";"DC_MSPI-Owned";"VER_MSPI-Owned";"661-30373";"Battery, iPhone 14";"1";"F8Y6284C393231LBK";"";"99.00"
"2026-08-19";"DC_MSPI-Owned";"VER_MSPI-Owned";"661-30373";"Battery, iPhone 14";"1";"F8Y6281C9C6231LB4";"";"99.00"
"2026-08-19";"DC_MSPI-Owned";"VER_MSPI-Owned";"661-21991";"Battery, iPhone 13";"1";"F8Y6283C6XX18FKBG";"";"89.00"
"2026-08-19";"DC_MSPI-Owned";"VER_MSPI-Owned";"661-30382";"Battery, iPhone 14 Pro";"1";"F8Y6247C6RK217WB3";"";"99.00"
"2026-08-19";"DC_MSPI-Owned";"VER_MSPI-Owned";"661-21996";"Battery, iPhone 13 Pro";"1";"F8Y6222C6JB13RHC0";"";"89.00"
"2026-08-19";"DC_MSPI-Owned";"VER_MSPI-Owned";"661-22294";"Battery, iPhone 13 Pro Max";"1";"F8Y6254C1HP13XCB9";"";"89.00"
"2026-08-19";"DC_MSPI-Owned";"VER_MSPI-Owned";"661-21991";"Battery, iPhone 13";"1";"F8Y6283C6YD18FKBX";"";"89.00"
"2026-08-19";"DC_MSPI-Owned";"VER_MSPI-Owned";"661-21991";"Battery, iPhone 13";"1";"F8Y6283C6N518FKB1";"";"89.00"
"2026-08-19";"DC_MSPI-Owned";"VER_MSPI-Owned";"661-21991";"Battery, iPhone 13";"1";"F8Y6283C43Y18FKBZ";"";"89.00"
"2026-08-19";"DC_MSPI-Owned";"VER_MSPI-Owned";"661-21991";"Battery, iPhone 13";"1";"F8Y6283C37Z18FKBM";"";"89.00"
"2026-08-19";"DC_MSPI-Owned";"VER_MSPI-Owned";"661-21991";"Battery, iPhone 13";"1";"F8Y6283C37V18FKBR";"";"89.00"
"2026-08-19";"DC_MSPI-Owned";"VER_MSPI-Owned";"661-21991";"Battery, iPhone 13";"1";"F8Y6283C4KG18FKB1";"";"89.00"
"2026-08-19";"DC_MSPI-Owned";"VER_MSPI-Owned";"661-21991";"Battery, iPhone 13";"1";"F8Y6283C6SC18FKBG";"";"89.00"
"2026-08-19";"DC_MSPI-Owned";"VER_MSPI-Owned";"661-21991";"Battery, iPhone 13";"1";"F8Y6281C1HU18FKB0";"";"89.00"
"2026-08-19";"DC_MSPI-Owned";"VER_MSPI-Owned";"661-21991";"Battery, iPhone 13";"1";"F8Y6281C1JV18FKBW";"";"89.00"
"2026-08-19";"DC_MSPI-Owned";"VER_MSPI-Owned";"661-21991";"Battery, iPhone 13";"1";"F8Y6283C37S18FKBU";"";"89.00"
"2026-08-19";"DC_MSPI-Owned";"VER_MSPI-Owned";"661-21991";"Battery, iPhone 13";"1";"F8Y6283C2RL18FKBF";"";"89.00"
"2026-08-19";"DC_MSPI-Owned";"VER_MSPI-Owned";"661-21991";"Battery, iPhone 13";"1";"F8Y6283C2CE18FKBS";"";"89.00"
"2026-08-19";"DC_MSPI-Owned";"VER_MSPI-Owned";"661-21991";"Battery, iPhone 13";"1";"F8Y6282C0HA18FKBJ";"";"89.00"
"2026-08-19";"DC_MSPI-Owned";"VER_MSPI-Owned";"661-37207";"Battery, iPhone 15 Plus";"1";"F8YHVAD03E900006U0";"";"99.00"
"2026-08-18";"DC_MSPI-Owned";"ANX-MSPI-Owned";"661-56050";"Display, iPhone 17 Pro Max";"1";"G9PHU5X2BR20000MUY";"";"379.00"
"2026-08-18";"DC_MSPI-Owned";"ANX-MSPI-Owned";"661-56050";"Display, iPhone 17 Pro Max";"1";"G9NHU5L4HUW0000MUY";"";"379.00"
"2026-08-18";"DC_MSPI-Owned";"ANX-MSPI-Owned";"661-35885";"Battery, iPhone 15";"1";"F8YHUBC0KQ300006TW";"";"99.00"
"2026-08-18";"DC_MSPI-Owned";"ANX-MSPI-Owned";"661-21991";"Battery, iPhone 13";"1";"F8Y6283C2S818FKBQ";"";"89.00"
"2026-08-18";"DC_MSPI-Owned";"ANX-MSPI-Owned";"661-21991";"Battery, iPhone 13";"1";"F8Y6283C2RE18FKBM";"";"89.00"
"2026-08-18";"DC_MSPI-Owned";"ANX-MSPI-Owned";"661-21991";"Battery, iPhone 13";"1";"F8Y6282C4PW18FKBA";"";"89.00"
"2026-08-18";"DC_MSPI-Owned";"ANX-MSPI-Owned";"661-21991";"Battery, iPhone 13";"1";"F8Y6282C40Z18FKB8";"";"89.00"
"2026-08-18";"DC_MSPI-Owned";"ANX-MSPI-Owned";"661-21991";"Battery, iPhone 13";"1";"F8Y6283C1BT18FKBH";"";"89.00"
"2026-08-18";"DC_MSPI-Owned";"ANX-MSPI-Owned";"661-30373";"Battery, iPhone 14";"1";"F8Y6284C0K3231LBS";"";"99.00"
"2026-08-18";"DC_MSPI-Owned";"ANX-MSPI-Owned";"661-21991";"Battery, iPhone 13";"1";"F8Y6283C1CT18FKBE";"";"89.00"
"2026-08-18";"DC_MSPI-Owned";"ANX-MSPI-Owned";"661-30382";"Battery, iPhone 14 Pro";"1";"F8Y6247C0CV217WB4";"";"99.00"
"2026-08-18";"DC_MSPI-Owned";"ANX-MSPI-Owned";"661-30373";"Battery, iPhone 14";"1";"F8Y6284C0K2231LBT";"";"99.00"
"2026-08-18";"DC_MSPI-Owned";"ANX-MSPI-Owned";"661-21991";"Battery, iPhone 13";"1";"F8Y6283C42N18FKBC";"";"89.00"
"2026-08-18";"DC_MSPI-Owned";"ANX-MSPI-Owned";"661-21991";"Battery, iPhone 13";"1";"F8Y6283C2TF18FKBE";"";"89.00"
"2026-08-18";"DC_MSPI-Owned";"ANX-MSPI-Owned";"661-30382";"Battery, iPhone 14 Pro";"1";"F8Y6247C4D5217WBM";"";"99.00"
"2026-08-18";"DC_MSPI-Owned";"ANX-MSPI-Owned";"661-22294";"Battery, iPhone 13 Pro Max";"1";"F8Y6254C1M913XCBB";"";"89.00"
"2026-08-18";"DC_MSPI-Owned";"ANX-MSPI-Owned";"661-21991";"Battery, iPhone 13";"1";"F8Y6283C4UX18FKBT";"";"89.00"
"2026-08-18";"DC_MSPI-Owned";"ANX-MSPI-Owned";"661-21991";"Battery, iPhone 13";"1";"F8Y6283C4UV18FKBV";"";"89.00"
"2026-08-19";"DC_MSPI-Owned";"TRI-MSPI-Owned";"661-42726";"Display, iPhone 16 Pro";"1";"G9PHRWT0G1U00005DP";"";"329.00"
"2026-08-19";"DC_MSPI-Owned";"TRI-MSPI-Owned";"661-44955";"Display, iPhone 16 Pro Max";"1";"G9PHJ3K0F1N00005DR";"";"379.00"
"2026-08-19";"DC_MSPI-Owned";"TRI-MSPI-Owned";"661-56050";"Display, iPhone 17 Pro Max";"1";"G9QHU6J3BH80000MUY";"";"379.00"
"2026-08-19";"DC_MSPI-Owned";"TRI-MSPI-Owned";"661-56064";"Battery, iPhone 17";"1";"F8YHUR00FPB0001510";"";"99.00"
"2026-08-19";"DC_MSPI-Owned";"TRI-MSPI-Owned";"661-30397";"Battery, iPhone 14 Pro Max";"1";"F8Y6233C2RB20J9BB";"";"99.00"
"2026-08-19";"DC_MSPI-Owned";"TRI-MSPI-Owned";"661-21991";"Battery, iPhone 13";"1";"F8Y6283C6YY18FKBC";"";"89.00"
"2026-08-19";"DC_MSPI-Owned";"TRI-MSPI-Owned";"661-21991";"Battery, iPhone 13";"1";"F8Y6281C0P518FKB6";"";"89.00"
"2026-08-19";"DC_MSPI-Owned";"TRI-MSPI-Owned";"661-21991";"Battery, iPhone 13";"1";"F8Y6281C0P818FKB3";"";"89.00"
"2026-08-19";"DC_MSPI-Owned";"TRI-MSPI-Owned";"661-21991";"Battery, iPhone 13";"1";"F8Y6281C0JJ18FKB8";"";"89.00"
"2026-08-19";"DC_MSPI-Owned";"TRI-MSPI-Owned";"661-21991";"Battery, iPhone 13";"1";"F8Y6282C0AL18FKBV";"";"89.00"
"2026-08-19";"DC_MSPI-Owned";"TRI-MSPI-Owned";"661-21991";"Battery, iPhone 13";"1";"F8Y6283C43K18FKBC";"";"89.00"
"2026-08-19";"DC_MSPI-Owned";"TRI-MSPI-Owned";"661-21991";"Battery, iPhone 13";"1";"F8Y6283C43N18FKB9";"";"89.00"
"2026-08-19";"DC_MSPI-Owned";"TRI-MSPI-Owned";"661-21991";"Battery, iPhone 13";"1";"F8Y6282C0AG18FKBZ";"";"89.00"
"2026-08-19";"DC_MSPI-Owned";"TRI-MSPI-Owned";"661-21991";"Battery, iPhone 13";"1";"F8Y6283C77F18FKB1";"";"89.00"
"2026-08-19";"DC_MSPI-Owned";"TRI-MSPI-Owned";"661-30373";"Battery, iPhone 14";"1";"F8Y6281C8HZ231LBX";"";"99.00"
"2026-08-19";"DC_MSPI-Owned";"TRI-MSPI-Owned";"661-21996";"Battery, iPhone 13 Pro";"1";"F8Y6222C6J313RHC8";"";"89.00"
"2026-08-19";"DC_MSPI-Owned";"TRI-MSPI-Owned";"661-22294";"Battery, iPhone 13 Pro Max";"1";"F8Y6254C02K13XCBR";"";"89.00"
"2026-08-19";"DC_MSPI-Owned";"TRI-MSPI-Owned";"661-35885";"Battery, iPhone 15";"1";"F8YHUBC0KQ200006TW";"";"99.00"
"2026-08-19";"DC_MSPI-Owned";"TRI-MSPI-Owned";"661-30382";"Battery, iPhone 14 Pro";"1";"F8Y6247C6QC217WBD";"";"99.00"
"2026-08-19";"DC_MSPI-Owned";"TRI-MSPI-Owned";"661-35885";"Battery, iPhone 15";"1";"F8YHUBC0K0Q00006TW";"";"99.00"
"2026-08-19";"DC_MSPI-Owned";"TRI-MSPI-Owned";"661-21991";"Battery, iPhone 13";"1";"F8Y6283C1CM18FKBL";"";"89.00"
"2026-08-19";"DC_MSPI-Owned";"TRI-MSPI-Owned";"661-22294";"Battery, iPhone 13 Pro Max";"1";"F8Y6254C0HG13XCBH";"";"89.00"
"2026-08-19";"DC_MSPI-Owned";"MEG-MSPI-Owned";"661-30397";"Battery, iPhone 14 Pro Max";"1";"F8Y6233C27L20J9BN";"";"99.00"
"2026-08-19";"DC_MSPI-Owned";"MEG-MSPI-Owned";"661-21991";"Battery, iPhone 13";"1";"F8Y6282C61S18FKBA";"";"89.00"
"2026-08-19";"DC_MSPI-Owned";"MEG-MSPI-Owned";"661-21991";"Battery, iPhone 13";"1";"F8Y6283C2TA18FKBK";"";"89.00"
"2026-08-19";"DC_MSPI-Owned";"MEG-MSPI-Owned";"661-21991";"Battery, iPhone 13";"1";"F8Y6283C2SC18FKBL";"";"89.00"
"2026-08-19";"DC_MSPI-Owned";"MEG-MSPI-Owned";"661-21991";"Battery, iPhone 13";"1";"F8Y6282C64518FKBN";"";"None"
"2026-08-19";"DC_MSPI-Owned";"MEG-MSPI-Owned";"661-36918";"Battery, iPhone 15 Pro Max";"1";"FG9HUB000ZU00006TT";"";"99.00"
"2026-08-19";"DC_MSPI-Owned";"MEG-MSPI-Owned";"661-22294";"Battery, iPhone 13 Pro Max";"1";"F8Y6254C1MF13XCB5";"";"89.00"
"2026-08-19";"DC_MSPI-Owned";"MEG-MSPI-Owned";"661-30397";"Battery, iPhone 14 Pro Max";"1";"F8Y6233C2RS20J9BW";"";"99.00"
"2026-08-19";"DC_MSPI-Owned";"MEG-MSPI-Owned";"661-21996";"Battery, iPhone 13 Pro";"1";"F8Y6222C6JJ13RHCT";"";"89.00"
"2026-08-19";"DC_MSPI-Owned";"MEG-MSPI-Owned";"661-21991";"Battery, iPhone 13";"1";"F8Y6282C3SC18FKBL";"";"None"
"2026-08-19";"DC_MSPI-Owned";"MEG-MSPI-Owned";"661-30397";"Battery, iPhone 14 Pro Max";"1";"F8Y6233C37J20J9BP";"";"99.00"
"2026-08-19";"DC_MSPI-Owned";"MEG-MSPI-Owned";"661-30373";"Battery, iPhone 14";"1";"F8Y6284C38X231LBU";"";"99.00"
"2026-08-19";"DC_MSPI-Owned";"MEG-MSPI-Owned";"661-56050";"Display, iPhone 17 Pro Max";"1";"G9PHU6E3VLJ0000MUY";"";"379.00"
"2026-08-18";"DC_MSPI-Owned";"POD_MSPI-Owned";"661-55240";"Display, iPhone Air";"1";"GVCHLX00R650000HU9";"";"329.00"
"2026-08-18";"DC_MSPI-Owned";"POD_MSPI-Owned";"661-56125";"Display, iPhone 17 Pro";"1";"G9PHU4U1TNS0000L4B";"";"329.00"
"2026-08-18";"DC_MSPI-Owned";"POD_MSPI-Owned";"661-56050";"Display, iPhone 17 Pro Max";"1";"G9NHTYL1TUE0000MUY";"";"379.00"
"2026-08-18";"DC_MSPI-Owned";"POD_MSPI-Owned";"661-56050";"Display, iPhone 17 Pro Max";"1";"G9QHU6J4KE60000MUY";"";"379.00"
"2026-08-18";"DC_MSPI-Owned";"POD_MSPI-Owned";"661-21991";"Battery, iPhone 13";"1";"F8Y6283C3QF18FKBN";"";"89.00"
"2026-08-18";"DC_MSPI-Owned";"POD_MSPI-Owned";"661-21991";"Battery, iPhone 13";"1";"F8Y6283C72318FKBU";"";"89.00"
"2026-08-18";"DC_MSPI-Owned";"POD_MSPI-Owned";"661-21991";"Battery, iPhone 13";"1";"F8Y6283C3S218FKBV";"";"89.00"
"2026-08-18";"DC_MSPI-Owned";"POD_MSPI-Owned";"661-21991";"Battery, iPhone 13";"1";"F8Y6282C42818FKBT";"";"89.00"
"2026-08-18";"DC_MSPI-Owned";"POD_MSPI-Owned";"661-21991";"Battery, iPhone 13";"1";"F8Y6283C3GH18FKBA";"";"89.00"
"2026-08-18";"DC_MSPI-Owned";"POD_MSPI-Owned";"661-21991";"Battery, iPhone 13";"1";"F8Y6283C0YM18FKBV";"";"89.00"
"2026-08-18";"DC_MSPI-Owned";"POD_MSPI-Owned";"661-30397";"Battery, iPhone 14 Pro Max";"1";"F8Y6233C1QP20J9B3";"";"99.00"
"2026-08-18";"DC_MSPI-Owned";"POD_MSPI-Owned";"661-30397";"Battery, iPhone 14 Pro Max";"1";"F8Y6233C1QV20J9BX";"";"99.00"
"2026-08-18";"DC_MSPI-Owned";"POD_MSPI-Owned";"661-30397";"Battery, iPhone 14 Pro Max";"1";"F8Y6233C2EE20J9B7";"";"99.00"
"2026-08-18";"DC_MSPI-Owned";"POD_MSPI-Owned";"661-30397";"Battery, iPhone 14 Pro Max";"1";"F8Y6233C2Q620J9BK";"";"99.00"
"2026-08-18";"DC_MSPI-Owned";"POD_MSPI-Owned";"661-30397";"Battery, iPhone 14 Pro Max";"1";"F8Y6233C4QC20J9BB";"";"99.00"
"2026-08-18";"DC_MSPI-Owned";"POD_MSPI-Owned";"661-35885";"Battery, iPhone 15";"1";"F8YHUBC0KQ600006TW";"";"99.00"
"2026-08-18";"DC_MSPI-Owned";"POD_MSPI-Owned";"661-36918";"Battery, iPhone 15 Pro Max";"1";"FG9HUB006JJ00006TT";"";"99.00"
"2026-08-18";"DC_MSPI-Owned";"POD_MSPI-Owned";"661-21991";"Battery, iPhone 13";"1";"F8Y6283C10918FKB0";"";"89.00"
"2026-08-18";"DC_MSPI-Owned";"POD_MSPI-Owned";"661-21991";"Battery, iPhone 13";"1";"F8Y6283C72U18FKB3";"";"89.00"
"2026-08-18";"DC_MSPI-Owned";"POD_MSPI-Owned";"661-21996";"Battery, iPhone 13 Pro";"1";"F8Y6223C37913RHC3";"";"89.00"
"2026-08-18";"DC_MSPI-Owned";"POD_MSPI-Owned";"661-22294";"Battery, iPhone 13 Pro Max";"1";"F8Y6254C1JX13XCBY";"";"89.00"
"2026-08-18";"DC_MSPI-Owned";"POD_MSPI-Owned";"661-30382";"Battery, iPhone 14 Pro";"1";"F8Y6247CCA9217WBJ";"";"99.00"
"2026-08-18";"DC_MSPI-Owned";"POD_MSPI-Owned";"661-21996";"Battery, iPhone 13 Pro";"1";"F8Y6223C4TD13RHC6";"";"89.00"
"2026-08-18";"DC_MSPI-Owned";"POD_MSPI-Owned";"661-21996";"Battery, iPhone 13 Pro";"1";"F8Y6223C4TK13RHC0";"";"89.00"
"2026-08-18";"DC_MSPI-Owned";"POD_MSPI-Owned";"661-30382";"Battery, iPhone 14 Pro";"1";"F8Y6247C6QE217WBB";"";"99.00"
"2026-08-18";"DC_MSPI-Owned";"POD_MSPI-Owned";"661-22294";"Battery, iPhone 13 Pro Max";"1";"F8Y6254C1RQ13XCBJ";"";"89.00"
"2026-08-18";"DC_MSPI-Owned";"POD_MSPI-Owned";"661-21996";"Battery, iPhone 13 Pro";"1";"F8Y6223C3RV13RHCX";"";"89.00"
"2026-08-18";"DC_MSPI-Owned";"POD_MSPI-Owned";"661-30373";"Battery, iPhone 14";"1";"F8Y6281C9DE231LBT";"";"99.00"
"2026-08-18";"DC_MSPI-Owned";"POD_MSPI-Owned";"661-35885";"Battery, iPhone 15";"1";"F8YHUBC0JWD00006TW";"";"99.00"
"2026-08-25";"DC_MSPI-Owned";"NAG-MSPI-Owned";"661-21991";"Battery, iPhone 13";"1";"F8Y6282C4TD18FKBF";"";"89.00"
"2026-08-25";"DC_MSPI-Owned";"NAG-MSPI-Owned";"661-21991";"Battery, iPhone 13";"1";"F8Y6283C1PS18FKBG";"";"89.00"
"2026-08-25";"DC_MSPI-Owned";"NAG-MSPI-Owned";"661-30397";"Battery, iPhone 14 Pro Max";"1";"F8Y6233C3TA20J9B5";"";"99.00"
"2026-09-07";"DC_MSPI-Owned";"ABR-MSPI-Owned";"661-21991";"Battery, iPhone 13";"1";"F8Y6282C5FV18FKB0";"";"89.00"
"2026-09-07";"DC_MSPI-Owned";"ABR-MSPI-Owned";"661-21991";"Battery, iPhone 13";"1";"F8Y6282C64J18FKB9";"";"89.00"
"2026-09-07";"DC_MSPI-Owned";"ABR-MSPI-Owned";"661-21996";"Battery, iPhone 13 Pro";"1";"F8Y6222C6HX13RHCH";"";"89.00"
"2026-09-07";"DC_MSPI-Owned";"ABR-MSPI-Owned";"661-30382";"Battery, iPhone 14 Pro";"1";"F8Y6247C846217WB9";"";"99.00"
"2026-09-07";"DC_MSPI-Owned";"ABR-MSPI-Owned";"661-22294";"Battery, iPhone 13 Pro Max";"1";"F8Y6254C2GP13XCBB";"";"89.00"
"2026-09-08";"DC_MSPI-Owned";"CEB-MSPI-Owned";"661-21993";"Display, iPhone 13 Pro";"1";"G9P5154L0JCPQCKA3";"";"279.00"
"2026-09-08";"DC_MSPI-Owned";"CEB-MSPI-Owned";"661-21991";"Battery, iPhone 13";"1";"F8Y6282C7N918FKBX";"";"89.00"
"2026-09-08";"DC_MSPI-Owned";"CEB-MSPI-Owned";"661-21991";"Battery, iPhone 13";"1";"F8Y6282C0Q818FKBZ";"";"89.00"
"2026-09-08";"DC_MSPI-Owned";"CEB-MSPI-Owned";"661-21991";"Battery, iPhone 13";"1";"F8Y6282C66318FKBJ";"";"89.00"
"2026-09-08";"DC_MSPI-Owned";"CEB-MSPI-Owned";"661-22294";"Battery, iPhone 13 Pro Max";"1";"F8Y6254C1Q013XCBB";"";"89.00"
"2026-09-08";"DC_MSPI-Owned";"CEB-MSPI-Owned";"661-21996";"Battery, iPhone 13 Pro";"1";"F8Y6222C6JN13RHCP";"";"89.00"
"2026-09-08";"DC_MSPI-Owned";"CEB-MSPI-Owned";"661-30382";"Battery, iPhone 14 Pro";"1";"F8Y6247CAFW217WBJ";"";"99.00"
"2026-09-08";"DC_MSPI-Owned";"CEB-MSPI-Owned";"661-35885";"Battery, iPhone 15";"1";"F8YHUBC0H1K00006TW";"";"99.00"
"2026-09-08";"DC_MSPI-Owned";"CEB-MSPI-Owned";"661-30397";"Battery, iPhone 14 Pro Max";"1";"F8Y6212C13720J9BM";"";"99.00"
"2026-09-08";"DC_MSPI-Owned";"CEB-MSPI-Owned";"661-56064";"Battery, iPhone 17";"1";"F8YHUR00N3M0001510";"";"99.00"
"2026-09-09";"DC_MSPI-Owned";"ILO-MSPI-Owned";"661-21991";"Battery, iPhone 13";"1";"F8Y6282C5Y818FKB4";"";"89.00"
"2026-09-09";"DC_MSPI-Owned";"ILO-MSPI-Owned";"661-21991";"Battery, iPhone 13";"1";"F8Y6282C1CS18FKBG";"";"89.00"
"2026-09-09";"DC_MSPI-Owned";"ILO-MSPI-Owned";"661-35885";"Battery, iPhone 15";"1";"F8YHUBC0KQE00006TW";"";"99.00"
"2026-09-09";"DC_MSPI-Owned";"ILO-MSPI-Owned";"661-21991";"Battery, iPhone 13";"1";"F8Y6282C65U18FKBW";"";"89.00"
"2026-09-09";"DC_MSPI-Owned";"ILO-MSPI-Owned";"661-21991";"Battery, iPhone 13";"1";"F8Y6282C65Y18FKBS";"";"89.00"
"2026-09-09";"DC_MSPI-Owned";"ILO-MSPI-Owned";"661-21991";"Battery, iPhone 13";"1";"F8Y6282C4T318FKBR";"";"89.00"
"2026-09-09";"DC_MSPI-Owned";"ILO-MSPI-Owned";"661-21991";"Battery, iPhone 13";"1";"F8Y6281C1HW18FKBY";"";"89.00"
"2026-09-09";"DC_MSPI-Owned";"ILO-MSPI-Owned";"661-30373";"Battery, iPhone 14";"1";"F8Y6284C3CV231LBJ";"";"99.00"
"2026-09-09";"DC_MSPI-Owned";"ILO-MSPI-Owned";"661-22294";"Battery, iPhone 13 Pro Max";"1";"F8Y6254C1R513XCB3";"";"None"
"2026-09-09";"DC_MSPI-Owned";"ILO-MSPI-Owned";"661-21991";"Battery, iPhone 13";"1";"F8Y6284C0QN18FKBH";"";"89.00"
"2026-08-22";"DC_MSPI-Owned";"LIM_MSPI-Owned";"661-21991";"Battery, iPhone 13";"1";"F8Y6283C7C918FKBS";"";"89.00"
"2026-08-22";"DC_MSPI-Owned";"LIM_MSPI-Owned";"661-21991";"Battery, iPhone 13";"1";"F8Y6281C1LP18FKBW";"";"89.00"
"2026-08-22";"DC_MSPI-Owned";"LIM_MSPI-Owned";"661-21991";"Battery, iPhone 13";"1";"F8Y6281C1LY18FKBM";"";"89.00"
"2026-08-22";"DC_MSPI-Owned";"LIM_MSPI-Owned";"661-21991";"Battery, iPhone 13";"1";"F8Y6281C1LU18FKBR";"";"89.00"
"2026-08-22";"DC_MSPI-Owned";"LIM_MSPI-Owned";"661-21991";"Battery, iPhone 13";"1";"F8Y6277C6CP18FKBC";"";"89.00"
"2026-08-22";"DC_MSPI-Owned";"LIM_MSPI-Owned";"661-30382";"Battery, iPhone 14 Pro";"1";"F8Y6247C84J217WBX";"";"99.00"
"2026-08-22";"DC_MSPI-Owned";"LIM_MSPI-Owned";"661-30394";"Battery, iPhone 14 Plus";"1";"F8Y6292C00H237KBH";"";"99.00"
"2026-08-22";"DC_MSPI-Owned";"LIM_MSPI-Owned";"661-21991";"Battery, iPhone 13";"1";"F8Y6283C3PR18FKBF";"";"89.00"
"2026-08-22";"DC_MSPI-Owned";"LIM_MSPI-Owned";"661-21991";"Battery, iPhone 13";"1";"F8Y6283C3QH18FKBL";"";"89.00"
"2026-08-22";"DC_MSPI-Owned";"LIM_MSPI-Owned";"661-21991";"Battery, iPhone 13";"1";"F8Y6281C5A318FKB8";"";"89.00"
"2026-08-22";"DC_MSPI-Owned";"LIM_MSPI-Owned";"661-21991";"Battery, iPhone 13";"1";"F8Y6282C4T818FKBL";"";"89.00"
"2026-08-22";"DC_MSPI-Owned";"LIM_MSPI-Owned";"661-21991";"Battery, iPhone 13";"1";"F8Y6283C2HG18FKB9";"";"89.00"
"2026-08-22";"DC_MSPI-Owned";"LIM_MSPI-Owned";"661-35885";"Battery, iPhone 15";"1";"F8YHUBC0KG600006TW";"";"99.00"
"2026-08-22";"DC_MSPI-Owned";"LIM_MSPI-Owned";"661-36918";"Battery, iPhone 15 Pro Max";"1";"FG9HUB005XS00006TT";"";"99.00"
"2026-08-22";"DC_MSPI-Owned";"LIM_MSPI-Owned";"661-30397";"Battery, iPhone 14 Pro Max";"1";"F8Y6233C2P420J9BQ";"";"99.00"
"2026-08-22";"DC_MSPI-Owned";"LIM_MSPI-Owned";"661-22294";"Battery, iPhone 13 Pro Max";"1";"F8Y6254C1Q213XCB9";"";"89.00"
"2026-08-22";"DC_MSPI-Owned";"LIM_MSPI-Owned";"661-22294";"Battery, iPhone 13 Pro Max";"1";"F8Y6254C1RA13XCBY";"";"89.00"
"2026-08-22";"DC_MSPI-Owned";"LIM_MSPI-Owned";"661-21996";"Battery, iPhone 13 Pro";"1";"F8Y6222C54J13RHC2";"";"89.00"
"2026-08-22";"DC_MSPI-Owned";"LIM_MSPI-Owned";"661-56050";"Display, iPhone 17 Pro Max";"1";"G9PHUCF4SRB0000MUY";"";"379.00"
"2026-08-22";"DC_MSPI-Owned";"LIM_MSPI-Owned";"661-21988";"Display, iPhone 13";"1";"G9P5485C5EUPR5QAL";"";"279.00"
"2026-08-22";"DC_MSPI-Owned";"LIM_MSPI-Owned";"661-21988";"Display, iPhone 13";"1";"G9P5515C4BKPR5QAR";"";"279.00"
"2026-08-22";"DC_MSPI-Owned";"LIM_MSPI-Owned";"661-56064";"Battery, iPhone 17";"1";"F8YHUR00N3R0001510";"";"99.00"
"2026-08-22";"DC_MSPI-Owned";"LIM_MSPI-Owned";"661-21991";"Battery, iPhone 13";"1";"F8Y6281C1JA18FKBF";"";"89.00"
"2026-08-22";"DC_MSPI-Owned";"LIM_MSPI-Owned";"661-21991";"Battery, iPhone 13";"1";"F8Y6281C44518FKBR";"";"89.00"
"2026-08-22";"DC_MSPI-Owned";"LIM_MSPI-Owned";"661-21991";"Battery, iPhone 13";"1";"F8Y6281C5TM18FKB7";"";"89.00"
"2026-08-22";"DC_MSPI-Owned";"LIM_MSPI-Owned";"661-21991";"Battery, iPhone 13";"1";"F8Y6281C63T18FKB4";"";"89.00"
"2026-08-22";"DC_MSPI-Owned";"LIM_MSPI-Owned";"661-21991";"Battery, iPhone 13";"1";"F8Y6281C4EM18FKBD";"";"89.00"
"2026-08-22";"DC_MSPI-Owned";"LIM_MSPI-Owned";"661-21991";"Battery, iPhone 13";"1";"F8Y6281C4Q218FKB2";"";"89.00"
"2026-08-19";"VER_MSPI-Owned";"TRI-MSPI-Owned";"661-21988";"Display, iPhone 13";"1";"G9P5482CJ1WPR5QAD";"";"234.00"
"2026-08-20";"DC_MSPI-Owned";"SMS_MSPI-Owned";"661-44955";"Display, iPhone 16 Pro Max";"1";"G9PHHZS0G3Q00005DR";"";"379.00"
"2026-08-20";"DC_MSPI-Owned";"SMS_MSPI-Owned";"661-36918";"Battery, iPhone 15 Pro Max";"1";"FG9HUB0010100006TT";"";"99.00"
"2026-08-20";"DC_MSPI-Owned";"SMS_MSPI-Owned";"661-21991";"Battery, iPhone 13";"1";"F8Y6283C47J18FKB1";"";"89.00"
"2026-08-20";"DC_MSPI-Owned";"SMS_MSPI-Owned";"661-21991";"Battery, iPhone 13";"1";"F8Y6283C2GS18FKB2";"";"89.00"
"2026-08-20";"DC_MSPI-Owned";"SMS_MSPI-Owned";"661-21991";"Battery, iPhone 13";"1";"F8Y6283C2AN18FKBQ";"";"89.00"
"2026-08-20";"DC_MSPI-Owned";"SMS_MSPI-Owned";"661-21991";"Battery, iPhone 13";"1";"F8Y6283C7YA18FKBZ";"";"89.00"
"2026-08-20";"DC_MSPI-Owned";"SMS_MSPI-Owned";"661-21991";"Battery, iPhone 13";"1";"F8Y6283C47Q18FKBV";"";"89.00"
"2026-08-20";"DC_MSPI-Owned";"SMS_MSPI-Owned";"661-21991";"Battery, iPhone 13";"1";"F8Y6283C1CQ18FKBH";"";"89.00"
"2026-08-20";"DC_MSPI-Owned";"SMS_MSPI-Owned";"661-30382";"Battery, iPhone 14 Pro";"1";"F8Y6247C0B7217WBV";"";"99.00"
"2026-08-20";"DC_MSPI-Owned";"SMS_MSPI-Owned";"661-35885";"Battery, iPhone 15";"1";"F8YHUBC0HQ200006TW";"";"99.00"
"2026-08-20";"DC_MSPI-Owned";"SMS_MSPI-Owned";"661-44954";"Battery, iPhone 16 Pro Max";"1";"F8YHSUH0H930000UMJ";"";"119.00"
"2026-08-20";"DC_MSPI-Owned";"SMS_MSPI-Owned";"661-37207";"Battery, iPhone 15 Plus";"1";"F8YHVAD01JJ00006U0";"";"99.00"
"2026-08-20";"DC_MSPI-Owned";"SMS_MSPI-Owned";"661-21991";"Battery, iPhone 13";"1";"F8Y6282C41B18FKBT";"";"89.00"
"2026-08-20";"DC_MSPI-Owned";"SMS_MSPI-Owned";"661-21996";"Battery, iPhone 13 Pro";"1";"F8Y6223C51P13RHC5";"";"89.00"
"2026-08-20";"DC_MSPI-Owned";"SMS_MSPI-Owned";"661-21996";"Battery, iPhone 13 Pro";"1";"F8Y6223C51J13RHCA";"";"89.00"
"2026-08-20";"DC_MSPI-Owned";"SMS_MSPI-Owned";"661-22294";"Battery, iPhone 13 Pro Max";"1";"F8Y6254C1G813XCBT";"";"89.00"
"2026-08-20";"DC_MSPI-Owned";"SMS_MSPI-Owned";"661-22294";"Battery, iPhone 13 Pro Max";"1";"F8Y6254C1RP13XCBK";"";"89.00"
"2026-08-20";"DC_MSPI-Owned";"SMS_MSPI-Owned";"661-30397";"Battery, iPhone 14 Pro Max";"1";"F8Y6233C2RD20J9B9";"";"99.00"
"2026-08-20";"DC_MSPI-Owned";"SMS_MSPI-Owned";"661-30397";"Battery, iPhone 14 Pro Max";"1";"F8Y6233C1FZ20J9BL";"";"99.00"
"2026-08-20";"DC_MSPI-Owned";"SMS_MSPI-Owned";"661-21991";"Battery, iPhone 13";"1";"F8Y6283C26X18FKBT";"";"89.00"
"2026-08-20";"DC_MSPI-Owned";"SMS_MSPI-Owned";"661-35885";"Battery, iPhone 15";"1";"F8YHUBC0JWE00006TW";"";"99.00"
"2026-08-20";"DC_MSPI-Owned";"SMS_MSPI-Owned";"661-30397";"Battery, iPhone 14 Pro Max";"1";"F8Y6233C0XA20J9BW";"";"99.00"
"2026-08-20";"DC_MSPI-Owned";"SMS_MSPI-Owned";"661-21991";"Battery, iPhone 13";"1";"F8Y6282C1C618FKB2";"";"89.00"
"2026-08-20";"DC_MSPI-Owned";"SMS_MSPI-Owned";"661-21991";"Battery, iPhone 13";"1";"F8Y6282C6X218FKBC";"";"89.00"
"2026-08-20";"DC_MSPI-Owned";"SMS_MSPI-Owned";"661-21991";"Battery, iPhone 13";"1";"F8Y6283C1P618FKB2";"";"89.00"
"2026-08-20";"DC_MSPI-Owned";"SMS_MSPI-Owned";"661-21991";"Battery, iPhone 13";"1";"F8Y6283C3HV18FKBV";"";"89.00"
"2026-08-20";"DC_MSPI-Owned";"SMS_MSPI-Owned";"661-21991";"Battery, iPhone 13";"1";"F8Y6283C34V18FKB0";"";"89.00"
"2026-08-20";"DC_MSPI-Owned";"SMS_MSPI-Owned";"661-21991";"Battery, iPhone 13";"1";"F8Y6283C3HT18FKBX";"";"89.00"
"2026-08-20";"DC_MSPI-Owned";"SMS_MSPI-Owned";"661-21991";"Battery, iPhone 13";"1";"F8Y6283C5YN18FKBP";"";"89.00"
"2026-08-20";"DC_MSPI-Owned";"SMS_MSPI-Owned";"661-21991";"Battery, iPhone 13";"1";"F8Y6283C5YJ18FKBT";"";"89.00"
"2026-08-20";"DC_MSPI-Owned";"SMS_MSPI-Owned";"661-21991";"Battery, iPhone 13";"1";"F8Y6281C3B118FKB9";"";"89.00"
"2026-08-20";"DC_MSPI-Owned";"SMS_MSPI-Owned";"661-21991";"Battery, iPhone 13";"1";"F8Y6283C43C18FKBK";"";"89.00"
"2026-08-20";"DC_MSPI-Owned";"SMS_MSPI-Owned";"661-21991";"Battery, iPhone 13";"1";"F8Y6283C6N418FKB2";"";"89.00"
"2026-08-19";"VER_Repair";"VER_MSPI-Owned";"661-21988";"Display, iPhone 13";"1";"G9P5485CEH8PR5QAN";"";"234.00"
"2026-08-19";"DC_MSPI-Owned";"MRK-MSPI-Owned";"661-56125";"Display, iPhone 17 Pro";"1";"G9PHU9D1SUB0000L4B";"";"329.00"
"2026-08-19";"DC_MSPI-Owned";"MRK-MSPI-Owned";"661-36706";"Display, iPhone 15";"1";"G9Q6086SAFL21KHAV";"";"279.00"
"2026-08-19";"DC_MSPI-Owned";"MRK-MSPI-Owned";"661-30397";"Battery, iPhone 14 Pro Max";"1";"F8Y6233C05Z20J9BH";"";"99.00"
"2026-08-19";"DC_MSPI-Owned";"MRK-MSPI-Owned";"661-22294";"Battery, iPhone 13 Pro Max";"1";"F8Y6254C1EC13XCBV";"";"89.00"
"2026-08-19";"DC_MSPI-Owned";"MRK-MSPI-Owned";"661-30373";"Battery, iPhone 14";"1";"F8Y6281C9DP231LBJ";"";"99.00"
"2026-08-19";"DC_MSPI-Owned";"MRK-MSPI-Owned";"661-30397";"Battery, iPhone 14 Pro Max";"1";"F8Y6233C1QT20J9BZ";"";"99.00"
"2026-08-19";"DC_MSPI-Owned";"MRK-MSPI-Owned";"661-35885";"Battery, iPhone 15";"1";"F8YHUBC0KQ800006TW";"";"99.00"
"2026-08-19";"DC_MSPI-Owned";"MRK-MSPI-Owned";"661-30382";"Battery, iPhone 14 Pro";"1";"F8Y6247C6QJ217WB7";"";"99.00"
"2026-08-19";"DC_MSPI-Owned";"MRK-MSPI-Owned";"661-21991";"Battery, iPhone 13";"1";"F8Y6281C1RH18FKBM";"";"89.00"
"2026-08-19";"DC_MSPI-Owned";"MRK-MSPI-Owned";"661-21991";"Battery, iPhone 13";"1";"F8Y6283C3RQ18FKBA";"";"89.00"
"2026-08-19";"DC_MSPI-Owned";"MRK-MSPI-Owned";"661-21991";"Battery, iPhone 13";"1";"F8Y6281C1LG18FKB3";"";"89.00"
"2026-08-19";"DC_MSPI-Owned";"MRK-MSPI-Owned";"661-21991";"Battery, iPhone 13";"1";"F8Y6281C1J018FKBR";"";"89.00"
"2026-08-19";"DC_MSPI-Owned";"MRK-MSPI-Owned";"661-21991";"Battery, iPhone 13";"1";"F8Y6281C1M918FKB7";"";"89.00"
"2026-08-19";"DC_MSPI-Owned";"MRK-MSPI-Owned";"661-21996";"Battery, iPhone 13 Pro";"1";"F8Y6222C5AB13RHCR";"";"89.00"
"2026-08-19";"DC_MSPI-Owned";"MRK-MSPI-Owned";"661-21991";"Battery, iPhone 13";"1";"F8Y6281C1HX18FKBX";"";"89.00"
"2026-08-19";"DC_MSPI-Owned";"MRK-MSPI-Owned";"661-30382";"Battery, iPhone 14 Pro";"1";"F8Y6247CAFR217WBP";"";"99.00"
"2026-08-19";"DC_MSPI-Owned";"MRK-MSPI-Owned";"661-30397";"Battery, iPhone 14 Pro Max";"1";"F8Y6232C6QS20J9BW";"";"99.00"
"2026-08-19";"DC_MSPI-Owned";"MRK-MSPI-Owned";"661-37207";"Battery, iPhone 15 Plus";"1";"F8YHVAD03E300006U0";"";"99.00"
"2026-08-19";"DC_MSPI-Owned";"MRK-MSPI-Owned";"661-21991";"Battery, iPhone 13";"1";"F8Y6283C3PG18FKBQ";"";"89.00"
"2026-08-19";"DC_MSPI-Owned";"MRK-MSPI-Owned";"661-21991";"Battery, iPhone 13";"1";"F8Y6283C3QW18FKB7";"";"89.00"
"2026-08-19";"DC_MSPI-Owned";"MRK-MSPI-Owned";"661-21991";"Battery, iPhone 13";"1";"F8Y6282C5XB18FKB4";"";"89.00"
"2026-08-19";"DC_MSPI-Owned";"MRK-MSPI-Owned";"661-21991";"Battery, iPhone 13";"1";"F8Y6281C1HT18FKB1";"";"89.00"
"2026-08-19";"DC_MSPI-Owned";"MRK-MSPI-Owned";"661-21991";"Battery, iPhone 13";"1";"F8Y6277C5PM18FKBG";"";"89.00"
"2026-08-19";"DC_MSPI-Owned";"MRK-MSPI-Owned";"661-21991";"Battery, iPhone 13";"1";"F8Y6281C1JR18FKB0";"";"89.00"
"2026-08-19";"DC_MSPI-Owned";"MAG-MSPI-Owned";"661-30397";"Battery, iPhone 14 Pro Max";"1";"F8Y6233C0AH20J9BJ";"";"99.00"
"2026-08-19";"DC_MSPI-Owned";"MAG-MSPI-Owned";"661-36918";"Battery, iPhone 15 Pro Max";"1";"FG9HUB0036T00006TT";"";"99.00"
"2026-08-19";"DC_MSPI-Owned";"MAG-MSPI-Owned";"661-36918";"Battery, iPhone 15 Pro Max";"1";"FG9HUB0038F00006TT";"";"99.00"
"2026-08-19";"DC_MSPI-Owned";"MAG-MSPI-Owned";"661-56049";"Battery, pSIM, iPhone 17 Pro Max";"1";"FG9HLP00J8D00015XX";"";"119.00"
"2026-08-19";"DC_MSPI-Owned";"MAG-MSPI-Owned";"661-42726";"Display, iPhone 16 Pro";"1";"G9PHRQT0DUP00005DP";"";"329.00"
"2026-08-19";"DC_MSPI-Owned";"MAG-MSPI-Owned";"661-21991";"Battery, iPhone 13";"1";"F8Y6282C3YY18FKBG";"";"89.00"
"2026-08-19";"DC_MSPI-Owned";"MAG-MSPI-Owned";"661-21991";"Battery, iPhone 13";"1";"F8Y6282C3Z118FKBA";"";"89.00"
"2026-08-19";"DC_MSPI-Owned";"MAG-MSPI-Owned";"661-30373";"Battery, iPhone 14";"1";"F8Y6281C9D6231LB1";"";"99.00"
"2026-08-19";"DC_MSPI-Owned";"MAG-MSPI-Owned";"661-30382";"Battery, iPhone 14 Pro";"1";"F8Y6247C0BV217WB7";"";"99.00"
"2026-08-19";"DC_MSPI-Owned";"MAG-MSPI-Owned";"661-30382";"Battery, iPhone 14 Pro";"1";"F8Y6247CAFQ217WBQ";"";"99.00"
"2026-08-19";"DC_MSPI-Owned";"MAG-MSPI-Owned";"661-30382";"Battery, iPhone 14 Pro";"1";"F8Y6247C9VS217WBF";"";"99.00"
"2026-08-19";"DC_MSPI-Owned";"MAG-MSPI-Owned";"661-21991";"Battery, iPhone 13";"1";"F8Y6283C3PW18FKBA";"";"89.00"
"2026-08-19";"DC_MSPI-Owned";"MAG-MSPI-Owned";"661-21991";"Battery, iPhone 13";"1";"F8Y6283C3RJ18FKBG";"";"89.00"
"2026-08-19";"DC_MSPI-Owned";"MAG-MSPI-Owned";"661-21991";"Battery, iPhone 13";"1";"F8Y6283C3PK18FKBM";"";"89.00"
"2026-08-19";"DC_MSPI-Owned";"MAG-MSPI-Owned";"661-21991";"Battery, iPhone 13";"1";"F8Y6281C1LR18FKBU";"";"89.00"
"2026-08-19";"DC_MSPI-Owned";"MAG-MSPI-Owned";"661-22294";"Battery, iPhone 13 Pro Max";"1";"F8Y6254C1MP13XCBX";"";"89.00"
"2026-08-19";"DC_MSPI-Owned";"MAG-MSPI-Owned";"661-56064";"Battery, iPhone 17";"1";"F8YHUR00FQA0001510";"";"99.00"
"2026-08-19";"DC_MSPI-Owned";"MAG-MSPI-Owned";"661-30373";"Battery, iPhone 14";"1";"F8Y6281C9DA231LBX";"";"99.00"
"2026-08-19";"DC_MSPI-Owned";"MAG-MSPI-Owned";"661-30397";"Battery, iPhone 14 Pro Max";"1";"F8Y6232C84J20J9BU";"";"99.00"
"2026-08-19";"DC_MSPI-Owned";"MAG-MSPI-Owned";"661-30397";"Battery, iPhone 14 Pro Max";"1";"F8Y6233C1NB20J9BM";"";"99.00"
"2026-08-19";"DC_MSPI-Owned";"MAG-MSPI-Owned";"661-36918";"Battery, iPhone 15 Pro Max";"1";"FG9HUB006K200006TT";"";"99.00"
"2026-08-19";"VER_MSPI-Owned";"TRI-MSPI-Owned";"661-21988";"Display, iPhone 13";"1";"G9P5472C1D1PR5QAS";"";"0.00"
"2026-08-22";"DC_MSPI-Owned";"NPM-MSPI-Owned";"661-22294";"Battery, iPhone 13 Pro Max";"1";"F8Y6254C1R313XCB5";"";"89.00"
"2026-08-22";"DC_MSPI-Owned";"NPM-MSPI-Owned";"661-22294";"Battery, iPhone 13 Pro Max";"1";"F8Y6254C1PX13XCBH";"";"89.00"
"2026-08-22";"DC_MSPI-Owned";"NPM-MSPI-Owned";"661-30397";"Battery, iPhone 14 Pro Max";"1";"F8Y6213C2TF20J9B7";"";"99.00"
"2026-08-22";"DC_MSPI-Owned";"NPM-MSPI-Owned";"661-21996";"Battery, iPhone 13 Pro";"1";"F8Y6222C6HU13RHCL";"";"89.00"
"2026-08-22";"DC_MSPI-Owned";"NPM-MSPI-Owned";"661-21991";"Battery, iPhone 13";"1";"F8Y6281C1LS18FKBT";"";"89.00"
"2026-08-22";"DC_MSPI-Owned";"NPM-MSPI-Owned";"661-21991";"Battery, iPhone 13";"1";"F8Y6281C1GQ18FKB7";"";"89.00"
"2026-08-22";"DC_MSPI-Owned";"NPM-MSPI-Owned";"661-30382";"Battery, iPhone 14 Pro";"1";"F8Y6247C6Q9217WBG";"";"99.00"
"2026-08-22";"DC_MSPI-Owned";"NPM-MSPI-Owned";"661-21996";"Battery, iPhone 13 Pro";"1";"F8Y6223C3BV13RHC5";"";"89.00"
"2026-08-22";"DC_MSPI-Owned";"NPM-MSPI-Owned";"661-21996";"Battery, iPhone 13 Pro";"1";"F8Y6222C29013RHC8";"";"89.00"
"2026-08-22";"DC_MSPI-Owned";"NPM-MSPI-Owned";"661-21991";"Battery, iPhone 13";"1";"F8Y6277C3YU18FKBJ";"";"89.00"
"2026-08-22";"DC_MSPI-Owned";"NPM-MSPI-Owned";"661-21991";"Battery, iPhone 13";"1";"F8Y6277C2XR18FKBR";"";"89.00"
"2026-08-22";"DC_MSPI-Owned";"NPM-MSPI-Owned";"661-21991";"Battery, iPhone 13";"1";"F8Y6277C2XS18FKBQ";"";"89.00"
"2026-08-22";"DC_MSPI-Owned";"NPM-MSPI-Owned";"661-21991";"Battery, iPhone 13";"1";"F8Y6277C5P118FKB2";"";"89.00"
"2026-08-22";"DC_MSPI-Owned";"NPM-MSPI-Owned";"661-21991";"Battery, iPhone 13";"1";"F8Y6281C1R418FKB0";"";"89.00"
"2026-08-22";"DC_MSPI-Owned";"NPM-MSPI-Owned";"661-21991";"Battery, iPhone 13";"1";"F8Y6281C1HR18FKB3";"";"89.00"
"2026-08-22";"DC_MSPI-Owned";"NPM-MSPI-Owned";"661-21991";"Battery, iPhone 13";"1";"F8Y6281C1JW18FKBV";"";"89.00"
"2026-08-22";"DC_MSPI-Owned";"NPM-MSPI-Owned";"661-21991";"Battery, iPhone 13";"1";"F8Y6281C1JF18FKBA";"";"89.00"
"2026-08-22";"DC_MSPI-Owned";"NPM-MSPI-Owned";"661-30397";"Battery, iPhone 14 Pro Max";"1";"F8Y6212C16M20J9BY";"";"99.00"
"2026-08-22";"DC_MSPI-Owned";"NPM-MSPI-Owned";"661-21991";"Battery, iPhone 13";"1";"F8Y6281C0GJ18FKBE";"";"89.00"
"2026-08-22";"DC_MSPI-Owned";"NPM-MSPI-Owned";"661-21991";"Battery, iPhone 13";"1";"F8Y6281C1GU18FKB3";"";"89.00"
"2026-08-22";"DC_MSPI-Owned";"NPM-MSPI-Owned";"661-21991";"Battery, iPhone 13";"1";"F8Y6283C6Y918FKB1";"";"89.00"
"2026-08-22";"DC_MSPI-Owned";"NPM-MSPI-Owned";"661-21991";"Battery, iPhone 13";"1";"F8Y6283C7UY18FKBP";"";"89.00"
"2026-08-22";"DC_MSPI-Owned";"NPM-MSPI-Owned";"661-21991";"Battery, iPhone 13";"1";"F8Y6283C5NN18FKBK";"";"89.00"
"2026-08-27";"DC_MSPI-Owned";"NES_MSPI-Owned";"661-21991";"Battery, iPhone 13";"1";"F8Y6283C29B18FKB4";"";"89.00"
"2026-08-27";"DC_MSPI-Owned";"NES_MSPI-Owned";"661-21991";"Battery, iPhone 13";"1";"F8Y6283C7VP18FKBV";"";"89.00"
"2026-08-27";"DC_MSPI-Owned";"NES_MSPI-Owned";"661-21991";"Battery, iPhone 13";"1";"F8Y6283C29C18FKB3";"";"89.00"
"2026-08-27";"DC_MSPI-Owned";"NES_MSPI-Owned";"661-21991";"Battery, iPhone 13";"1";"F8Y6283C29718FKB8";"";"89.00"
"2026-08-27";"DC_MSPI-Owned";"NES_MSPI-Owned";"661-21991";"Battery, iPhone 13";"1";"F8Y6283C0K818FKBD";"";"89.00"
"2026-08-27";"DC_MSPI-Owned";"NES_MSPI-Owned";"661-56065";"Display, iPhone 17";"1";"GVCHSH0094Y0000U6M";"";"329.00"
"2026-08-27";"DC_MSPI-Owned";"NES_MSPI-Owned";"661-56065";"Display, iPhone 17";"1";"GVCHSF01ZK70000U6M";"";"329.00"
"2026-08-22";"BHS_MSPI-Owned";"BHS_Repair";"661-21991";"Battery, iPhone 13";"1";"F8Y6173C55918FKBK";"";"89.00"
"2026-08-22";"FES-MSPI-Owned";"LIM_MSPI-Owned";"661-21991";"Battery, iPhone 13";"1";"F8Y6283C6BN18FKBH";"";"89.00"
"2026-08-22";"FES-MSPI-Owned";"LIM_MSPI-Owned";"661-22294";"Battery, iPhone 13 Pro Max";"1";"F8Y6225C6GY13XCB6";"";"89.00"
"2026-08-22";"FES-MSPI-Owned";"LIM_MSPI-Owned";"661-35694";"Battery, iPhone 15 Pro";"1";"F8YHUQD00AN00006TP";"";"99.00"
"2026-08-22";"FES-MSPI-Owned";"LIM_MSPI-Owned";"661-30382";"Battery, iPhone 14 Pro";"1";"F8Y6162C7GR217WBP";"";"99.00"
"2026-08-22";"FES-MSPI-Owned";"LIM_MSPI-Owned";"661-36918";"Battery, iPhone 15 Pro Max";"1";"FG9HUB001YN00006TT";"";"99.00"
"2026-08-23";"GL5_MSPI-Owned";"MRK-MSPI-Owned";"661-35694";"Battery, iPhone 15 Pro";"1";"F8YHUQD004Z00006TP";"";"99.00"
"2026-08-24";"MEG-MSPI-Owned";"MEG-Repair";"661-21991";"Battery, iPhone 13";"1";"F8Y6276C53418FKBS";"";"0.00"
"2026-08-25";"MEG-MSPI-Owned";"MEG-Repair";"661-30382";"Battery, iPhone 14 Pro";"1";"F8Y6156CB0V217WBU";"";"99.00"
"2026-08-27";"DC_MSPI-Owned";"NES_MSPI-Owned";"661-35694";"Battery, iPhone 15 Pro";"1";"F8YHV0D023R00006TP";"";"99.00"
"2026-08-27";"DC_MSPI-Owned";"NES_MSPI-Owned";"661-35694";"Battery, iPhone 15 Pro";"1";"F8YHV1D003200006TP";"";"99.00"
"2026-08-27";"DC_MSPI-Owned";"NES_MSPI-Owned";"661-22294";"Battery, iPhone 13 Pro Max";"1";"F8Y6235C4AG13XCB5";"";"89.00"
"2026-08-27";"DC_MSPI-Owned";"NES_MSPI-Owned";"661-35694";"Battery, iPhone 15 Pro";"1";"F8YHV2D010J00006TP";"";"99.00"
"2026-08-27";"DC_MSPI-Owned";"NES_MSPI-Owned";"661-36918";"Battery, iPhone 15 Pro Max";"1";"FG9HTN004RC00006TT";"";"99.00"
"2026-08-25";"DC_MSPI-Owned";"GB3-MSPI-Owned";"661-30382";"Battery, iPhone 14 Pro";"1";"F8Y6267CB2Q217WBN";"";"99.00"
"2026-08-25";"DC_MSPI-Owned";"GB3-MSPI-Owned";"661-35694";"Battery, iPhone 15 Pro";"1";"F8YHV0D040C00006TP";"";"99.00"
"2026-08-25";"DC_MSPI-Owned";"GB3-MSPI-Owned";"661-35694";"Battery, iPhone 15 Pro";"1";"F8YHV2D00YM00006TP";"";"99.00"
"2026-08-25";"DC_MSPI-Owned";"GB3-MSPI-Owned";"661-35694";"Battery, iPhone 15 Pro";"1";"F8YHV1D008Y00006TP";"";"99.00"
"2026-08-25";"DC_MSPI-Owned";"PPM-MSPI-Owned";"661-35694";"Battery, iPhone 15 Pro";"1";"F8YHV2D02F200006TP";"";"99.00"
"2026-08-25";"DC_MSPI-Owned";"PPM-MSPI-Owned";"661-22294";"Battery, iPhone 13 Pro Max";"1";"F8Y6235C3ZA13XCBB";"";"89.00"
"2026-08-25";"DC_MSPI-Owned";"GL5_MSPI-Owned";"661-30397";"Battery, iPhone 14 Pro Max";"1";"F8Y6274C24020J9B4";"";"99.00"
"2026-08-25";"DC_MSPI-Owned";"GL5_MSPI-Owned";"661-22294";"Battery, iPhone 13 Pro Max";"1";"F8Y6235C4AJ13XCB3";"";"89.00"
"2026-08-25";"DC_MSPI-Owned";"GL5_MSPI-Owned";"661-35694";"Battery, iPhone 15 Pro";"1";"F8YHV2D00YK00006TP";"";"99.00"
"2026-08-25";"DC_MSPI-Owned";"GL5_MSPI-Owned";"661-35694";"Battery, iPhone 15 Pro";"1";"F8YHV1D00PC00006TP";"";"99.00"
"2026-08-25";"DC_MSPI-Owned";"GL5_MSPI-Owned";"661-56125";"Display, iPhone 17 Pro";"1";"G9QHUKN3PEV0000L4B";"";"329.00"
"2026-08-25";"DC_MSPI-Owned";"GL5_MSPI-Owned";"661-36918";"Battery, iPhone 15 Pro Max";"1";"FG9HTN004KM00006TT";"";"99.00"
"2026-08-25";"DC_MSPI-Owned";"GL5_MSPI-Owned";"661-35694";"Battery, iPhone 15 Pro";"1";"F8YHV1D008W00006TP";"";"None"
"2026-08-25";"DC_MSPI-Owned";"GL5_MSPI-Owned";"661-35694";"Battery, iPhone 15 Pro";"1";"F8YHV1D06MV00006TP";"";"99.00"
"2026-08-25";"DC_MSPI-Owned";"GL5_MSPI-Owned";"661-35694";"Battery, iPhone 15 Pro";"1";"F8YHV1D009300006TP";"";"99.00"
"2026-08-25";"DC_MSPI-Owned";"BHS_MSPI-Owned";"661-35694";"Battery, iPhone 15 Pro";"1";"F8YHV0D019G00006TP";"";"99.00"
"2026-08-25";"DC_MSPI-Owned";"BHS_MSPI-Owned";"661-22294";"Battery, iPhone 13 Pro Max";"1";"F8Y6235C3XZ13XCBU";"";"89.00"
"2026-08-25";"DC_MSPI-Owned";"BHS_MSPI-Owned";"661-30394";"Battery, iPhone 14 Plus";"1";"F8Y6292C04T237KBV";"";"99.00"
"2026-08-26";"DC_MSPI-Owned";"SMS_MSPI-Owned";"661-30382";"Battery, iPhone 14 Pro";"1";"F8Y6267C44S217WBM";"";"99.00"
"2026-08-26";"DC_MSPI-Owned";"SMS_MSPI-Owned";"661-35694";"Battery, iPhone 15 Pro";"1";"F8YHV0D016C00006TP";"";"99.00"
"2026-08-26";"DC_MSPI-Owned";"SMS_MSPI-Owned";"661-35694";"Battery, iPhone 15 Pro";"1";"F8YHV0D01FU00006TP";"";"99.00"
"2026-08-26";"DC_MSPI-Owned";"SMS_MSPI-Owned";"661-22294";"Battery, iPhone 13 Pro Max";"1";"F8Y6235C2JJ13XCBF";"";"89.00"
"2026-08-26";"DC_MSPI-Owned";"SMS_MSPI-Owned";"661-22294";"Battery, iPhone 13 Pro Max";"1";"F8Y6235C19013XCBT";"";"89.00"
"2026-08-26";"DC_MSPI-Owned";"SMS_MSPI-Owned";"661-35694";"Battery, iPhone 15 Pro";"1";"F8YHV1D00PM00006TP";"";"99.00"
"2026-08-26";"DC_MSPI-Owned";"SMS_MSPI-Owned";"661-37207";"Battery, iPhone 15 Plus";"1";"F8YHVAD03DU00006U0";"";"99.00"
"2026-08-26";"DC_MSPI-Owned";"SMS_MSPI-Owned";"661-30401";"Display, iPhone 14 Pro Max";"1";"G9P5367N7AB14YDA5";"";"379.00"
"2026-08-26";"DC_MSPI-Owned";"SMS_MSPI-Owned";"661-35694";"Battery, iPhone 15 Pro";"1";"F8YHV1D06G700006TP";"";"99.00"
"2026-08-26";"DC_MSPI-Owned";"SMS_MSPI-Owned";"661-35694";"Battery, iPhone 15 Pro";"1";"F8YHV1D003900006TP";"";"99.00"
"2026-08-27";"DC_MSPI-Owned";"FES-MSPI-Owned";"661-30397";"Battery, iPhone 14 Pro Max";"1";"F8Y6255C6FA20J9BW";"";"99.00"
"2026-08-27";"DC_MSPI-Owned";"FES-MSPI-Owned";"661-35694";"Battery, iPhone 15 Pro";"1";"F8YHV0D028500006TP";"";"99.00"
"2026-08-27";"DC_MSPI-Owned";"FES-MSPI-Owned";"661-22294";"Battery, iPhone 13 Pro Max";"1";"F8Y6235C3X413XCBP";"";"89.00"
"2026-08-27";"DC_MSPI-Owned";"FES-MSPI-Owned";"661-30397";"Battery, iPhone 14 Pro Max";"1";"F8Y6255C7AS20J9BU";"";"99.00"
"2026-08-27";"DC_MSPI-Owned";"FES-MSPI-Owned";"661-56050";"Display, iPhone 17 Pro Max";"1";"G9QHUBJ5SCV0000MUY";"";"379.00"
"2026-08-27";"DC_MSPI-Owned";"FES-MSPI-Owned";"661-56050";"Display, iPhone 17 Pro Max";"1";"G9PHUBF3YSE0000MUY";"";"379.00"
"2026-08-27";"DC_MSPI-Owned";"FES-MSPI-Owned";"661-56050";"Display, iPhone 17 Pro Max";"1";"G9NHUBZ1QW10000MUY";"";"379.00"
"2026-08-27";"DC_MSPI-Owned";"FES-MSPI-Owned";"661-44955";"Display, iPhone 16 Pro Max";"1";"G9PHQ2T0NF300005DR";"";"379.00"
"2026-08-27";"DC_MSPI-Owned";"FES-MSPI-Owned";"661-35694";"Battery, iPhone 15 Pro";"1";"F8YHUZD02DU00006TP";"";"99.00"
"2026-08-26";"DC_MSPI-Owned";"VER_MSPI-Owned";"661-56050";"Display, iPhone 17 Pro Max";"1";"G9NHUBY3Z5R0000MUY";"";"379.00"
"2026-08-26";"DC_MSPI-Owned";"VER_MSPI-Owned";"661-44955";"Display, iPhone 16 Pro Max";"1";"G9PHNYT1GWP00005DR";"";"379.00"
"2026-08-26";"DC_MSPI-Owned";"VER_MSPI-Owned";"661-30397";"Battery, iPhone 14 Pro Max";"1";"F8Y6255C68Y20J9BV";"";"99.00"
"2026-08-26";"DC_MSPI-Owned";"VER_MSPI-Owned";"661-36918";"Battery, iPhone 15 Pro Max";"1";"FG9HTN0049R00006TT";"";"99.00"
"2026-08-26";"DC_MSPI-Owned";"VER_MSPI-Owned";"661-22294";"Battery, iPhone 13 Pro Max";"1";"F8Y6235C4AP13XCBY";"";"89.00"
"2026-08-26";"DC_MSPI-Owned";"VER_MSPI-Owned";"661-35694";"Battery, iPhone 15 Pro";"1";"F8YHV2D004700006TP";"";"99.00"
"2026-08-26";"DC_MSPI-Owned";"VER_MSPI-Owned";"661-35694";"Battery, iPhone 15 Pro";"1";"F8YHV1D052200006TP";"";"99.00"
"2026-08-26";"DC_MSPI-Owned";"ANX-MSPI-Owned";"661-30401";"Display, iPhone 14 Pro Max";"1";"G9P5366N9FB14YDAP";"";"379.00"
"2026-08-26";"DC_MSPI-Owned";"ANX-MSPI-Owned";"661-35694";"Battery, iPhone 15 Pro";"1";"F8YHV1D050Z00006TP";"";"99.00"
"2026-08-26";"DC_MSPI-Owned";"ANX-MSPI-Owned";"661-35694";"Battery, iPhone 15 Pro";"1";"F8YHV2D022400006TP";"";"99.00"
"2026-08-26";"DC_MSPI-Owned";"ANX-MSPI-Owned";"661-35694";"Battery, iPhone 15 Pro";"1";"F8YHV1D003M00006TP";"";"99.00"
"2026-08-26";"DC_MSPI-Owned";"POD_MSPI-Owned";"661-35694";"Battery, iPhone 15 Pro";"1";"F8YHV0D01G100006TP";"";"99.00"
"2026-08-26";"DC_MSPI-Owned";"POD_MSPI-Owned";"661-30373";"Battery, iPhone 14";"1";"F8Y6234C9AR231LB3";"";"99.00"
"2026-08-26";"DC_MSPI-Owned";"POD_MSPI-Owned";"661-30397";"Battery, iPhone 14 Pro Max";"1";"F8Y6262C69G20J9B8";"";"99.00"
"2026-08-26";"DC_MSPI-Owned";"POD_MSPI-Owned";"661-36918";"Battery, iPhone 15 Pro Max";"1";"FG9HTN004SC00006TT";"";"99.00"
"2026-08-26";"DC_MSPI-Owned";"POD_MSPI-Owned";"661-30401";"Display, iPhone 14 Pro Max";"1";"G9P5364NJJ914YDA9";"";"379.00"
"2026-08-26";"DC_MSPI-Owned";"MRK-MSPI-Owned";"661-56050";"Display, iPhone 17 Pro Max";"1";"G9NHU0L3YZA0000MUY";"";"379.00"
"2026-08-26";"DC_MSPI-Owned";"MRK-MSPI-Owned";"661-56065";"Display, iPhone 17";"1";"GVCHSF0380C0000U6M";"";"329.00"
"2026-08-26";"DC_MSPI-Owned";"MRK-MSPI-Owned";"661-36915";"Display, iPhone 15 Pro Max";"1";"G9P5383QP101PHRAZ";"";"379.00"
"2026-08-26";"DC_MSPI-Owned";"MRK-MSPI-Owned";"661-29370";"Display, iPhone 14 Pro";"1";"G9P5131PL5014YCAZ";"";"329.00"
"2026-08-26";"DC_MSPI-Owned";"MRK-MSPI-Owned";"661-30401";"Display, iPhone 14 Pro Max";"1";"G9P5366N6KM14YDA4";"";"379.00"
"2026-08-26";"DC_MSPI-Owned";"MRK-MSPI-Owned";"661-22294";"Battery, iPhone 13 Pro Max";"1";"F8Y6235C3XH13XCBA";"";"89.00"
"2026-08-26";"DC_MSPI-Owned";"MRK-MSPI-Owned";"661-30394";"Battery, iPhone 14 Plus";"1";"F8Y6282C3Y1237KB5";"";"99.00"
"2026-08-26";"DC_MSPI-Owned";"MRK-MSPI-Owned";"661-35885";"Battery, iPhone 15";"1";"F8YHV4C04YB00006TW";"";"99.00"
"2026-08-26";"DC_MSPI-Owned";"MRK-MSPI-Owned";"661-37207";"Battery, iPhone 15 Plus";"1";"F8YHVAD037E00006U0";"";"99.00"
"2026-08-26";"DC_MSPI-Owned";"MAG-MSPI-Owned";"661-35694";"Battery, iPhone 15 Pro";"1";"F8YHV0D02E000006TP";"";"99.00"
"2026-08-26";"DC_MSPI-Owned";"MAG-MSPI-Owned";"661-30397";"Battery, iPhone 14 Pro Max";"1";"F8Y6255C66120J9BY";"";"99.00"
"2026-08-26";"DC_MSPI-Owned";"MAG-MSPI-Owned";"661-30394";"Battery, iPhone 14 Plus";"1";"F8Y6292C0GM237KBZ";"";"99.00"
"2026-08-26";"DC_MSPI-Owned";"MAG-MSPI-Owned";"661-56050";"Display, iPhone 17 Pro Max";"1";"G9QHUBJ0S1X0000MUY";"";"379.00"
"2026-08-26";"DC_MSPI-Owned";"MAG-MSPI-Owned";"661-36706";"Display, iPhone 15";"1";"G9Q6087UHM821KHA9";"";"279.00"
"2026-08-26";"DC_MSPI-Owned";"MAG-MSPI-Owned";"661-35694";"Battery, iPhone 15 Pro";"1";"F8YHUZD022Y00006TP";"";"99.00"
"2026-08-25";"VER_MSPI-Owned";"VER_Repair";"661-56067";"Camera, iPhone 17";"1";"DNMHK1012GC0000QTE";"";"0.00"
"2026-08-29";"DC_MSPI-Owned";"LIM_MSPI-Owned";"661-56125";"Display, iPhone 17 Pro";"1";"G9QHUJP08FF0000L4B";"";"329.00"
"2026-08-29";"DC_MSPI-Owned";"LIM_MSPI-Owned";"661-56050";"Display, iPhone 17 Pro Max";"1";"G9PHUAV5U380000MUY";"";"379.00"
"2026-08-29";"DC_MSPI-Owned";"LIM_MSPI-Owned";"661-56050";"Display, iPhone 17 Pro Max";"1";"G9PHUBF6CHK0000MUY";"";"379.00"
"2026-08-29";"DC_MSPI-Owned";"LIM_MSPI-Owned";"661-56065";"Display, iPhone 17";"1";"GVCHSE038ME0000U6M";"";"329.00"
"2026-08-29";"DC_MSPI-Owned";"LIM_MSPI-Owned";"661-44797";"Display, iPhone 16";"1";"G9NHT620H4000004Y7";"";"279.00"
"2026-08-29";"DC_MSPI-Owned";"LIM_MSPI-Owned";"661-36915";"Display, iPhone 15 Pro Max";"1";"G9P5385Q3951PHRAN";"";"379.00"
"2026-08-29";"DC_MSPI-Owned";"LIM_MSPI-Owned";"661-36706";"Display, iPhone 15";"1";"G9Q6087ULBG21KHAU";"";"279.00"
"2026-08-29";"DC_MSPI-Owned";"LIM_MSPI-Owned";"661-35699";"Display, iPhone 15 Pro";"1";"G9P5453QC3C1PHPA2";"";"329.00"
"2026-08-29";"DC_MSPI-Owned";"LIM_MSPI-Owned";"661-36918";"Battery, iPhone 15 Pro Max";"1";"FG9HTP0039600006TT";"";"99.00"
"2026-08-29";"DC_MSPI-Owned";"LIM_MSPI-Owned";"661-35694";"Battery, iPhone 15 Pro";"1";"F8YHV1D008Z00006TP";"";"99.00"
"2026-08-28";"DC_MSPI-Owned";"LAU-MSPI-Owned";"661-42726";"Display, iPhone 16 Pro";"1";"G9PHRLT0BM800005DP";"";"329.00"
"2026-08-28";"DC_MSPI-Owned";"LAU-MSPI-Owned";"661-21988";"Display, iPhone 13";"1";"G9P5484C2HTPR5QAG";"";"279.00"
"2026-08-29";"DC_MSPI-Owned";"NAG-MSPI-Owned";"661-55240";"Display, iPhone Air";"1";"G9QHLTJ12640000HU8";"";"329.00"
"2026-08-29";"DC_MSPI-Owned";"NAG-MSPI-Owned";"661-21988";"Display, iPhone 13";"1";"G9P5477CNHPPR5QA0";"";"279.00"
"2026-08-29";"DC_MSPI-Owned";"NAG-MSPI-Owned";"661-35694";"Battery, iPhone 15 Pro";"1";"F8YHV0D01AN00006TP";"";"99.00"
"2026-08-28";"DC_MSPI-Owned";"NPM-MSPI-Owned";"661-56050";"Display, iPhone 17 Pro Max";"1";"G9PHUAX5AYU0000MUY";"";"379.00"
"2026-08-28";"DC_MSPI-Owned";"NPM-MSPI-Owned";"661-56125";"Display, iPhone 17 Pro";"1";"G9QHU5M1GCG0000L4B";"";"329.00"
"2026-08-28";"DC_MSPI-Owned";"NPM-MSPI-Owned";"661-56125";"Display, iPhone 17 Pro";"1";"G9QHUJN4W5D0000L4B";"";"329.00"
"2026-08-28";"DC_MSPI-Owned";"NPM-MSPI-Owned";"661-42726";"Display, iPhone 16 Pro";"1";"G9PHRLT17VF00005DP";"";"329.00"
"2026-08-28";"DC_MSPI-Owned";"NPM-MSPI-Owned";"661-21988";"Display, iPhone 13";"1";"G9P5483C1H9PR5QA2";"";"279.00"
"2026-08-28";"DC_MSPI-Owned";"NPM-MSPI-Owned";"661-21988";"Display, iPhone 13";"1";"G9P5485CMJ8PR5QAC";"";"279.00"
"2026-08-28";"DC_MSPI-Owned";"NPM-MSPI-Owned";"661-35694";"Battery, iPhone 15 Pro";"1";"F8YHV2D02CN00006TP";"";"99.00"
"2026-08-28";"DC_MSPI-Owned";"NPM-MSPI-Owned";"661-22294";"Battery, iPhone 13 Pro Max";"1";"F8Y6235C4QS13XCBM";"";"89.00"
"2026-08-26";"DC_MSPI-Owned";"TRI-MSPI-Owned";"661-35694";"Battery, iPhone 15 Pro";"1";"F8YHUYD04CC00006TP";"";"99.00"
"2026-08-26";"DC_MSPI-Owned";"TRI-MSPI-Owned";"661-30382";"Battery, iPhone 14 Pro";"1";"F8Y6267CB2S217WBL";"";"99.00"
"2026-08-26";"DC_MSPI-Owned";"MEG-MSPI-Owned";"661-22294";"Battery, iPhone 13 Pro Max";"1";"F8Y6235C3XL13XCB7";"";"89.00"
"2026-08-26";"DC_MSPI-Owned";"MEG-MSPI-Owned";"661-35694";"Battery, iPhone 15 Pro";"1";"F8YHV1D006Q00006TP";"";"None"
"2026-09-04";"MOA-Repair";"MOA-MSPI-Owned";"661-56050";"Display, iPhone 17 Pro Max";"1";"G9PHS1F0SMN0000MUY";"";"0.00"
"2026-08-27";"TRI_Finished Goods";"TRI-MSPI-Owned";"661-21991";"Battery, iPhone 13";"1";"F8Y6283C2HX18FKBU";"";"0.00"
"2026-08-27";"GL5_MSPI-Owned";"FES-MSPI-Owned";"661-42837";"Battery, iPhone 16 Plus";"1";"F8YHLS00HFY0000RSS";"";"None"
"2026-08-27";"GL5_MSPI-Owned";"FES-MSPI-Owned";"661-35694";"Battery, iPhone 15 Pro";"1";"F8YHV1D008W00006TP";"";"99.00"
"2026-08-28";"BHS_Repair";"BHS_MSPI-Owned";"661-56050";"Display, iPhone 17 Pro Max";"1";"G9PHVJV471F0000MUY";"";"0.00"
"2026-08-29";"FES-MSPI-Owned";"LIM_MSPI-Owned";"661-42837";"Battery, iPhone 16 Plus";"1";"F8YHLS00HFY0000RSS";"";"99.00"
"2026-08-29";"FES-MSPI-Owned";"LIM_MSPI-Owned";"661-30397";"Battery, iPhone 14 Pro Max";"1";"F8Y6233C1G420J9BC";"";"99.00"
"2026-09-03";"DC_MSPI-Owned";"NES_MSPI-Owned";"661-21991";"Battery, iPhone 13";"1";"F8Y6304CA5F18FKBS";"";"89.00"
"2026-09-03";"DC_MSPI-Owned";"NES_MSPI-Owned";"661-21996";"Battery, iPhone 13 Pro";"1";"F8Y6222C34R13RHCX";"";"89.00"
"2026-09-03";"DC_MSPI-Owned";"NES_MSPI-Owned";"661-22294";"Battery, iPhone 13 Pro Max";"1";"F8Y6285C30V13XCB8";"";"89.00"
"2026-09-03";"DC_MSPI-Owned";"NES_MSPI-Owned";"661-35694";"Battery, iPhone 15 Pro";"1";"F8YHV0D04BX00006TP";"";"99.00"
"2026-09-03";"DC_MSPI-Owned";"NES_MSPI-Owned";"661-35885";"Battery, iPhone 15";"1";"F8YHVSC0HKY00006TW";"";"99.00"
"2026-08-31";"DC_MSPI-Owned";"GB3-MSPI-Owned";"661-21991";"Battery, iPhone 13";"1";"F8Y6305C7YX18FKBZ";"";"None"
"2026-08-31";"DC_MSPI-Owned";"GB3-MSPI-Owned";"661-30397";"Battery, iPhone 14 Pro Max";"1";"F8Y6273CBQ920J9BV";"";"99.00"
"2026-08-31";"DC_MSPI-Owned";"BHS_MSPI-Owned";"661-21991";"Battery, iPhone 13";"1";"F8Y6305C7YT18FKB3";"";"89.00"
"2026-08-31";"DC_MSPI-Owned";"GL5_MSPI-Owned";"661-22309";"Display, iPhone 13 Pro Max";"1";"G9P5386MJ08PQCLAS";"";"329.00"
"2026-08-31";"DC_MSPI-Owned";"GL5_MSPI-Owned";"661-44955";"Display, iPhone 16 Pro Max";"1";"G9PHK7S0PX700005DR";"";"379.00"
"2026-08-31";"DC_MSPI-Owned";"GL5_MSPI-Owned";"661-44954";"Battery, iPhone 16 Pro Max";"1";"F8YHUHH042H0000UMJ";"";"119.00"
"2026-08-31";"DC_MSPI-Owned";"GL5_MSPI-Owned";"661-35694";"Battery, iPhone 15 Pro";"1";"F8YHV0D044200006TP";"";"99.00"
"2026-08-31";"DC_MSPI-Owned";"GL5_MSPI-Owned";"661-30397";"Battery, iPhone 14 Pro Max";"1";"F8Y6273CBZ020J9BB";"";"99.00"
"2026-08-31";"DC_MSPI-Owned";"GL5_MSPI-Owned";"661-22294";"Battery, iPhone 13 Pro Max";"1";"F8Y6285C2ZY13XCB9";"";"89.00"
"2026-08-31";"DC_MSPI-Owned";"GL5_MSPI-Owned";"661-22294";"Battery, iPhone 13 Pro Max";"1";"F8Y6285C2ZV13XCBC";"";"89.00"
"2026-08-31";"DC_MSPI-Owned";"GL5_MSPI-Owned";"661-21991";"Battery, iPhone 13";"1";"F8Y6304C4AL18FKBC";"";"89.00"
"2026-08-31";"DC_MSPI-Owned";"GL5_MSPI-Owned";"661-21991";"Battery, iPhone 13";"1";"F8Y6304CA7M18FKBE";"";"89.00"
"2026-08-31";"DC_MSPI-Owned";"GL5_MSPI-Owned";"661-21991";"Battery, iPhone 13";"1";"F8Y6302C83U18FKBP";"";"89.00"
"2026-08-31";"DC_MSPI-Owned";"GL5_MSPI-Owned";"661-21991";"Battery, iPhone 13";"1";"F8Y6304C41G18FKB9";"";"89.00"
"2026-08-31";"DC_MSPI-Owned";"GL5_MSPI-Owned";"661-21991";"Battery, iPhone 13";"1";"F8Y6305C87M18FKBF";"";"89.00"
"2026-08-31";"DC_MSPI-Owned";"SMS_MSPI-Owned";"661-21991";"Battery, iPhone 13";"1";"F8Y6283C27B18FKBA";"";"89.00"
"2026-08-31";"DC_MSPI-Owned";"SMS_MSPI-Owned";"661-21991";"Battery, iPhone 13";"1";"F8Y6283C1B318FKB7";"";"89.00"
"2026-08-31";"DC_MSPI-Owned";"SMS_MSPI-Owned";"661-21991";"Battery, iPhone 13";"1";"F8Y6304C4GT18FKBM";"";"89.00"
"2026-08-31";"DC_MSPI-Owned";"SMS_MSPI-Owned";"661-21991";"Battery, iPhone 13";"1";"F8Y6303CAX218FKBW";"";"89.00"
"2026-08-31";"DC_MSPI-Owned";"MOA-MSPI-Owned";"661-30397";"Battery, iPhone 14 Pro Max";"1";"F8Y6255C6DL20J9BS";"";"99.00"
"2026-09-02";"DC_MSPI-Owned";"FES-MSPI-Owned";"661-21996";"Battery, iPhone 13 Pro";"1";"F8Y6222C4PM13RHCB";"";"89.00"
"2026-09-02";"DC_MSPI-Owned";"FES-MSPI-Owned";"661-30382";"Battery, iPhone 14 Pro";"1";"F8Y6272C8UR217WBG";"";"99.00"
"2026-09-02";"DC_MSPI-Owned";"FES-MSPI-Owned";"661-30397";"Battery, iPhone 14 Pro Max";"1";"F8Y6273CBR120J9B0";"";"99.00"
"2026-09-02";"DC_MSPI-Owned";"FES-MSPI-Owned";"661-35694";"Battery, iPhone 15 Pro";"1";"F8YHV1D035700006TP";"";"99.00"
"2026-09-02";"DC_MSPI-Owned";"FES-MSPI-Owned";"661-21991";"Battery, iPhone 13";"1";"F8Y6304C8T418FKB7";"";"89.00"
"2026-09-02";"DC_MSPI-Owned";"FES-MSPI-Owned";"661-21991";"Battery, iPhone 13";"1";"F8Y6304C7LL18FKBD";"";"89.00"
"2026-08-31";"DC_MSPI-Owned";"VER_MSPI-Owned";"661-21991";"Battery, iPhone 13";"1";"F8Y6283C27718FKBE";"";"89.00"
"2026-08-31";"DC_MSPI-Owned";"VER_MSPI-Owned";"661-36918";"Battery, iPhone 15 Pro Max";"1";"FG9HTK000VJ00006TT";"";"99.00"
"2026-08-31";"DC_MSPI-Owned";"VER_MSPI-Owned";"661-36918";"Battery, iPhone 15 Pro Max";"1";"FG9HTK004QP00006TT";"";"99.00"
"2026-08-31";"DC_MSPI-Owned";"VER_MSPI-Owned";"661-36918";"Battery, iPhone 15 Pro Max";"1";"FG9HTN003B600006TT";"";"99.00"
"2026-08-31";"DC_MSPI-Owned";"VER_MSPI-Owned";"661-36918";"Battery, iPhone 15 Pro Max";"1";"FG9HTK0052U00006TT";"";"99.00"
"2026-08-31";"DC_MSPI-Owned";"VER_MSPI-Owned";"661-35885";"Battery, iPhone 15";"1";"F8YHVSC0FG000006TW";"";"99.00"
"2026-08-31";"DC_MSPI-Owned";"VER_MSPI-Owned";"661-35694";"Battery, iPhone 15 Pro";"1";"F8YHV0D03FQ00006TP";"";"99.00"
"2026-08-31";"DC_MSPI-Owned";"VER_MSPI-Owned";"661-22294";"Battery, iPhone 13 Pro Max";"1";"F8Y6285C4GQ13XCBY";"";"89.00"
"2026-08-31";"DC_MSPI-Owned";"VER_MSPI-Owned";"661-30382";"Battery, iPhone 14 Pro";"1";"F8Y6272C8SX217WBG";"";"99.00"
"2026-08-31";"DC_MSPI-Owned";"VER_MSPI-Owned";"661-30382";"Battery, iPhone 14 Pro";"1";"F8Y6272C8SS217WBM";"";"99.00"
"2026-08-31";"DC_MSPI-Owned";"VER_MSPI-Owned";"661-30397";"Battery, iPhone 14 Pro Max";"1";"F8Y6273CAKM20J9BZ";"";"99.00"
"2026-08-31";"DC_MSPI-Owned";"VER_MSPI-Owned";"661-30397";"Battery, iPhone 14 Pro Max";"1";"F8Y6273CAFL20J9BC";"";"99.00"
"2026-08-31";"DC_MSPI-Owned";"VER_MSPI-Owned";"661-22294";"Battery, iPhone 13 Pro Max";"1";"F8Y6285C4N613XCBY";"";"89.00"
"2026-08-31";"DC_MSPI-Owned";"VER_MSPI-Owned";"661-22294";"Battery, iPhone 13 Pro Max";"1";"F8Y6285C1C613XCBX";"";"89.00"
"2026-08-31";"DC_MSPI-Owned";"VER_MSPI-Owned";"661-22294";"Battery, iPhone 13 Pro Max";"1";"F8Y6285C12T13XCB6";"";"89.00"
"2026-08-31";"DC_MSPI-Owned";"VER_MSPI-Owned";"661-22294";"Battery, iPhone 13 Pro Max";"1";"F8Y6285C1C213XCB1";"";"89.00"
"2026-08-31";"DC_MSPI-Owned";"VER_MSPI-Owned";"661-22294";"Battery, iPhone 13 Pro Max";"1";"F8Y6285C1C513XCBY";"";"89.00"
"2026-08-31";"DC_MSPI-Owned";"VER_MSPI-Owned";"661-21996";"Battery, iPhone 13 Pro";"1";"F8Y6222C31B13RHCL";"";"89.00"
"2026-08-31";"DC_MSPI-Owned";"VER_MSPI-Owned";"661-21991";"Battery, iPhone 13";"1";"F8Y6283C25G18FKBB";"";"89.00"
"2026-08-31";"DC_MSPI-Owned";"VER_MSPI-Owned";"661-21991";"Battery, iPhone 13";"1";"F8Y6303C1JM18FKBR";"";"89.00"
"2026-08-31";"DC_MSPI-Owned";"VER_MSPI-Owned";"661-21991";"Battery, iPhone 13";"1";"F8Y6305C7TE18FKBX";"";"89.00"
"2026-08-31";"DC_MSPI-Owned";"VER_MSPI-Owned";"661-21991";"Battery, iPhone 13";"1";"F8Y6302CAGK18FKBR";"";"89.00"
"2026-08-31";"DC_MSPI-Owned";"VER_MSPI-Owned";"661-21991";"Battery, iPhone 13";"1";"F8Y6283C27818FKBD";"";"89.00"
"2026-08-31";"DC_MSPI-Owned";"VER_MSPI-Owned";"661-21991";"Battery, iPhone 13";"1";"F8Y6302C0WX18FKBF";"";"89.00"
"2026-08-31";"DC_MSPI-Owned";"ANX-MSPI-Owned";"661-44954";"Battery, iPhone 16 Pro Max";"1";"F8YHUHH05FH0000UMJ";"";"119.00"
"2026-08-31";"DC_MSPI-Owned";"TRI-MSPI-Owned";"661-44954";"Battery, iPhone 16 Pro Max";"1";"F8YHUHH04330000UMJ";"";"119.00"
"2026-08-31";"DC_MSPI-Owned";"MEG-MSPI-Owned";"661-35694";"Battery, iPhone 15 Pro";"1";"F8YHV0D044V00006TP";"";"99.00"
"2026-08-31";"DC_MSPI-Owned";"MEG-MSPI-Owned";"661-30397";"Battery, iPhone 14 Pro Max";"1";"F8Y6274C00V20J9BP";"";"99.00"
"2026-08-31";"DC_MSPI-Owned";"POD_MSPI-Owned";"661-21991";"Battery, iPhone 13";"1";"F8Y6283C1CP18FKBJ";"";"89.00"
"2026-08-31";"DC_MSPI-Owned";"POD_MSPI-Owned";"661-21991";"Battery, iPhone 13";"1";"F8Y6283C26K18FKB5";"";"89.00"
"2026-08-31";"DC_MSPI-Owned";"POD_MSPI-Owned";"661-30382";"Battery, iPhone 14 Pro";"1";"F8Y6272C8US217WBF";"";"99.00"
"2026-08-31";"DC_MSPI-Owned";"POD_MSPI-Owned";"661-30382";"Battery, iPhone 14 Pro";"1";"F8Y6272C5LS217WB8";"";"99.00"
"2026-08-31";"DC_MSPI-Owned";"POD_MSPI-Owned";"661-30382";"Battery, iPhone 14 Pro";"1";"F8Y6272C8SW217WBH";"";"99.00"
"2026-08-31";"DC_MSPI-Owned";"MRK-MSPI-Owned";"661-21991";"Battery, iPhone 13";"1";"F8Y6304C20718FKBP";"";"89.00"
"2026-08-31";"DC_MSPI-Owned";"MRK-MSPI-Owned";"661-44954";"Battery, iPhone 16 Pro Max";"1";"F8YHUHH05F50000UMJ";"";"119.00"
"2026-08-31";"DC_MSPI-Owned";"MRK-MSPI-Owned";"661-30397";"Battery, iPhone 14 Pro Max";"1";"F8Y6273C2EG20J9BT";"";"99.00"
"2026-08-31";"DC_MSPI-Owned";"MRK-MSPI-Owned";"661-22294";"Battery, iPhone 13 Pro Max";"1";"F8Y6285C30W13XCB7";"";"89.00"
"2026-08-31";"DC_MSPI-Owned";"MRK-MSPI-Owned";"661-22294";"Battery, iPhone 13 Pro Max";"1";"F8Y6285C30413XCBZ";"";"89.00"
"2026-08-31";"DC_MSPI-Owned";"MRK-MSPI-Owned";"661-21991";"Battery, iPhone 13";"1";"F8Y6302CA4918FKB3";"";"89.00"
"2026-08-31";"DC_MSPI-Owned";"MAG-MSPI-Owned";"661-21991";"Battery, iPhone 13";"1";"F8Y6305C7M818FKBM";"";"89.00"
"2026-08-31";"DC_MSPI-Owned";"MAG-MSPI-Owned";"661-21991";"Battery, iPhone 13";"1";"F8Y6305C84N18FKBP";"";"89.00"
"2026-08-31";"DC_MSPI-Owned";"MAG-MSPI-Owned";"661-30397";"Battery, iPhone 14 Pro Max";"1";"F8Y6273CB8E20J9B4";"";"99.00"
"2026-08-31";"DC_MSPI-Owned";"MAG-MSPI-Owned";"661-35694";"Battery, iPhone 15 Pro";"1";"F8YHV1D00SZ00006TP";"";"None"
"2026-08-31";"DC_MSPI-Owned";"MAG-MSPI-Owned";"661-21991";"Battery, iPhone 13";"1";"F8Y6302C83M18FKBW";"";"89.00"
"2026-08-31";"DC_MSPI-Owned";"MAG-MSPI-Owned";"661-21991";"Battery, iPhone 13";"1";"F8Y6302C1VK18FKBV";"";"89.00"
"2026-08-31";"DC_MSPI-Owned";"MAG-MSPI-Owned";"661-21991";"Battery, iPhone 13";"1";"F8Y6303C87918FKBV";"";"89.00"
"2026-08-31";"DC_MSPI-Owned";"MAG-MSPI-Owned";"661-21991";"Battery, iPhone 13";"1";"F8Y6303C4ZN18FKBA";"";"89.00"
"2026-08-31";"DC_MSPI-Owned";"MAG-MSPI-Owned";"661-21991";"Battery, iPhone 13";"1";"F8Y6304C89C18FKBK";"";"89.00"
"2026-08-31";"DC_MSPI-Owned";"MAG-MSPI-Owned";"661-21991";"Battery, iPhone 13";"1";"F8Y6304C2ME18FKBM";"";"89.00"
"2026-09-03";"DC_MSPI-Owned";"NPM-MSPI-Owned";"661-21991";"Battery, iPhone 13";"1";"F8Y6304C9QX18FKBN";"";"89.00"
"2026-09-03";"DC_MSPI-Owned";"NPM-MSPI-Owned";"661-21991";"Battery, iPhone 13";"1";"F8Y6304CA3418FKB9";"";"89.00"
"2026-09-03";"DC_MSPI-Owned";"NPM-MSPI-Owned";"661-21991";"Battery, iPhone 13";"1";"F8Y6304C1UC18FKB3";"";"89.00"
"2026-09-03";"DC_MSPI-Owned";"NPM-MSPI-Owned";"661-21991";"Battery, iPhone 13";"1";"F8Y6303C1JJ18FKBU";"";"89.00"
"2026-09-03";"DC_MSPI-Owned";"NPM-MSPI-Owned";"661-21996";"Battery, iPhone 13 Pro";"1";"F8Y6222C31513RHCS";"";"89.00"
"2026-09-03";"DC_MSPI-Owned";"NPM-MSPI-Owned";"661-22294";"Battery, iPhone 13 Pro Max";"1";"F8Y6285C30713XCBW";"";"89.00"
"2026-09-03";"DC_MSPI-Owned";"NPM-MSPI-Owned";"661-22294";"Battery, iPhone 13 Pro Max";"1";"F8Y6285C1BC13XCBU";"";"89.00"
"2026-09-03";"DC_MSPI-Owned";"NPM-MSPI-Owned";"661-30382";"Battery, iPhone 14 Pro";"1";"F8Y6272C93W217WBH";"";"99.00"
"2026-09-03";"DC_MSPI-Owned";"NPM-MSPI-Owned";"661-30397";"Battery, iPhone 14 Pro Max";"1";"F8Y6273CBKW20J9BP";"";"99.00"
"2026-09-03";"DC_MSPI-Owned";"NPM-MSPI-Owned";"661-44797";"Display, iPhone 16";"1";"G9NHTR20DH700004Y7";"";"279.00"
"2026-09-03";"DC_MSPI-Owned";"NPM-MSPI-Owned";"661-44955";"Display, iPhone 16 Pro Max";"1";"G9PHJBK0KU500005DR";"";"379.00"
"2026-09-03";"DC_MSPI-Owned";"NPM-MSPI-Owned";"661-56050";"Display, iPhone 17 Pro Max";"1";"G9PHVGV3W4J0000MUY";"";"379.00"
"2026-09-03";"DC_MSPI-Owned";"NPM-MSPI-Owned";"661-56050";"Display, iPhone 17 Pro Max";"1";"G9PHVAG639X0000MUY";"";"379.00"
"2026-09-03";"DC_MSPI-Owned";"NPM-MSPI-Owned";"661-56050";"Display, iPhone 17 Pro Max";"1";"G9PHVJE3TLE0000MUY";"";"379.00"
"2026-09-03";"DC_MSPI-Owned";"NPM-MSPI-Owned";"661-56065";"Display, iPhone 17";"1";"GVCHU60229J0000U6M";"";"329.00"
"2026-09-03";"DC_MSPI-Owned";"NPM-MSPI-Owned";"661-36915";"Display, iPhone 15 Pro Max";"1";"G9P5394Q9L71PHRAD";"";"379.00"
"2026-09-03";"DC_MSPI-Owned";"LAU-MSPI-Owned";"661-30401";"Display, iPhone 14 Pro Max";"1";"G9P5433NLBB14YDA1";"";"379.00"
"2026-09-03";"DC_MSPI-Owned";"LAU-MSPI-Owned";"661-56050";"Display, iPhone 17 Pro Max";"1";"G9PHVJX1SA60000MUY";"";"379.00"
"2026-09-03";"DC_MSPI-Owned";"LAU-MSPI-Owned";"661-21991";"Battery, iPhone 13";"1";"F8Y6304C9R618FKBA";"";"89.00"
"2026-09-04";"DC_MSPI-Owned";"NAG-MSPI-Owned";"661-56050";"Display, iPhone 17 Pro Max";"1";"G9PHVEX3ALK0000MUY";"";"379.00"
"2026-09-08";"DC_MSPI-Owned";"ZAM-MSPI-Owned";"661-22374";"Battery, iPhone 13 mini";"1";"F8Y6301C20B14LWCX";"";"89.00"
"2026-09-08";"DC_MSPI-Owned";"ZAM-MSPI-Owned";"661-22374";"Battery, iPhone 13 mini";"1";"F8Y6301CD6C14LWC1";"";"89.00"
"2026-09-08";"DC_MSPI-Owned";"ZAM-MSPI-Owned";"661-36706";"Display, iPhone 15";"1";"G9Q6081U94N21KHAS";"";"279.00"
"2026-09-04";"DC_MSPI-Owned";"LIM_MSPI-Owned";"661-30401";"Display, iPhone 14 Pro Max";"1";"G9P5442NAFK14YDAP";"";"379.00"
"2026-09-04";"DC_MSPI-Owned";"LIM_MSPI-Owned";"661-42843";"Display, iPhone 16 Plus";"1";"G9QHRXT0KDK00004Y9";"";"329.00"
"2026-09-04";"DC_MSPI-Owned";"LIM_MSPI-Owned";"661-21991";"Battery, iPhone 13";"1";"F8Y6302CA2K18FKBZ";"";"89.00"
"2026-09-04";"DC_MSPI-Owned";"LIM_MSPI-Owned";"661-21991";"Battery, iPhone 13";"1";"F8Y6305C86Z18FKB6";"";"89.00"
"2026-09-04";"DC_MSPI-Owned";"LIM_MSPI-Owned";"661-22294";"Battery, iPhone 13 Pro Max";"1";"F8Y6285C2ZM13XCBL";"";"89.00"
"2026-09-04";"DC_MSPI-Owned";"LIM_MSPI-Owned";"661-30397";"Battery, iPhone 14 Pro Max";"1";"F8Y6273CCL320J9BC";"";"99.00"
"2026-09-04";"DC_MSPI-Owned";"LIM_MSPI-Owned";"661-35694";"Battery, iPhone 15 Pro";"1";"F8YHV0D052W00006TP";"";"99.00"
"2026-09-04";"DC_MSPI-Owned";"LIM_MSPI-Owned";"661-36918";"Battery, iPhone 15 Pro Max";"1";"FG9HTK002E100006TT";"";"99.00"
"2026-09-05";"DC_MSPI-Owned";"ILO-MSPI-Owned";"661-21988";"Display, iPhone 13";"1";"GVH54811CT7PR5PAD";"";"279.00"
"2026-09-05";"DC_MSPI-Owned";"ILO-MSPI-Owned";"661-21988";"Display, iPhone 13";"1";"G9P5524C0FWPR5QA4";"";"279.00"
"2026-09-05";"DC_MSPI-Owned";"CEB-MSPI-Owned";"661-21988";"Display, iPhone 13";"1";"GVH54810YM8PR5PAD";"";"279.00"
"2026-09-05";"DC_MSPI-Owned";"CEB-MSPI-Owned";"661-42726";"Display, iPhone 16 Pro";"1";"G9PHRWT116R00005DP";"";"329.00"
"2026-09-05";"DC_MSPI-Owned";"CEB-MSPI-Owned";"661-56065";"Display, iPhone 17";"1";"GVCHU7014TG0000U6M";"";"329.00"
"2026-09-05";"DC_MSPI-Owned";"CEB-MSPI-Owned";"661-56050";"Display, iPhone 17 Pro Max";"1";"G9PHVHE6F2G0000MUY";"";"379.00"
"2026-09-05";"DC_MSPI-Owned";"CEB-MSPI-Owned";"661-21991";"Battery, iPhone 13";"1";"F8Y6304C9QV18FKBQ";"";"89.00"
"2026-09-05";"DC_MSPI-Owned";"CEB-MSPI-Owned";"661-22294";"Battery, iPhone 13 Pro Max";"1";"F8Y6285C30S13XCBB";"";"89.00"
"2026-09-04";"DC_MSPI-Owned";"CDO-MSPI-Owned";"661-21988";"Display, iPhone 13";"1";"GVH54810YMYPR5PAP";"";"279.00"
"2026-09-04";"DC_MSPI-Owned";"CDO-MSPI-Owned";"661-56050";"Display, iPhone 17 Pro Max";"1";"G9PHVJV2C0H0000MUY";"";"379.00"
"2026-09-04";"DC_MSPI-Owned";"CDO-MSPI-Owned";"661-56125";"Display, iPhone 17 Pro";"1";"G9PHU1U1P3P0000L4B";"";"329.00"
"2026-09-04";"DC_MSPI-Owned";"ABR-MSPI-Owned";"661-56125";"Display, iPhone 17 Pro";"1";"G9QHUQK4CQD0000L4B";"";"329.00"
"2026-09-04";"DC_MSPI-Owned";"ABR-MSPI-Owned";"661-56050";"Display, iPhone 17 Pro Max";"1";"G9PHVJX57M70000MUY";"";"379.00"
"2026-09-04";"DC_MSPI-Owned";"ABR-MSPI-Owned";"661-56050";"Display, iPhone 17 Pro Max";"1";"G9PHVJV0EC30000MUY";"";"379.00"
"2026-09-04";"DC_MSPI-Owned";"ABR-MSPI-Owned";"661-55240";"Display, iPhone Air";"1";"G9QHLKK09KS0000HU8";"";"329.00"
"2026-09-04";"DC_MSPI-Owned";"ABR-MSPI-Owned";"661-36915";"Display, iPhone 15 Pro Max";"1";"G9P5394Q58D1PHRAD";"";"379.00"
"2026-09-04";"DC_MSPI-Owned";"ABR-MSPI-Owned";"661-42726";"Display, iPhone 16 Pro";"1";"G9PHRUT0BAT00005DP";"";"329.00"
"2026-09-04";"DC_MSPI-Owned";"ABR-MSPI-Owned";"661-44955";"Display, iPhone 16 Pro Max";"1";"G9PHPZT0UQD00005DR";"";"379.00"
"2026-09-04";"DC_MSPI-Owned";"ABR-MSPI-Owned";"661-35694";"Battery, iPhone 15 Pro";"1";"F8YHV0D023S00006TP";"";"99.00"
"2026-08-30";"MEG-MSPI-Owned";"POD_MSPI-Owned";"661-21991";"Battery, iPhone 13";"1";"F8Y6283C3Y918FKB4";"";"0.00"
"2026-08-30";"MEG-MSPI-Owned";"POD_MSPI-Owned";"661-21991";"Battery, iPhone 13";"1";"F8Y6272C8BS18FKBF";"";"0.00"
"2026-08-30";"MEG-MSPI-Owned";"POD_MSPI-Owned";"661-21991";"Battery, iPhone 13";"1";"F8Y6276C2KE18FKB5";"";"89.00"
"2026-08-30";"ANX-MSPI-Owned";"MAG-MSPI-Owned";"661-21991";"Battery, iPhone 13";"1";"F8Y6272C90S18FKBD";"";"89.00"
"2026-08-31";"MEG-MSPI-Owned";"POD_MSPI-Owned";"661-21991";"Battery, iPhone 13";"1";"F8Y6282C64518FKBN";"";"89.00"
"2026-08-31";"MEG-MSPI-Owned";"MEG-Repair";"661-21991";"Battery, iPhone 13";"1";"F8Y6282C3SC18FKBL";"";"89.00"
"2026-09-02";"MEG-Repair";"MEG-MSPI-Owned";"661-21991";"Battery, iPhone 13";"1";"F8Y6304C1U618FKB9";"";"0.00"
"2026-09-02";"MEG-Repair";"MEG-MSPI-Owned";"661-21991";"Battery, iPhone 13";"1";"F8Y6273C4M018FKBE";"";"0.00"
"2026-09-03";"PPM-Repair";"PPM-MSPI-Owned";"661-56050";"Display, iPhone 17 Pro Max";"1";"G9PHVHE0F0D0000MUY";"";"0.00"
"2026-09-03";"POD_MSPI-Owned";"MAG-MSPI-Owned";"661-14098";"Display, iPhone 11";"1";"DKH5326F0V604FPAH";"";"199.00"
"2026-09-03";"DC_MSPI-Owned";"NES_MSPI-Owned";"661-44797";"Display, iPhone 16";"1";"G9QHTUY0CY200004Y7";"";"279.00"
"2026-09-03";"DC_MSPI-Owned";"NES_MSPI-Owned";"661-21988";"Display, iPhone 13";"1";"GVH54810T98PR5PAL";"";"279.00"
"2026-09-03";"DC_MSPI-Owned";"NES_MSPI-Owned";"661-44955";"Display, iPhone 16 Pro Max";"1";"G9PHNTT172200005DR";"";"379.00"
"2026-09-03";"DC_MSPI-Owned";"NES_MSPI-Owned";"661-56065";"Display, iPhone 17";"1";"JLNHTY009DC0000U6M";"";"329.00"
"2026-09-06";"GL5_MSPI-Owned";"MAG-MSPI-Owned";"661-29370";"Display, iPhone 14 Pro";"1";"G9P4345P4DD14YCA6";"";"329.00"
"2026-09-08";"ANX-MSPI-Owned";"MAG-MSPI-Owned";"661-30382";"Battery, iPhone 14 Pro";"1";"F8Y6247C21V217WB1";"";"99.00"
"2026-09-09";"ILO-MSPI-Owned";"APPILO_MSPI-Owned";"661-22294";"Battery, iPhone 13 Pro Max";"1";"F8Y6254C1R513XCB3";"";"89.00"
"2026-09-10";"MAG-MSPI-Owned";"FES-MSPI-Owned";"661-35694";"Battery, iPhone 15 Pro";"1";"F8YHV1D00SZ00006TP";"";"99.00"
"2026-09-11";"DC_MSPI-Owned";"BHS_MSPI-Owned";"661-30373";"Battery, iPhone 14";"1";"F8Y6303C7YB231LBW";"";"99.00"
"2026-09-11";"DC_MSPI-Owned";"BHS_MSPI-Owned";"661-56050";"Display, iPhone 17 Pro Max";"1";"G9PHVBF11760000MUY";"";"379.00"
"2026-09-11";"DC_MSPI-Owned";"BHS_MSPI-Owned";"661-30397";"Battery, iPhone 14 Pro Max";"1";"F8Y6274C0GB20J9BT";"";"99.00"
"2026-09-11";"DC_MSPI-Owned";"BHS_MSPI-Owned";"661-35694";"Battery, iPhone 15 Pro";"1";"F8YHV3D05BL00006TP";"";"99.00"
"2026-09-11";"DC_MSPI-Owned";"BHS_MSPI-Owned";"661-21991";"Battery, iPhone 13";"1";"F8Y6305C57F18FKBQ";"";"89.00"
"2026-09-11";"DC_MSPI-Owned";"BHS_MSPI-Owned";"661-21996";"Battery, iPhone 13 Pro";"1";"F8Y6283C2RM13RHCN";"";"89.00"
"2026-09-11";"DC_MSPI-Owned";"GB3-MSPI-Owned";"661-21991";"Battery, iPhone 13";"1";"F8Y6305CCU018FKB3";"";"89.00"
"2026-09-11";"DC_MSPI-Owned";"GB3-MSPI-Owned";"661-21991";"Battery, iPhone 13";"1";"F8Y6304C4D818FKBF";"";"89.00"
"2026-09-11";"DC_MSPI-Owned";"GB3-MSPI-Owned";"661-21991";"Battery, iPhone 13";"1";"F8Y6302CA4B18FKB1";"";"89.00"
"2026-09-11";"DC_MSPI-Owned";"GB3-MSPI-Owned";"661-21991";"Battery, iPhone 13";"1";"F8Y6304C8ST18FKBM";"";"89.00"
"2026-09-11";"DC_MSPI-Owned";"GB3-MSPI-Owned";"661-56065";"Display, iPhone 17";"1";"GVCHTY02GT60000U6M";"";"329.00"
"2026-09-11";"DC_MSPI-Owned";"GB3-MSPI-Owned";"661-56125";"Display, iPhone 17 Pro";"1";"G9QHUXN0S2V0000L4B";"";"329.00"
"2026-09-11";"DC_MSPI-Owned";"GB3-MSPI-Owned";"661-56050";"Display, iPhone 17 Pro Max";"1";"G9PHVLV49840000MUY";"";"379.00"
"2026-09-11";"DC_MSPI-Owned";"GB3-MSPI-Owned";"661-35699";"Display, iPhone 15 Pro";"1";"G9P5456QPA21PHPAB";"";"329.00"
"2026-09-11";"DC_MSPI-Owned";"GB3-MSPI-Owned";"661-36918";"Battery, iPhone 15 Pro Max";"1";"FG9HVG001YP00006TT";"";"99.00"
"2026-09-11";"DC_MSPI-Owned";"GB3-MSPI-Owned";"661-21991";"Battery, iPhone 13";"1";"F8Y6283C2S418FKBU";"";"89.00"
"2026-09-11";"DC_MSPI-Owned";"GB3-MSPI-Owned";"661-22294";"Battery, iPhone 13 Pro Max";"1";"F8Y6305C27D13XCBT";"";"89.00"
"2026-09-11";"DC_MSPI-Owned";"GB3-MSPI-Owned";"661-30382";"Battery, iPhone 14 Pro";"1";"F8Y6287CDU9217WBK";"";"99.00"
"2026-09-11";"DC_MSPI-Owned";"GB3-MSPI-Owned";"661-21991";"Battery, iPhone 13";"1";"F8Y6303C1EA18FKBE";"";"89.00"
"2026-09-11";"DC_MSPI-Owned";"GB3-MSPI-Owned";"661-35694";"Battery, iPhone 15 Pro";"1";"F8YHV3D0ELR00006TP";"";"99.00"
"2026-09-11";"DC_MSPI-Owned";"GB3-MSPI-Owned";"661-35694";"Battery, iPhone 15 Pro";"1";"F8YHV3D0ERP00006TP";"";"99.00"
"2026-09-11";"DC_MSPI-Owned";"GB3-MSPI-Owned";"661-30397";"Battery, iPhone 14 Pro Max";"1";"F8Y6277CCGC20J9BB";"";"99.00"
"2026-09-11";"DC_MSPI-Owned";"GB3-MSPI-Owned";"661-30397";"Battery, iPhone 14 Pro Max";"1";"F8Y6277CJWM20J9BN";"";"99.00"
"2026-09-11";"DC_MSPI-Owned";"GB3-MSPI-Owned";"661-35885";"Battery, iPhone 15";"1";"F8YHV3C08F800006TW";"";"99.00"
"2026-09-11";"DC_MSPI-Owned";"GB3-MSPI-Owned";"661-21991";"Battery, iPhone 13";"1";"F8Y6305C4GS18FKBM";"";"89.00"
"2026-09-11";"DC_MSPI-Owned";"PPM-MSPI-Owned";"661-56050";"Display, iPhone 17 Pro Max";"1";"G9PHVNE1BQM0000MUY";"";"379.00"
"2026-09-11";"DC_MSPI-Owned";"PPM-MSPI-Owned";"661-36915";"Display, iPhone 15 Pro Max";"1";"G9P5393QC2H1PHRAM";"";"379.00"
"2026-09-11";"DC_MSPI-Owned";"PPM-MSPI-Owned";"661-30401";"Display, iPhone 14 Pro Max";"1";"G9N2445LH4B14YDA2";"";"379.00"
"2026-09-11";"DC_MSPI-Owned";"PPM-MSPI-Owned";"661-30397";"Battery, iPhone 14 Pro Max";"1";"F8Y6277CJTR20J9BT";"";"99.00"
"2026-09-11";"DC_MSPI-Owned";"PPM-MSPI-Owned";"661-36918";"Battery, iPhone 15 Pro Max";"1";"FG9HVG001YT00006TT";"";"99.00"
"2026-09-11";"DC_MSPI-Owned";"PPM-MSPI-Owned";"661-21991";"Battery, iPhone 13";"1";"F8Y6304C21L18FKB7";"";"89.00"
"2026-09-11";"DC_MSPI-Owned";"PPM-MSPI-Owned";"661-21991";"Battery, iPhone 13";"1";"F8Y6303C1EH18FKB7";"";"89.00"
"2026-09-11";"DC_MSPI-Owned";"PPM-MSPI-Owned";"661-21991";"Battery, iPhone 13";"1";"F8Y6305C5NR18FKB3";"";"89.00"
"2026-09-11";"DC_MSPI-Owned";"GL5_MSPI-Owned";"661-35885";"Battery, iPhone 15";"1";"F8YHV3C00N900006TW";"";"99.00"
"2026-09-11";"DC_MSPI-Owned";"GL5_MSPI-Owned";"661-30373";"Battery, iPhone 14";"1";"F8Y6304C1G3231LBP";"";"99.00"
"2026-09-11";"DC_MSPI-Owned";"GL5_MSPI-Owned";"661-35694";"Battery, iPhone 15 Pro";"1";"F8YHV3D05BW00006TP";"";"99.00"
"2026-09-11";"DC_MSPI-Owned";"GL5_MSPI-Owned";"661-35694";"Battery, iPhone 15 Pro";"1";"F8YHV2D05CG00006TP";"";"99.00"
"2026-09-11";"DC_MSPI-Owned";"GL5_MSPI-Owned";"661-35694";"Battery, iPhone 15 Pro";"1";"F8YHV2D06HW00006TP";"";"99.00"
"2026-09-11";"DC_MSPI-Owned";"GL5_MSPI-Owned";"661-35694";"Battery, iPhone 15 Pro";"1";"F8YHV2D05CF00006TP";"";"99.00"
"2026-09-11";"DC_MSPI-Owned";"GL5_MSPI-Owned";"661-36918";"Battery, iPhone 15 Pro Max";"1";"FG9HVG000UU00006TT";"";"99.00"
"2026-09-11";"DC_MSPI-Owned";"GL5_MSPI-Owned";"661-36918";"Battery, iPhone 15 Pro Max";"1";"FG9HVG000TP00006TT";"";"99.00"
"2026-09-11";"DC_MSPI-Owned";"GL5_MSPI-Owned";"661-30397";"Battery, iPhone 14 Pro Max";"1";"F8Y6277CCG420J9BK";"";"99.00"
"2026-09-11";"DC_MSPI-Owned";"GL5_MSPI-Owned";"661-30397";"Battery, iPhone 14 Pro Max";"1";"F8Y6277C60V20J9BE";"";"99.00"
"2026-09-11";"DC_MSPI-Owned";"GL5_MSPI-Owned";"661-30397";"Battery, iPhone 14 Pro Max";"1";"F8Y6277C61L20J9BL";"";"99.00"
"2026-09-11";"DC_MSPI-Owned";"GL5_MSPI-Owned";"661-35885";"Battery, iPhone 15";"1";"F8YHV3C001100006TW";"";"99.00"
"2026-09-11";"DC_MSPI-Owned";"GL5_MSPI-Owned";"661-30382";"Battery, iPhone 14 Pro";"1";"F8Y6287CP8T217WBH";"";"99.00"
"2026-09-11";"DC_MSPI-Owned";"GL5_MSPI-Owned";"661-30382";"Battery, iPhone 14 Pro";"1";"F8Y6287C5E3217WB7";"";"99.00"
"2026-09-11";"DC_MSPI-Owned";"GL5_MSPI-Owned";"661-30382";"Battery, iPhone 14 Pro";"1";"F8Y6287C149217WB1";"";"99.00"
"2026-09-11";"DC_MSPI-Owned";"GL5_MSPI-Owned";"661-30382";"Battery, iPhone 14 Pro";"1";"F8Y6271C4HT217WBJ";"";"99.00"
"2026-09-11";"DC_MSPI-Owned";"GL5_MSPI-Owned";"661-56065";"Display, iPhone 17";"1";"GVCHTW02F1J0000U6M";"";"329.00"
"2026-09-11";"DC_MSPI-Owned";"GL5_MSPI-Owned";"661-56125";"Display, iPhone 17 Pro";"1";"G9PHUXU4FZM0000L4B";"";"329.00"
"2026-09-11";"DC_MSPI-Owned";"GL5_MSPI-Owned";"661-21991";"Battery, iPhone 13";"1";"F8Y6305C86J18FKBM";"";"89.00"
"2026-09-11";"DC_MSPI-Owned";"GL5_MSPI-Owned";"661-21991";"Battery, iPhone 13";"1";"F8Y6304C4B418FKBR";"";"89.00"
"2026-09-11";"DC_MSPI-Owned";"GL5_MSPI-Owned";"661-21991";"Battery, iPhone 13";"1";"F8Y6302C86D18FKBV";"";"89.00"
"2026-09-11";"DC_MSPI-Owned";"GL5_MSPI-Owned";"661-21991";"Battery, iPhone 13";"1";"F8Y6305C87418FKBY";"";"89.00"
"2026-09-11";"DC_MSPI-Owned";"GL5_MSPI-Owned";"661-21991";"Battery, iPhone 13";"1";"F8Y6305C86X18FKB8";"";"89.00"
"2026-09-11";"DC_MSPI-Owned";"GL5_MSPI-Owned";"661-21991";"Battery, iPhone 13";"1";"F8Y6305C87E18FKBN";"";"89.00"
"2026-09-11";"DC_MSPI-Owned";"GL5_MSPI-Owned";"661-21991";"Battery, iPhone 13";"1";"F8Y6305C87L18FKBG";"";"89.00"
"2026-09-11";"DC_MSPI-Owned";"GL5_MSPI-Owned";"661-21991";"Battery, iPhone 13";"1";"F8Y6305C86W18FKB9";"";"89.00"
"2026-09-11";"DC_MSPI-Owned";"GL5_MSPI-Owned";"661-21991";"Battery, iPhone 13";"1";"F8Y6313CF8E18FKBB";"";"89.00"
"2026-09-11";"DC_MSPI-Owned";"GL5_MSPI-Owned";"661-21991";"Battery, iPhone 13";"1";"F8Y6313CF6518FKBS";"";"89.00"
"2026-09-11";"DC_MSPI-Owned";"GL5_MSPI-Owned";"661-21991";"Battery, iPhone 13";"1";"F8Y6313CF7V18FKBZ";"";"89.00"
"2026-09-11";"DC_MSPI-Owned";"GL5_MSPI-Owned";"661-21991";"Battery, iPhone 13";"1";"F8Y6315CJFJ18FKBF";"";"89.00"
"2026-09-11";"DC_MSPI-Owned";"GL5_MSPI-Owned";"661-21991";"Battery, iPhone 13";"1";"F8Y6315CAW018FKBW";"";"89.00"
"2026-09-11";"DC_MSPI-Owned";"GL5_MSPI-Owned";"661-21991";"Battery, iPhone 13";"1";"F8Y6313CF8218FKBP";"";"89.00"
"2026-09-11";"DC_MSPI-Owned";"GL5_MSPI-Owned";"661-37207";"Battery, iPhone 15 Plus";"1";"F8YHW4D02HE00006U0";"";"99.00"
"2026-09-11";"DC_MSPI-Owned";"GL5_MSPI-Owned";"661-21996";"Battery, iPhone 13 Pro";"1";"F8Y6284C1CV13RHCK";"";"89.00"
"2026-09-11";"DC_MSPI-Owned";"GL5_MSPI-Owned";"661-22294";"Battery, iPhone 13 Pro Max";"1";"F8Y6305C27Q13XCBG";"";"89.00"
"2026-09-11";"DC_MSPI-Owned";"GL5_MSPI-Owned";"661-22294";"Battery, iPhone 13 Pro Max";"1";"F8Y6305C26R13XCBJ";"";"89.00"
"2026-09-11";"DC_MSPI-Owned";"GL5_MSPI-Owned";"661-21996";"Battery, iPhone 13 Pro";"1";"F8Y6284C4PS13RHCL";"";"89.00"
"2026-09-11";"DC_MSPI-Owned";"GL5_MSPI-Owned";"661-56050";"Display, iPhone 17 Pro Max";"1";"G9PHVPX4TE10000MUY";"";"379.00"
"2026-09-11";"DC_MSPI-Owned";"GL5_MSPI-Owned";"661-30401";"Display, iPhone 14 Pro Max";"1";"G9N2473Z49N14YDAB";"";"379.00"
"2026-09-11";"DC_MSPI-Owned";"GL5_MSPI-Owned";"661-36915";"Display, iPhone 15 Pro Max";"1";"G9P5394QP8N1PHRAL";"";"379.00"
"2026-09-11";"DC_MSPI-Owned";"GL5_MSPI-Owned";"661-36706";"Display, iPhone 15";"1";"G9Q6195WFEV21KHA3";"";"279.00"
"2026-09-11";"DC_MSPI-Owned";"GL5_MSPI-Owned";"661-56050";"Display, iPhone 17 Pro Max";"1";"G9PHVNV68AM0000MUY";"";"379.00"
"2026-09-11";"DC_MSPI-Owned";"GL5_MSPI-Owned";"661-56050";"Display, iPhone 17 Pro Max";"1";"G9PHVLV2GHA0000MUY";"";"379.00"
"2026-09-11";"DC_MSPI-Owned";"MOA-MSPI-Owned";"661-21991";"Battery, iPhone 13";"1";"F8Y6304C99S18FKB4";"";"89.00"
"2026-09-11";"DC_MSPI-Owned";"MOA-MSPI-Owned";"661-21991";"Battery, iPhone 13";"1";"F8Y6305C7KA18FKBR";"";"89.00"
"2026-09-11";"DC_MSPI-Owned";"MOA-MSPI-Owned";"661-21991";"Battery, iPhone 13";"1";"F8Y6302CA2W18FKBN";"";"89.00"
"2026-09-11";"DC_MSPI-Owned";"MOA-MSPI-Owned";"661-21991";"Battery, iPhone 13";"1";"F8Y6305C8R318FKBD";"";"89.00"
"2026-09-11";"DC_MSPI-Owned";"MOA-MSPI-Owned";"661-21991";"Battery, iPhone 13";"1";"F8Y6303C1JE18FKBY";"";"89.00"
"2026-09-11";"DC_MSPI-Owned";"MOA-MSPI-Owned";"661-21991";"Battery, iPhone 13";"1";"F8Y6302CAWJ18FKBJ";"";"89.00"
"2026-09-11";"DC_MSPI-Owned";"MOA-MSPI-Owned";"661-21991";"Battery, iPhone 13";"1";"F8Y6305C84E18FKBX";"";"89.00"
"2026-09-11";"DC_MSPI-Owned";"MOA-MSPI-Owned";"661-21991";"Battery, iPhone 13";"1";"F8Y6303C1J918FKB3";"";"89.00"
"2026-09-11";"DC_MSPI-Owned";"MOA-MSPI-Owned";"661-30397";"Battery, iPhone 14 Pro Max";"1";"F8Y6277C1D420J9B5";"";"99.00"
"2026-09-11";"DC_MSPI-Owned";"MOA-MSPI-Owned";"661-22294";"Battery, iPhone 13 Pro Max";"1";"F8Y6305C26N13XCBM";"";"89.00"
"2026-09-11";"DC_MSPI-Owned";"MOA-MSPI-Owned";"661-56050";"Display, iPhone 17 Pro Max";"1";"G9PHVKE2LHG0000MUY";"";"379.00"
"2026-09-11";"DC_MSPI-Owned";"MOA-MSPI-Owned";"661-56125";"Display, iPhone 17 Pro";"1";"G9PHV0U11JQ0000L4B";"";"329.00"
"2026-09-11";"DC_MSPI-Owned";"MOA-MSPI-Owned";"661-21988";"Display, iPhone 13";"1";"G9P5486C4AGPR5QAA";"";"279.00"
"2026-09-11";"DC_MSPI-Owned";"MOA-MSPI-Owned";"661-56064";"Battery, iPhone 17";"1";"F8YHVA0031N0001510";"";"99.00"
"2026-09-11";"DC_MSPI-Owned";"SMS_MSPI-Owned";"661-21991";"Battery, iPhone 13";"1";"F8Y6314C3CJ18FKB6";"";"89.00"
"2026-09-11";"DC_MSPI-Owned";"SMS_MSPI-Owned";"661-21991";"Battery, iPhone 13";"1";"F8Y6313CEJD18FKBH";"";"89.00"
"2026-09-11";"DC_MSPI-Owned";"SMS_MSPI-Owned";"661-21991";"Battery, iPhone 13";"1";"F8Y6313CEJP18FKB7";"";"89.00"
"2026-09-11";"DC_MSPI-Owned";"SMS_MSPI-Owned";"661-21991";"Battery, iPhone 13";"1";"F8Y6313CF6G18FKBF";"";"89.00"
"2026-09-11";"DC_MSPI-Owned";"SMS_MSPI-Owned";"661-21991";"Battery, iPhone 13";"1";"F8Y6313CF7T18FKB1";"";"89.00"
"2026-09-11";"DC_MSPI-Owned";"SMS_MSPI-Owned";"661-21991";"Battery, iPhone 13";"1";"F8Y6315CF2318FKB4";"";"89.00"
"2026-09-11";"DC_MSPI-Owned";"SMS_MSPI-Owned";"661-21991";"Battery, iPhone 13";"1";"F8Y6313CGPQ18FKBP";"";"89.00"
"2026-09-11";"DC_MSPI-Owned";"SMS_MSPI-Owned";"661-21991";"Battery, iPhone 13";"1";"F8Y6313CKW218FKBM";"";"89.00"
"2026-09-11";"DC_MSPI-Owned";"SMS_MSPI-Owned";"661-21991";"Battery, iPhone 13";"1";"F8Y6313CEWN18FKB6";"";"89.00"
"2026-09-11";"DC_MSPI-Owned";"SMS_MSPI-Owned";"661-21991";"Battery, iPhone 13";"1";"F8Y6313CEWX18FKBX";"";"89.00"
"2026-09-11";"DC_MSPI-Owned";"SMS_MSPI-Owned";"661-21991";"Battery, iPhone 13";"1";"F8Y6315CAW518FKBR";"";"89.00"
"2026-09-11";"DC_MSPI-Owned";"SMS_MSPI-Owned";"661-21991";"Battery, iPhone 13";"1";"F8Y6315CAV318FKBW";"";"89.00"
"2026-09-11";"DC_MSPI-Owned";"SMS_MSPI-Owned";"661-21991";"Battery, iPhone 13";"1";"F8Y6313CEJA18FKBL";"";"89.00"
"2026-09-11";"DC_MSPI-Owned";"SMS_MSPI-Owned";"661-21991";"Battery, iPhone 13";"1";"F8Y6314CKL918FKB9";"";"89.00"
"2026-09-11";"DC_MSPI-Owned";"SMS_MSPI-Owned";"661-21991";"Battery, iPhone 13";"1";"F8Y6313CF8118FKBQ";"";"89.00"
"2026-09-11";"DC_MSPI-Owned";"SMS_MSPI-Owned";"661-21991";"Battery, iPhone 13";"1";"F8Y6314CKKW18FKBR";"";"89.00"
"2026-09-11";"DC_MSPI-Owned";"SMS_MSPI-Owned";"661-30394";"Battery, iPhone 14 Plus";"1";"F8Y6296C1KW237KBA";"";"99.00"
"2026-09-11";"DC_MSPI-Owned";"SMS_MSPI-Owned";"661-30382";"Battery, iPhone 14 Pro";"1";"F8Y6247C7ZX217WB0";"";"99.00"
"2026-09-11";"DC_MSPI-Owned";"SMS_MSPI-Owned";"661-30397";"Battery, iPhone 14 Pro Max";"1";"F8Y6277C61Z20J9B7";"";"99.00"
"2026-09-11";"DC_MSPI-Owned";"SMS_MSPI-Owned";"661-30382";"Battery, iPhone 14 Pro";"1";"F8Y6287C144217WB6";"";"99.00"
"2026-09-11";"DC_MSPI-Owned";"SMS_MSPI-Owned";"661-21991";"Battery, iPhone 13";"1";"F8Y6315CF2118FKB6";"";"89.00"
"2026-09-11";"DC_MSPI-Owned";"SMS_MSPI-Owned";"661-35694";"Battery, iPhone 15 Pro";"1";"F8YHV2D060700006TP";"";"99.00"
"2026-09-11";"DC_MSPI-Owned";"SMS_MSPI-Owned";"661-30397";"Battery, iPhone 14 Pro Max";"1";"F8Y6273CB0W20J9BC";"";"99.00"
"2026-09-11";"DC_MSPI-Owned";"SMS_MSPI-Owned";"661-35694";"Battery, iPhone 15 Pro";"1";"F8YHV3D0EVN00006TP";"";"99.00"
"2026-09-11";"DC_MSPI-Owned";"SMS_MSPI-Owned";"661-21991";"Battery, iPhone 13";"1";"F8Y6282C59W18FKBH";"";"89.00"
"2026-09-11";"DC_MSPI-Owned";"SMS_MSPI-Owned";"661-21991";"Battery, iPhone 13";"1";"F8Y6313CF6Q18FKB7";"";"89.00"
"2026-09-11";"DC_MSPI-Owned";"SMS_MSPI-Owned";"661-22294";"Battery, iPhone 13 Pro Max";"1";"F8Y6305C0M213XCBY";"";"89.00"
"2026-09-11";"DC_MSPI-Owned";"SMS_MSPI-Owned";"661-22294";"Battery, iPhone 13 Pro Max";"1";"F8Y6305C20U13XCBZ";"";"89.00"
"2026-09-11";"DC_MSPI-Owned";"SMS_MSPI-Owned";"661-22294";"Battery, iPhone 13 Pro Max";"1";"F8Y6305C1AP13XCB9";"";"89.00"
"2026-09-11";"DC_MSPI-Owned";"SMS_MSPI-Owned";"661-30397";"Battery, iPhone 14 Pro Max";"1";"F8Y6277C66K20J9B6";"";"99.00"
"2026-09-11";"DC_MSPI-Owned";"SMS_MSPI-Owned";"661-30373";"Battery, iPhone 14";"1";"F8Y6303C3F0231LBU";"";"99.00"
"2026-09-11";"DC_MSPI-Owned";"SMS_MSPI-Owned";"661-35885";"Battery, iPhone 15";"1";"F8YHV4C0KYP00006TW";"";"99.00"
"2026-09-11";"DC_MSPI-Owned";"SMS_MSPI-Owned";"661-56050";"Display, iPhone 17 Pro Max";"1";"G9PHVPV4F2X0000MUY";"";"379.00"
"2026-09-11";"DC_MSPI-Owned";"SMS_MSPI-Owned";"661-56050";"Display, iPhone 17 Pro Max";"1";"G9PHVKV4L780000MUY";"";"379.00"
"2026-09-11";"DC_MSPI-Owned";"SMS_MSPI-Owned";"661-56050";"Display, iPhone 17 Pro Max";"1";"G9PHVNE7EXS0000MUY";"";"379.00"
"2026-09-11";"DC_MSPI-Owned";"SMS_MSPI-Owned";"661-56125";"Display, iPhone 17 Pro";"1";"G9PHUYD2E2F0000L4B";"";"329.00"
"2026-09-11";"DC_MSPI-Owned";"SMS_MSPI-Owned";"661-21996";"Battery, iPhone 13 Pro";"1";"F8Y6284C22Y13RHCB";"";"89.00"
"2026-09-11";"DC_MSPI-Owned";"SMS_MSPI-Owned";"661-21991";"Battery, iPhone 13";"1";"F8Y6305C87N18FKBE";"";"89.00"
"2026-09-11";"DC_MSPI-Owned";"SMS_MSPI-Owned";"661-21996";"Battery, iPhone 13 Pro";"1";"F8Y6284C22X13RHCC";"";"89.00"
"2026-09-11";"DC_MSPI-Owned";"SMS_MSPI-Owned";"661-36918";"Battery, iPhone 15 Pro Max";"1";"FG9HVG0021F00006TT";"";"99.00"
"2026-09-11";"DC_MSPI-Owned";"SMS_MSPI-Owned";"661-21993";"Display, iPhone 13 Pro";"1";"G9P5224LNGZPQCKA8";"";"279.00"
"2026-09-11";"DC_MSPI-Owned";"SMS_MSPI-Owned";"661-56065";"Display, iPhone 17";"1";"JLNHTA00D120000U6M";"";"329.00"
"2026-09-11";"DC_MSPI-Owned";"SMS_MSPI-Owned";"661-21988";"Display, iPhone 13";"1";"G9P5461CGRTPR5QAM";"";"279.00"
"2026-09-11";"DC_MSPI-Owned";"SMS_MSPI-Owned";"661-36918";"Battery, iPhone 15 Pro Max";"1";"FG9HVJ003X800006TT";"";"99.00"
"2026-09-11";"DC_MSPI-Owned";"SMS_MSPI-Owned";"661-35885";"Battery, iPhone 15";"1";"F8YHV3C00HS00006TW";"";"99.00"
"2026-09-11";"DC_MSPI-Owned";"SMS_MSPI-Owned";"661-21991";"Battery, iPhone 13";"1";"F8Y6305C8R618FKBA";"";"89.00"
"2026-09-11";"DC_MSPI-Owned";"SMS_MSPI-Owned";"661-35699";"Display, iPhone 15 Pro";"1";"G9P5461QF0Q1PHPAV";"";"329.00"
"2026-09-11";"DC_MSPI-Owned";"SMS_MSPI-Owned";"661-36706";"Display, iPhone 15";"1";"G9Q6194U4QV21KHAR";"";"279.00"
"2026-09-12";"DC_MSPI-Owned";"FES-MSPI-Owned";"661-44954";"Battery, iPhone 16 Pro Max";"1";"F8YHTYH01690000UMK";"";"119.00"
"2026-09-12";"DC_MSPI-Owned";"FES-MSPI-Owned";"661-30397";"Battery, iPhone 14 Pro Max";"1";"F8Y6277C2PJ20J9BU";"";"99.00"
"2026-09-12";"DC_MSPI-Owned";"FES-MSPI-Owned";"661-35694";"Battery, iPhone 15 Pro";"1";"F8YHV3D0EXB00006TP";"";"99.00"
"2026-09-12";"DC_MSPI-Owned";"FES-MSPI-Owned";"661-22294";"Battery, iPhone 13 Pro Max";"1";"F8Y6183C0S113XCBY";"";"89.00"
"2026-09-12";"DC_MSPI-Owned";"FES-MSPI-Owned";"661-30382";"Battery, iPhone 14 Pro";"1";"F8Y6247C6W9217WBY";"";"99.00"
"2026-09-12";"DC_MSPI-Owned";"FES-MSPI-Owned";"661-30382";"Battery, iPhone 14 Pro";"1";"F8Y6247CFG3217WB3";"";"99.00"
"2026-09-12";"DC_MSPI-Owned";"FES-MSPI-Owned";"661-35694";"Battery, iPhone 15 Pro";"1";"F8YHV2D02WC00006TP";"";"99.00"
"2026-09-12";"DC_MSPI-Owned";"FES-MSPI-Owned";"661-36918";"Battery, iPhone 15 Pro Max";"1";"FG9HVG000TQ00006TT";"";"99.00"
"2026-09-12";"DC_MSPI-Owned";"FES-MSPI-Owned";"661-30397";"Battery, iPhone 14 Pro Max";"1";"F8Y6277C2RR20J9BF";"";"99.00"
"2026-09-12";"DC_MSPI-Owned";"FES-MSPI-Owned";"661-30373";"Battery, iPhone 14";"1";"F8Y6276CBJE231LB8";"";"99.00"
"2026-09-12";"DC_MSPI-Owned";"FES-MSPI-Owned";"661-21991";"Battery, iPhone 13";"1";"F8Y6305C8X918FKBP";"";"89.00"
"2026-09-12";"DC_MSPI-Owned";"FES-MSPI-Owned";"661-21991";"Battery, iPhone 13";"1";"F8Y6302C0BK18FKBG";"";"89.00"
"2026-09-12";"DC_MSPI-Owned";"FES-MSPI-Owned";"661-21991";"Battery, iPhone 13";"1";"F8Y6302C0BC18FKBP";"";"89.00"
"2026-09-12";"DC_MSPI-Owned";"FES-MSPI-Owned";"661-21991";"Battery, iPhone 13";"1";"F8Y6305C9AJ18FKB8";"";"89.00"
"2026-09-12";"DC_MSPI-Owned";"FES-MSPI-Owned";"661-21991";"Battery, iPhone 13";"1";"F8Y6302CBF918FKB3";"";"89.00"
"2026-09-12";"DC_MSPI-Owned";"FES-MSPI-Owned";"661-21991";"Battery, iPhone 13";"1";"F8Y6302CBBP18FKB1";"";"89.00"
"2026-09-12";"DC_MSPI-Owned";"FES-MSPI-Owned";"661-21991";"Battery, iPhone 13";"1";"F8Y6302CBC618FKBF";"";"89.00"
"2026-09-12";"DC_MSPI-Owned";"FES-MSPI-Owned";"661-21991";"Battery, iPhone 13";"1";"F8Y6302CBC418FKBH";"";"89.00"
"2026-09-12";"DC_MSPI-Owned";"FES-MSPI-Owned";"661-21991";"Battery, iPhone 13";"1";"F8Y6314CHCH18FKBT";"";"89.00"
"2026-09-12";"DC_MSPI-Owned";"FES-MSPI-Owned";"661-21991";"Battery, iPhone 13";"1";"F8Y6313CL5R18FKB4";"";"89.00"
"2026-09-12";"DC_MSPI-Owned";"FES-MSPI-Owned";"661-21991";"Battery, iPhone 13";"1";"F8Y6314CHD218FKB5";"";"89.00"
"2026-09-12";"DC_MSPI-Owned";"FES-MSPI-Owned";"661-21991";"Battery, iPhone 13";"1";"F8Y6314CHE918FKBV";"";"89.00"
"2026-09-12";"DC_MSPI-Owned";"FES-MSPI-Owned";"661-35694";"Battery, iPhone 15 Pro";"1";"F8YHV2D01GW00006TP";"";"99.00"
"2026-09-12";"DC_MSPI-Owned";"FES-MSPI-Owned";"661-35885";"Battery, iPhone 15";"1";"F8YHVTC072S00006TW";"";"99.00"
"2026-09-12";"DC_MSPI-Owned";"FES-MSPI-Owned";"661-30366";"Display, iPhone 14";"1";"G9Q5477W9521502A2";"";"279.00"
"2026-09-12";"DC_MSPI-Owned";"FES-MSPI-Owned";"661-21991";"Battery, iPhone 13";"1";"F8Y6304C1T818FKBA";"";"89.00"
"2026-09-12";"DC_MSPI-Owned";"FES-MSPI-Owned";"661-21991";"Battery, iPhone 13";"1";"F8Y6305C57A18FKBV";"";"89.00"
"2026-09-12";"DC_MSPI-Owned";"FES-MSPI-Owned";"661-22294";"Battery, iPhone 13 Pro Max";"1";"F8Y6183C22913XCBS";"";"89.00"
"2026-09-12";"DC_MSPI-Owned";"FES-MSPI-Owned";"661-56050";"Display, iPhone 17 Pro Max";"1";"G9PHVKE5V9P0000MUY";"";"379.00"
"2026-09-12";"DC_MSPI-Owned";"FES-MSPI-Owned";"661-56125";"Display, iPhone 17 Pro";"1";"G9QHUWK5QYG0000L4B";"";"329.00"
"2026-09-12";"DC_MSPI-Owned";"FES-MSPI-Owned";"661-56065";"Display, iPhone 17";"1";"GVCHTS01C770000U6M";"";"329.00"
"2026-09-12";"DC_MSPI-Owned";"FES-MSPI-Owned";"661-56125";"Display, iPhone 17 Pro";"1";"G9PHUPD4CPP0000L4B";"";"329.00"
"2026-09-12";"DC_MSPI-Owned";"FES-MSPI-Owned";"661-21988";"Display, iPhone 13";"1";"G9P5485CGKDPR5QA9";"";"279.00"
"2026-09-12";"DC_MSPI-Owned";"FES-MSPI-Owned";"661-36915";"Display, iPhone 15 Pro Max";"1";"G9P6054Q61S1PHRAY";"";"379.00"
"2026-09-12";"DC_MSPI-Owned";"FES-MSPI-Owned";"661-21988";"Display, iPhone 13";"1";"G9P5482C5RBPR5QA7";"";"279.00"
"2026-09-12";"DC_MSPI-Owned";"FES-MSPI-Owned";"661-56050";"Display, iPhone 17 Pro Max";"1";"G9PHVNE7JRF0000MUY";"";"379.00"
"2026-09-12";"DC_MSPI-Owned";"FES-MSPI-Owned";"661-56050";"Display, iPhone 17 Pro Max";"1";"G9PHVNV000V0000MUY";"";"379.00"
"2026-09-12";"DC_MSPI-Owned";"FES-MSPI-Owned";"661-21991";"Battery, iPhone 13";"1";"F8Y6313CL5Q18FKB5";"";"89.00"
"2026-09-12";"DC_MSPI-Owned";"FES-MSPI-Owned";"661-21991";"Battery, iPhone 13";"1";"F8Y6313CEK218FKBR";"";"89.00"
"2026-09-12";"DC_MSPI-Owned";"FES-MSPI-Owned";"661-21991";"Battery, iPhone 13";"1";"F8Y6313CEKE18FKBD";"";"89.00"
"2026-09-12";"DC_MSPI-Owned";"FES-MSPI-Owned";"661-21991";"Battery, iPhone 13";"1";"F8Y6313CL5X18FKBY";"";"89.00"
"2026-09-12";"DC_MSPI-Owned";"FES-MSPI-Owned";"661-21991";"Battery, iPhone 13";"1";"F8Y6304CAJF18FKBM";"";"89.00"
"2026-09-12";"DC_MSPI-Owned";"FES-MSPI-Owned";"661-21991";"Battery, iPhone 13";"1";"F8Y6313CFDE18FKBW";"";"89.00"
"2026-09-12";"DC_MSPI-Owned";"FES-MSPI-Owned";"661-21991";"Battery, iPhone 13";"1";"F8Y6316CBYJ18FKB4";"";"89.00"
"2026-09-12";"DC_MSPI-Owned";"FES-MSPI-Owned";"661-21996";"Battery, iPhone 13 Pro";"1";"F8Y6284C4YB13RHC8";"";"89.00"
"2026-09-12";"DC_MSPI-Owned";"VER_MSPI-Owned";"661-56125";"Display, iPhone 17 Pro";"1";"G9QHUZK1ZGC0000L4B";"";"329.00"
"2026-09-12";"DC_MSPI-Owned";"VER_MSPI-Owned";"661-21988";"Display, iPhone 13";"1";"G9P5484CP91PR5QAB";"";"279.00"
"2026-09-12";"DC_MSPI-Owned";"VER_MSPI-Owned";"661-56050";"Display, iPhone 17 Pro Max";"1";"G9PHVKV6NY10000MUY";"";"379.00"
"2026-09-12";"DC_MSPI-Owned";"VER_MSPI-Owned";"661-56050";"Display, iPhone 17 Pro Max";"1";"G9PHV9X5N960000MUY";"";"379.00"
"2026-09-12";"DC_MSPI-Owned";"VER_MSPI-Owned";"661-56050";"Display, iPhone 17 Pro Max";"1";"G9PHVNX47C90000MUY";"";"379.00"
"2026-09-12";"DC_MSPI-Owned";"VER_MSPI-Owned";"661-35885";"Battery, iPhone 15";"1";"F8YHVTC070000006TW";"";"99.00"
"2026-09-12";"DC_MSPI-Owned";"VER_MSPI-Owned";"661-36918";"Battery, iPhone 15 Pro Max";"1";"FG9HVG0021M00006TT";"";"99.00"
"2026-09-12";"DC_MSPI-Owned";"VER_MSPI-Owned";"661-30397";"Battery, iPhone 14 Pro Max";"1";"F8Y6277CLDQ20J9B0";"";"99.00"
"2026-09-12";"DC_MSPI-Owned";"VER_MSPI-Owned";"661-21988";"Display, iPhone 13";"1";"G9P5486CP8VPR5QAJ";"";"279.00"
"2026-09-12";"DC_MSPI-Owned";"VER_MSPI-Owned";"661-21988";"Display, iPhone 13";"1";"GVH54720934PR5PAU";"";"279.00"
"2026-09-12";"DC_MSPI-Owned";"VER_MSPI-Owned";"661-56064";"Battery, iPhone 17";"1";"F8YHVA002SH0001510";"";"99.00"
"2026-09-12";"DC_MSPI-Owned";"VER_MSPI-Owned";"661-42726";"Display, iPhone 16 Pro";"1";"G9PHRTT1GDF00005DP";"";"329.00"
"2026-09-12";"DC_MSPI-Owned";"VER_MSPI-Owned";"661-36706";"Display, iPhone 15";"1";"G9Q6191UADD21KHA3";"";"279.00"
"2026-09-12";"DC_MSPI-Owned";"VER_MSPI-Owned";"661-21991";"Battery, iPhone 13";"1";"F8Y6302CAKN18FKBD";"";"89.00"
"2026-09-12";"DC_MSPI-Owned";"VER_MSPI-Owned";"661-21991";"Battery, iPhone 13";"1";"F8Y6304C49E18FKBM";"";"89.00"
"2026-09-12";"DC_MSPI-Owned";"VER_MSPI-Owned";"661-21991";"Battery, iPhone 13";"1";"F8Y6302C6UE18FKBY";"";"89.00"
"2026-09-12";"DC_MSPI-Owned";"VER_MSPI-Owned";"661-21991";"Battery, iPhone 13";"1";"F8Y6283C1C918FKBY";"";"89.00"
"2026-09-12";"DC_MSPI-Owned";"VER_MSPI-Owned";"661-21991";"Battery, iPhone 13";"1";"F8Y6302C6TZ18FKBG";"";"89.00"
"2026-09-12";"DC_MSPI-Owned";"VER_MSPI-Owned";"661-21991";"Battery, iPhone 13";"1";"F8Y6302CBDP18FKBV";"";"89.00"
"2026-09-12";"DC_MSPI-Owned";"VER_MSPI-Owned";"661-21991";"Battery, iPhone 13";"1";"F8Y6305C5NB18FKBH";"";"89.00"
"2026-09-12";"DC_MSPI-Owned";"VER_MSPI-Owned";"661-21991";"Battery, iPhone 13";"1";"F8Y6305CAN618FKBH";"";"89.00"
"2026-09-12";"DC_MSPI-Owned";"VER_MSPI-Owned";"661-21991";"Battery, iPhone 13";"1";"F8Y6303CBV318FKB0";"";"89.00"
"2026-09-12";"DC_MSPI-Owned";"VER_MSPI-Owned";"661-21991";"Battery, iPhone 13";"1";"F8Y6303CAXU18FKB4";"";"89.00"
"2026-09-12";"DC_MSPI-Owned";"VER_MSPI-Owned";"661-21991";"Battery, iPhone 13";"1";"F8Y6304C0PA18FKBM";"";"89.00"
"2026-09-12";"DC_MSPI-Owned";"VER_MSPI-Owned";"661-21991";"Battery, iPhone 13";"1";"F8Y6304C0P118FKBW";"";"89.00"
"2026-09-12";"DC_MSPI-Owned";"VER_MSPI-Owned";"661-21991";"Battery, iPhone 13";"1";"F8Y6302CA5X18FKBC";"";"89.00"
"2026-09-12";"DC_MSPI-Owned";"VER_MSPI-Owned";"661-21991";"Battery, iPhone 13";"1";"F8Y6304C0S518FKBH";"";"89.00"
"2026-09-12";"DC_MSPI-Owned";"VER_MSPI-Owned";"661-21991";"Battery, iPhone 13";"1";"F8Y6302CA5C18FKBX";"";"89.00"
"2026-09-12";"DC_MSPI-Owned";"VER_MSPI-Owned";"661-21991";"Battery, iPhone 13";"1";"F8Y6302CA6118FKB5";"";"89.00"
"2026-09-12";"DC_MSPI-Owned";"VER_MSPI-Owned";"661-36918";"Battery, iPhone 15 Pro Max";"1";"FG9HVJ0042H00006TT";"";"99.00"
"2026-09-12";"DC_MSPI-Owned";"VER_MSPI-Owned";"661-30382";"Battery, iPhone 14 Pro";"1";"F8Y6271C4HC217WBZ";"";"99.00"
"2026-09-12";"DC_MSPI-Owned";"VER_MSPI-Owned";"661-44954";"Battery, iPhone 16 Pro Max";"1";"F8YHTYH015L0000UMK";"";"119.00"
"2026-09-12";"DC_MSPI-Owned";"VER_MSPI-Owned";"661-35694";"Battery, iPhone 15 Pro";"1";"F8YHV3D05CD00006TP";"";"99.00"
"2026-09-12";"DC_MSPI-Owned";"VER_MSPI-Owned";"661-30382";"Battery, iPhone 14 Pro";"1";"F8Y6271C6PK217WB6";"";"99.00"
"2026-09-12";"DC_MSPI-Owned";"VER_MSPI-Owned";"661-37207";"Battery, iPhone 15 Plus";"1";"F8YHW4D01EK00006U0";"";"99.00"
"2026-09-12";"DC_MSPI-Owned";"VER_MSPI-Owned";"661-21996";"Battery, iPhone 13 Pro";"1";"F8Y6284C02L13RHCR";"";"89.00"
"2026-09-12";"DC_MSPI-Owned";"VER_MSPI-Owned";"661-36918";"Battery, iPhone 15 Pro Max";"1";"FG9HVG001C400006TT";"";"99.00"
"2026-09-12";"DC_MSPI-Owned";"VER_MSPI-Owned";"661-36918";"Battery, iPhone 15 Pro Max";"1";"FG9HVG000TE00006TT";"";"99.00"
"2026-09-12";"DC_MSPI-Owned";"VER_MSPI-Owned";"661-30394";"Battery, iPhone 14 Plus";"1";"F8Y6296C1KJ237KBN";"";"99.00"
"2026-09-12";"DC_MSPI-Owned";"VER_MSPI-Owned";"661-22294";"Battery, iPhone 13 Pro Max";"1";"F8Y6305C3XU13XCB7";"";"89.00"
"2026-09-12";"DC_MSPI-Owned";"VER_MSPI-Owned";"661-35694";"Battery, iPhone 15 Pro";"1";"F8YHV3D0EHJ00006TP";"";"99.00"
"2026-09-12";"DC_MSPI-Owned";"VER_MSPI-Owned";"661-30382";"Battery, iPhone 14 Pro";"1";"F8Y6247C80Z217WBU";"";"99.00"
"2026-09-12";"DC_MSPI-Owned";"VER_MSPI-Owned";"661-30382";"Battery, iPhone 14 Pro";"1";"F8Y6247C812217WBN";"";"99.00"
"2026-09-12";"DC_MSPI-Owned";"VER_MSPI-Owned";"661-35694";"Battery, iPhone 15 Pro";"1";"F8YHV3D0EPR00006TP";"";"99.00"
"2026-09-12";"DC_MSPI-Owned";"VER_MSPI-Owned";"661-22294";"Battery, iPhone 13 Pro Max";"1";"F8Y6305C1TV13XCBL";"";"89.00"
"2026-09-12";"DC_MSPI-Owned";"VER_MSPI-Owned";"661-30397";"Battery, iPhone 14 Pro Max";"1";"F8Y6277C0S820J9BX";"";"99.00"
"2026-09-12";"DC_MSPI-Owned";"VER_MSPI-Owned";"661-21996";"Battery, iPhone 13 Pro";"1";"F8Y6284C4Y813RHCB";"";"89.00"
"2026-09-12";"DC_MSPI-Owned";"VER_MSPI-Owned";"661-22294";"Battery, iPhone 13 Pro Max";"1";"F8Y6305C16H13XCBT";"";"89.00"
"2026-09-12";"DC_MSPI-Owned";"VER_MSPI-Owned";"661-30397";"Battery, iPhone 14 Pro Max";"1";"F8Y6276C15L20J9BE";"";"99.00"
"2026-09-12";"DC_MSPI-Owned";"VER_MSPI-Owned";"661-30397";"Battery, iPhone 14 Pro Max";"1";"F8Y6277C5MT20J9BN";"";"99.00"
"2026-09-12";"DC_MSPI-Owned";"VER_MSPI-Owned";"661-30373";"Battery, iPhone 14";"1";"F8Y6281C1X8231LBM";"";"99.00"
"2026-09-12";"DC_MSPI-Owned";"VER_MSPI-Owned";"661-30373";"Battery, iPhone 14";"1";"F8Y6281C1XA231LBK";"";"99.00"
"2026-09-12";"DC_MSPI-Owned";"VER_MSPI-Owned";"661-35885";"Battery, iPhone 15";"1";"F8YHVTC07A300006TW";"";"99.00"
"2026-09-12";"DC_MSPI-Owned";"VER_MSPI-Owned";"661-30382";"Battery, iPhone 14 Pro";"1";"F8Y6267CEFY217WB6";"";"99.00"
"2026-09-12";"DC_MSPI-Owned";"VER_MSPI-Owned";"661-22294";"Battery, iPhone 13 Pro Max";"1";"F8Y6305C0MG13XCBJ";"";"89.00"
"2026-09-12";"DC_MSPI-Owned";"VER_MSPI-Owned";"661-22294";"Battery, iPhone 13 Pro Max";"1";"F8Y6305C16J13XCBS";"";"89.00"
"2026-09-12";"DC_MSPI-Owned";"VER_MSPI-Owned";"661-21993";"Display, iPhone 13 Pro";"1";"G9P5224LLDUPQCKAQ";"";"279.00"
"2026-09-12";"DC_MSPI-Owned";"VER_MSPI-Owned";"661-56050";"Display, iPhone 17 Pro Max";"1";"G9PHVLX3JFL0000MUY";"";"379.00"
"2026-09-12";"DC_MSPI-Owned";"VER_MSPI-Owned";"661-56050";"Display, iPhone 17 Pro Max";"1";"G9PHVMX1AGB0000MUY";"";"379.00"
"2026-09-12";"DC_MSPI-Owned";"VER_MSPI-Owned";"661-56050";"Display, iPhone 17 Pro Max";"1";"G9PHVKE5U7C0000MUY";"";"379.00"
"2026-09-12";"DC_MSPI-Owned";"VER_MSPI-Owned";"661-56065";"Display, iPhone 17";"1";"JLNHSM004610000U6M";"";"329.00"
"2026-09-11";"DC_MSPI-Owned";"NES_MSPI-Owned";"661-35694";"Battery, iPhone 15 Pro";"1";"F8YHV3D0EVQ00006TP";"";"99.00"
"2026-09-11";"DC_MSPI-Owned";"NES_MSPI-Owned";"661-30382";"Battery, iPhone 14 Pro";"1";"F8Y6247C8EJ217WB1";"";"99.00"
"2026-09-11";"DC_MSPI-Owned";"NES_MSPI-Owned";"661-30382";"Battery, iPhone 14 Pro";"1";"F8Y6247C810217WBQ";"";"99.00"
"2026-09-11";"DC_MSPI-Owned";"NES_MSPI-Owned";"661-36918";"Battery, iPhone 15 Pro Max";"1";"FG9HVG001BX00006TT";"";"99.00"
"2026-09-11";"DC_MSPI-Owned";"NES_MSPI-Owned";"661-22294";"Battery, iPhone 13 Pro Max";"1";"F8Y6183C0RT13XCB9";"";"89.00"
"2026-09-11";"DC_MSPI-Owned";"NES_MSPI-Owned";"661-22294";"Battery, iPhone 13 Pro Max";"1";"F8Y6183C14513XCBR";"";"89.00"
"2026-09-11";"DC_MSPI-Owned";"NES_MSPI-Owned";"661-35885";"Battery, iPhone 15";"1";"F8YHVTC072200006TW";"";"99.00"
"2026-09-11";"DC_MSPI-Owned";"NES_MSPI-Owned";"661-30397";"Battery, iPhone 14 Pro Max";"1";"F8Y6277C09L20J9B2";"";"99.00"
"2026-09-11";"DC_MSPI-Owned";"NES_MSPI-Owned";"661-56064";"Battery, iPhone 17";"1";"F8YHVA000T50001510";"";"99.00"
"2026-09-11";"DC_MSPI-Owned";"NES_MSPI-Owned";"661-42837";"Battery, iPhone 16 Plus";"1";"F8YHNW00CVX0000RSS";"";"99.00"
"2026-09-11";"DC_MSPI-Owned";"NES_MSPI-Owned";"661-21991";"Battery, iPhone 13";"1";"F8Y6304C2M418FKBX";"";"89.00"
"2026-09-11";"DC_MSPI-Owned";"NES_MSPI-Owned";"661-42726";"Display, iPhone 16 Pro";"1";"G9PHRBT15TQ00005DP";"";"329.00"
"2026-09-11";"DC_MSPI-Owned";"NES_MSPI-Owned";"661-21996";"Battery, iPhone 13 Pro";"1";"F8Y6283C1TE13RHCQ";"";"89.00"
"2026-09-11";"DC_MSPI-Owned";"NES_MSPI-Owned";"661-21991";"Battery, iPhone 13";"1";"F8Y6314CKUW18FKBY";"";"89.00"
"2026-09-11";"DC_MSPI-Owned";"NES_MSPI-Owned";"661-21991";"Battery, iPhone 13";"1";"F8Y6315C4E618FKBA";"";"89.00"
"2026-09-11";"DC_MSPI-Owned";"NES_MSPI-Owned";"661-21991";"Battery, iPhone 13";"1";"F8Y6315C4CV18FKBT";"";"89.00"
"2026-09-11";"DC_MSPI-Owned";"NES_MSPI-Owned";"661-21991";"Battery, iPhone 13";"1";"F8Y6314CKUS18FKB2";"";"89.00"
"2026-09-11";"DC_MSPI-Owned";"NES_MSPI-Owned";"661-21991";"Battery, iPhone 13";"1";"F8Y6314CHCQ18FKBL";"";"89.00"
"2026-09-11";"DC_MSPI-Owned";"NES_MSPI-Owned";"661-21991";"Battery, iPhone 13";"1";"F8Y6314CHDD18FKBU";"";"89.00"
"2026-09-11";"DC_MSPI-Owned";"NES_MSPI-Owned";"661-21991";"Battery, iPhone 13";"1";"F8Y6314CHCW18FKBE";"";"89.00"
"2026-09-11";"DC_MSPI-Owned";"NES_MSPI-Owned";"661-21991";"Battery, iPhone 13";"1";"F8Y6313CFHW18FKB2";"";"89.00"
"2026-09-12";"DC_MSPI-Owned";"TRI-MSPI-Owned";"661-56065";"Display, iPhone 17";"1";"GVCHS7007DD0000U6M";"";"329.00"
"2026-09-12";"DC_MSPI-Owned";"TRI-MSPI-Owned";"661-56050";"Display, iPhone 17 Pro Max";"1";"G9PHVJX6NTM0000MUY";"";"379.00"
"2026-09-12";"DC_MSPI-Owned";"TRI-MSPI-Owned";"661-36915";"Display, iPhone 15 Pro Max";"1";"G9P6053QPF71PHRAT";"";"379.00"
"2026-09-12";"DC_MSPI-Owned";"TRI-MSPI-Owned";"661-42726";"Display, iPhone 16 Pro";"1";"G9PHRQT27ZE00005DP";"";"329.00"
"2026-09-12";"DC_MSPI-Owned";"TRI-MSPI-Owned";"661-56064";"Battery, iPhone 17";"1";"F8YHVA006FZ0001510";"";"99.00"
"2026-09-12";"DC_MSPI-Owned";"TRI-MSPI-Owned";"661-37207";"Battery, iPhone 15 Plus";"1";"F8YHW3D018800006U0";"";"99.00"
"2026-09-12";"DC_MSPI-Owned";"TRI-MSPI-Owned";"661-22294";"Battery, iPhone 13 Pro Max";"1";"F8Y6305C22K13XCB2";"";"89.00"
"2026-09-12";"DC_MSPI-Owned";"TRI-MSPI-Owned";"661-35885";"Battery, iPhone 15";"1";"F8YHV4C0C8Z00006TW";"";"99.00"
"2026-09-12";"DC_MSPI-Owned";"TRI-MSPI-Owned";"661-35885";"Battery, iPhone 15";"1";"F8YHV4C0CV400006TW";"";"99.00"
"2026-09-12";"DC_MSPI-Owned";"TRI-MSPI-Owned";"661-21991";"Battery, iPhone 13";"1";"F8Y6304CAPA18FKBB";"";"89.00"
"2026-09-12";"DC_MSPI-Owned";"TRI-MSPI-Owned";"661-36918";"Battery, iPhone 15 Pro Max";"1";"FG9HVG002CS00006TT";"";"99.00"
"2026-09-12";"DC_MSPI-Owned";"TRI-MSPI-Owned";"661-21991";"Battery, iPhone 13";"1";"F8Y6304C5AN18FKB9";"";"89.00"
"2026-09-12";"DC_MSPI-Owned";"TRI-MSPI-Owned";"661-21991";"Battery, iPhone 13";"1";"F8Y6304C18018FKB7";"";"89.00"
"2026-09-12";"DC_MSPI-Owned";"TRI-MSPI-Owned";"661-21991";"Battery, iPhone 13";"1";"F8Y6305C8UJ18FKBP";"";"89.00"
"2026-09-12";"DC_MSPI-Owned";"TRI-MSPI-Owned";"661-35694";"Battery, iPhone 15 Pro";"1";"F8YHV3D05CE00006TP";"";"99.00"
"2026-09-12";"DC_MSPI-Owned";"TRI-MSPI-Owned";"661-21991";"Battery, iPhone 13";"1";"F8Y6305C8US18FKBF";"";"89.00"
"2026-09-12";"DC_MSPI-Owned";"TRI-MSPI-Owned";"661-30382";"Battery, iPhone 14 Pro";"1";"F8Y6267CE4T217WBA";"";"99.00"
"2026-09-12";"DC_MSPI-Owned";"TRI-MSPI-Owned";"661-30397";"Battery, iPhone 14 Pro Max";"1";"F8Y6277C28M20J9B2";"";"99.00"
"2026-09-12";"DC_MSPI-Owned";"TRI-MSPI-Owned";"661-21991";"Battery, iPhone 13";"1";"F8Y6305C6V318FKB3";"";"89.00"
"2026-09-12";"DC_MSPI-Owned";"TRI-MSPI-Owned";"661-21991";"Battery, iPhone 13";"1";"F8Y6271C0PM18FKBT";"";"89.00"
"2026-09-12";"DC_MSPI-Owned";"TRI-MSPI-Owned";"661-21991";"Battery, iPhone 13";"1";"F8Y6304C7M118FKBV";"";"89.00"
"2026-09-12";"DC_MSPI-Owned";"TRI-MSPI-Owned";"661-21991";"Battery, iPhone 13";"1";"F8Y6302C5DE18FKBA";"";"89.00"
"2026-09-12";"DC_MSPI-Owned";"TRI-MSPI-Owned";"661-21991";"Battery, iPhone 13";"1";"F8Y6304CALQ18FKB6";"";"89.00"
"2026-09-12";"DC_MSPI-Owned";"TRI-MSPI-Owned";"661-21991";"Battery, iPhone 13";"1";"F8Y6304C8VG18FKBP";"";"89.00"
"2026-09-12";"DC_MSPI-Owned";"TRI-MSPI-Owned";"661-21991";"Battery, iPhone 13";"1";"F8Y6304C7GQ18FKBM";"";"89.00"
"2026-09-12";"DC_MSPI-Owned";"TRI-MSPI-Owned";"661-21991";"Battery, iPhone 13";"1";"F8Y6302C5DQ18FKB0";"";"89.00"
"2026-09-13";"DC_MSPI-Owned";"ANX-MSPI-Owned";"661-55240";"Display, iPhone Air";"1";"G9PHMUX0G730000HU8";"";"329.00"
"2026-09-13";"DC_MSPI-Owned";"ANX-MSPI-Owned";"661-56050";"Display, iPhone 17 Pro Max";"1";"G9PHVKX30Z00000MUY";"";"379.00"
"2026-09-13";"DC_MSPI-Owned";"ANX-MSPI-Owned";"661-56050";"Display, iPhone 17 Pro Max";"1";"G9PHVJX3PKT0000MUY";"";"379.00"
"2026-09-13";"DC_MSPI-Owned";"ANX-MSPI-Owned";"661-21988";"Display, iPhone 13";"1";"G9P5483CPLBPR5QA3";"";"279.00"
"2026-09-13";"DC_MSPI-Owned";"ANX-MSPI-Owned";"661-21991";"Battery, iPhone 13";"1";"F8Y6304CAVQ18FKBD";"";"89.00"
"2026-09-13";"DC_MSPI-Owned";"ANX-MSPI-Owned";"661-44954";"Battery, iPhone 16 Pro Max";"1";"F8YHTYH016A0000UMK";"";"119.00"
"2026-09-13";"DC_MSPI-Owned";"ANX-MSPI-Owned";"661-35694";"Battery, iPhone 15 Pro";"1";"F8YHV3D0FPF00006TP";"";"99.00"
"2026-09-13";"DC_MSPI-Owned";"ANX-MSPI-Owned";"661-30382";"Battery, iPhone 14 Pro";"1";"F8Y6287C040217WBB";"";"99.00"
"2026-09-13";"DC_MSPI-Owned";"ANX-MSPI-Owned";"661-30373";"Battery, iPhone 14";"1";"F8Y6281C024231LBB";"";"99.00"
"2026-09-13";"DC_MSPI-Owned";"ANX-MSPI-Owned";"661-21991";"Battery, iPhone 13";"1";"F8Y6314C04318FKBE";"";"89.00"
"2026-09-13";"DC_MSPI-Owned";"ANX-MSPI-Owned";"661-21991";"Battery, iPhone 13";"1";"F8Y6315C62K18FKBX";"";"89.00"
"2026-09-13";"DC_MSPI-Owned";"ANX-MSPI-Owned";"661-21991";"Battery, iPhone 13";"1";"F8Y6312C2GY18FKBH";"";"89.00"
"2026-09-13";"DC_MSPI-Owned";"ANX-MSPI-Owned";"661-21991";"Battery, iPhone 13";"1";"F8Y6315CK9L18FKBW";"";"89.00"
"2026-09-13";"DC_MSPI-Owned";"ANX-MSPI-Owned";"661-21991";"Battery, iPhone 13";"1";"F8Y6315CK6A18FKBF";"";"89.00"
"2026-09-13";"DC_MSPI-Owned";"ANX-MSPI-Owned";"661-21991";"Battery, iPhone 13";"1";"F8Y6315C4VF18FKBQ";"";"89.00"
"2026-09-13";"DC_MSPI-Owned";"ANX-MSPI-Owned";"661-21991";"Battery, iPhone 13";"1";"F8Y6312C5TD18FKB0";"";"89.00"
"2026-09-13";"DC_MSPI-Owned";"ANX-MSPI-Owned";"661-21991";"Battery, iPhone 13";"1";"F8Y6313CFT218FKB0";"";"89.00"
"2026-09-11";"DC_MSPI-Owned";"MEG-MSPI-Owned";"661-21991";"Battery, iPhone 13";"1";"F8Y6303CBD718FKBA";"";"89.00"
"2026-09-11";"DC_MSPI-Owned";"MEG-MSPI-Owned";"661-21991";"Battery, iPhone 13";"1";"F8Y6304C40V18FKBZ";"";"89.00"
"2026-09-11";"DC_MSPI-Owned";"MEG-MSPI-Owned";"661-21991";"Battery, iPhone 13";"1";"F8Y6305C7KG18FKBK";"";"89.00"
"2026-09-11";"DC_MSPI-Owned";"MEG-MSPI-Owned";"661-21991";"Battery, iPhone 13";"1";"F8Y6305C8WM18FKBE";"";"89.00"
"2026-09-11";"DC_MSPI-Owned";"MEG-MSPI-Owned";"661-21991";"Battery, iPhone 13";"1";"F8Y6304C41318FKBN";"";"89.00"
"2026-09-11";"DC_MSPI-Owned";"MEG-MSPI-Owned";"661-21991";"Battery, iPhone 13";"1";"F8Y6304C40P18FKB5";"";"89.00"
"2026-09-11";"DC_MSPI-Owned";"MEG-MSPI-Owned";"661-56050";"Display, iPhone 17 Pro Max";"1";"G9PHVJE4WHC0000MUY";"";"379.00"
"2026-09-11";"DC_MSPI-Owned";"MEG-MSPI-Owned";"661-22294";"Battery, iPhone 13 Pro Max";"1";"F8Y6305C22913XCBC";"";"89.00"
"2026-09-11";"DC_MSPI-Owned";"MEG-MSPI-Owned";"661-30397";"Battery, iPhone 14 Pro Max";"1";"F8Y6277C1EB20J9BV";"";"99.00"
"2026-09-11";"DC_MSPI-Owned";"MEG-MSPI-Owned";"661-21996";"Battery, iPhone 13 Pro";"1";"F8Y6283C7NP13RHCQ";"";"89.00"
"2026-09-11";"DC_MSPI-Owned";"MEG-MSPI-Owned";"661-30373";"Battery, iPhone 14";"1";"F8Y6303C3FD231LBF";"";"99.00"
"2026-09-11";"DC_MSPI-Owned";"MEG-MSPI-Owned";"661-30382";"Battery, iPhone 14 Pro";"1";"F8Y6287CP8G217WBU";"";"99.00"
"2026-09-11";"DC_MSPI-Owned";"MEG-MSPI-Owned";"661-30397";"Battery, iPhone 14 Pro Max";"1";"F8Y6277C62520J9BY";"";"99.00"
"2026-09-11";"DC_MSPI-Owned";"MEG-MSPI-Owned";"661-21991";"Battery, iPhone 13";"1";"F8Y6304C12318FKBN";"";"89.00"
"2026-09-11";"DC_MSPI-Owned";"MEG-MSPI-Owned";"661-21991";"Battery, iPhone 13";"1";"F8Y6305C7KW18FKB5";"";"89.00"
"2026-09-11";"DC_MSPI-Owned";"POD_MSPI-Owned";"661-35885";"Battery, iPhone 15";"1";"F8YHV3C00LU00006TW";"";"99.00"
"2026-09-11";"DC_MSPI-Owned";"POD_MSPI-Owned";"661-30382";"Battery, iPhone 14 Pro";"1";"F8Y6287CLGJ217WB5";"";"99.00"
"2026-09-11";"DC_MSPI-Owned";"POD_MSPI-Owned";"661-30382";"Battery, iPhone 14 Pro";"1";"F8Y6267CE4G217WBM";"";"99.00"
"2026-09-11";"DC_MSPI-Owned";"POD_MSPI-Owned";"661-30397";"Battery, iPhone 14 Pro Max";"1";"F8Y6277CCG120J9BN";"";"99.00"
"2026-09-11";"DC_MSPI-Owned";"POD_MSPI-Owned";"661-21991";"Battery, iPhone 13";"1";"F8Y6304C2LB18FKBT";"";"89.00"
"2026-09-11";"DC_MSPI-Owned";"POD_MSPI-Owned";"661-21991";"Battery, iPhone 13";"1";"F8Y6304C2LJ18FKBL";"";"89.00"
"2026-09-11";"DC_MSPI-Owned";"POD_MSPI-Owned";"661-30397";"Battery, iPhone 14 Pro Max";"1";"F8Y6277C1DC20J9BX";"";"99.00"
"2026-09-11";"DC_MSPI-Owned";"POD_MSPI-Owned";"661-30397";"Battery, iPhone 14 Pro Max";"1";"F8Y6277C1DQ20J9BK";"";"99.00"
"2026-09-11";"DC_MSPI-Owned";"POD_MSPI-Owned";"661-21991";"Battery, iPhone 13";"1";"F8Y6304C2LS18FKBC";"";"89.00"
"2026-09-11";"DC_MSPI-Owned";"POD_MSPI-Owned";"661-21991";"Battery, iPhone 13";"1";"F8Y6304C2LT18FKBB";"";"89.00"
"2026-09-11";"DC_MSPI-Owned";"POD_MSPI-Owned";"661-22294";"Battery, iPhone 13 Pro Max";"1";"F8Y6305C27C13XCBU";"";"89.00"
"2026-09-11";"DC_MSPI-Owned";"POD_MSPI-Owned";"661-22294";"Battery, iPhone 13 Pro Max";"1";"F8Y6305C0MF13XCBK";"";"89.00"
"2026-09-11";"DC_MSPI-Owned";"POD_MSPI-Owned";"661-36918";"Battery, iPhone 15 Pro Max";"1";"FG9HVG000TB00006TT";"";"99.00"
"2026-09-11";"DC_MSPI-Owned";"POD_MSPI-Owned";"661-35885";"Battery, iPhone 15";"1";"F8YHVSC0HSX00006TW";"";"99.00"
"2026-09-11";"DC_MSPI-Owned";"POD_MSPI-Owned";"661-35694";"Battery, iPhone 15 Pro";"1";"F8YHV3D05CA00006TP";"";"99.00"
"2026-09-11";"DC_MSPI-Owned";"POD_MSPI-Owned";"661-36918";"Battery, iPhone 15 Pro Max";"1";"FG9HVG000TL00006TT";"";"99.00"
"2026-09-11";"DC_MSPI-Owned";"POD_MSPI-Owned";"661-30397";"Battery, iPhone 14 Pro Max";"1";"F8Y6273CANX20J9BE";"";"99.00"
"2026-09-11";"DC_MSPI-Owned";"POD_MSPI-Owned";"661-21991";"Battery, iPhone 13";"1";"F8Y6304C9E918FKB6";"";"89.00"
"2026-09-11";"DC_MSPI-Owned";"POD_MSPI-Owned";"661-21991";"Battery, iPhone 13";"1";"F8Y6304C2L618FKBY";"";"89.00"
"2026-09-11";"DC_MSPI-Owned";"POD_MSPI-Owned";"661-21996";"Battery, iPhone 13 Pro";"1";"F8Y6284C3NF13RHC1";"";"89.00"
"2026-09-11";"DC_MSPI-Owned";"POD_MSPI-Owned";"661-21996";"Battery, iPhone 13 Pro";"1";"F8Y6284C23X13RHC9";"";"89.00"
"2026-09-11";"DC_MSPI-Owned";"POD_MSPI-Owned";"661-21996";"Battery, iPhone 13 Pro";"1";"F8Y6283C2QX13RHCF";"";"89.00"
"2026-09-11";"DC_MSPI-Owned";"POD_MSPI-Owned";"661-21991";"Battery, iPhone 13";"1";"F8Y6303CCTX18FKBB";"";"89.00"
"2026-09-11";"DC_MSPI-Owned";"POD_MSPI-Owned";"661-21991";"Battery, iPhone 13";"1";"F8Y6282C6CP18FKBE";"";"89.00"
"2026-09-11";"DC_MSPI-Owned";"POD_MSPI-Owned";"661-21991";"Battery, iPhone 13";"1";"F8Y6305C9LW18FKB0";"";"89.00"
"2026-09-11";"DC_MSPI-Owned";"POD_MSPI-Owned";"661-21991";"Battery, iPhone 13";"1";"F8Y6304CASV18FKBH";"";"89.00"
"2026-09-11";"DC_MSPI-Owned";"POD_MSPI-Owned";"661-21991";"Battery, iPhone 13";"1";"F8Y6282C6FM18FKB7";"";"89.00"
"2026-09-11";"DC_MSPI-Owned";"POD_MSPI-Owned";"661-21991";"Battery, iPhone 13";"1";"F8Y6304C8E718FKB9";"";"89.00"
"2026-09-11";"DC_MSPI-Owned";"POD_MSPI-Owned";"661-21991";"Battery, iPhone 13";"1";"F8Y6305C8UE18FKBT";"";"89.00"
"2026-09-11";"DC_MSPI-Owned";"POD_MSPI-Owned";"661-21991";"Battery, iPhone 13";"1";"F8Y6304C3AM18FKBC";"";"89.00"
"2026-09-11";"DC_MSPI-Owned";"POD_MSPI-Owned";"661-56050";"Display, iPhone 17 Pro Max";"1";"G9PHVKX2TTC0000MUY";"";"379.00"
"2026-09-11";"DC_MSPI-Owned";"POD_MSPI-Owned";"661-56065";"Display, iPhone 17";"1";"JLNHU500C500000U6M";"";"329.00"
"2026-09-11";"DC_MSPI-Owned";"POD_MSPI-Owned";"661-36915";"Display, iPhone 15 Pro Max";"1";"G9P6043QK881PHRAL";"";"379.00"
"2026-09-11";"DC_MSPI-Owned";"POD_MSPI-Owned";"661-42843";"Display, iPhone 16 Plus";"1";"G9NHFQL1H3P00004Y9";"";"329.00"
"2026-09-11";"DC_MSPI-Owned";"POD_MSPI-Owned";"661-56050";"Display, iPhone 17 Pro Max";"1";"G9PHVKV6KHH0000MUY";"";"379.00"
"2026-09-11";"DC_MSPI-Owned";"POD_MSPI-Owned";"661-56050";"Display, iPhone 17 Pro Max";"1";"G9PHVKE4J5B0000MUY";"";"379.00"
"2026-09-11";"DC_MSPI-Owned";"POD_MSPI-Owned";"661-56125";"Display, iPhone 17 Pro";"1";"G9QHUZK6CJ60000L4B";"";"329.00"
"2026-09-11";"DC_MSPI-Owned";"POD_MSPI-Owned";"661-56050";"Display, iPhone 17 Pro Max";"1";"G9PHVLE1ZZ10000MUY";"";"379.00"
"2026-09-11";"DC_MSPI-Owned";"POD_MSPI-Owned";"661-36706";"Display, iPhone 15";"1";"G9Q6177U2J821KHA1";"";"279.00"
"2026-09-11";"DC_MSPI-Owned";"POD_MSPI-Owned";"661-44797";"Display, iPhone 16";"1";"G9NHTQ20VPZ00004Y7";"";"279.00"
"2026-09-11";"DC_MSPI-Owned";"MRK-MSPI-Owned";"661-21991";"Battery, iPhone 13";"1";"F8Y6321C1F118FKBG";"";"89.00"
"2026-09-11";"DC_MSPI-Owned";"MRK-MSPI-Owned";"661-21991";"Battery, iPhone 13";"1";"F8Y6316C70A18FKBA";"";"89.00"
"2026-09-11";"DC_MSPI-Owned";"MRK-MSPI-Owned";"661-21991";"Battery, iPhone 13";"1";"F8Y6317C0WU18FKBA";"";"89.00"
"2026-09-11";"DC_MSPI-Owned";"MRK-MSPI-Owned";"661-21991";"Battery, iPhone 13";"1";"F8Y6317C0XY18FKB3";"";"89.00"
"2026-09-11";"DC_MSPI-Owned";"MRK-MSPI-Owned";"661-21991";"Battery, iPhone 13";"1";"F8Y6321C1FF18FKB2";"";"89.00"
"2026-09-11";"DC_MSPI-Owned";"MRK-MSPI-Owned";"661-21991";"Battery, iPhone 13";"1";"F8Y6316CBWD18FKBF";"";"89.00"
"2026-09-11";"DC_MSPI-Owned";"MRK-MSPI-Owned";"661-21991";"Battery, iPhone 13";"1";"F8Y6317C0HX18FKBC";"";"89.00"
"2026-09-11";"DC_MSPI-Owned";"MRK-MSPI-Owned";"661-21991";"Battery, iPhone 13";"1";"F8Y6316CC1318FKB9";"";"89.00"
"2026-09-11";"DC_MSPI-Owned";"MRK-MSPI-Owned";"661-21991";"Battery, iPhone 13";"1";"F8Y6304C8EF18FKB1";"";"89.00"
"2026-09-11";"DC_MSPI-Owned";"MRK-MSPI-Owned";"661-21991";"Battery, iPhone 13";"1";"F8Y6282C6FF18FKBD";"";"89.00"
"2026-09-11";"DC_MSPI-Owned";"MRK-MSPI-Owned";"661-21991";"Battery, iPhone 13";"1";"F8Y6304C5AE18FKBH";"";"89.00"
"2026-09-11";"DC_MSPI-Owned";"MRK-MSPI-Owned";"661-21991";"Battery, iPhone 13";"1";"F8Y6304C4ZJ18FKBD";"";"89.00"
"2026-09-11";"DC_MSPI-Owned";"MRK-MSPI-Owned";"661-21991";"Battery, iPhone 13";"1";"F8Y6282C5BE18FKBT";"";"89.00"
"2026-09-11";"DC_MSPI-Owned";"MRK-MSPI-Owned";"661-35694";"Battery, iPhone 15 Pro";"1";"F8YHV3D0EZ700006TP";"";"99.00"
"2026-09-11";"DC_MSPI-Owned";"MRK-MSPI-Owned";"661-21996";"Battery, iPhone 13 Pro";"1";"F8Y6284C4Y113RHCJ";"";"89.00"
"2026-09-11";"DC_MSPI-Owned";"MRK-MSPI-Owned";"661-30382";"Battery, iPhone 14 Pro";"1";"F8Y6247CFGJ217WBN";"";"99.00"
"2026-09-11";"DC_MSPI-Owned";"MRK-MSPI-Owned";"661-22294";"Battery, iPhone 13 Pro Max";"1";"F8Y6183C1F413XCBT";"";"89.00"
"2026-09-11";"DC_MSPI-Owned";"MRK-MSPI-Owned";"661-36918";"Battery, iPhone 15 Pro Max";"1";"FG9HVG000T600006TT";"";"99.00"
"2026-09-11";"DC_MSPI-Owned";"MRK-MSPI-Owned";"661-35885";"Battery, iPhone 15";"1";"F8YHVTC06ZZ00006TW";"";"99.00"
"2026-09-11";"DC_MSPI-Owned";"MRK-MSPI-Owned";"661-30397";"Battery, iPhone 14 Pro Max";"1";"F8Y6277C5MQ20J9BR";"";"99.00"
"2026-09-11";"DC_MSPI-Owned";"MRK-MSPI-Owned";"661-30397";"Battery, iPhone 14 Pro Max";"1";"F8Y6277C5QG20J9BQ";"";"99.00"
"2026-09-11";"DC_MSPI-Owned";"MRK-MSPI-Owned";"661-30373";"Battery, iPhone 14";"1";"F8Y6281C1MX231LBU";"";"99.00"
"2026-09-11";"DC_MSPI-Owned";"MRK-MSPI-Owned";"661-22294";"Battery, iPhone 13 Pro Max";"1";"F8Y6182C77Y13XCBJ";"";"89.00"
"2026-09-11";"DC_MSPI-Owned";"MRK-MSPI-Owned";"661-56065";"Display, iPhone 17";"1";"JLNHV000DPR0000U6M";"";"329.00"
"2026-09-11";"DC_MSPI-Owned";"MRK-MSPI-Owned";"661-56125";"Display, iPhone 17 Pro";"1";"G9PHTQD44LH0000L4B";"";"329.00"
"2026-09-11";"DC_MSPI-Owned";"MRK-MSPI-Owned";"661-56050";"Display, iPhone 17 Pro Max";"1";"G9PHVJE6X6N0000MUY";"";"379.00"
"2026-09-11";"DC_MSPI-Owned";"MRK-MSPI-Owned";"661-56050";"Display, iPhone 17 Pro Max";"1";"G9PHVLV08A00000MUY";"";"379.00"
"2026-09-11";"DC_MSPI-Owned";"MRK-MSPI-Owned";"661-36915";"Display, iPhone 15 Pro Max";"1";"G9P6054Q2BV1PHRA3";"";"379.00"
"2026-09-11";"DC_MSPI-Owned";"MRK-MSPI-Owned";"661-44955";"Display, iPhone 16 Pro Max";"1";"G9PHHVS0Q3C00005DR";"";"379.00"
"2026-09-11";"DC_MSPI-Owned";"MAG-MSPI-Owned";"661-21991";"Battery, iPhone 13";"1";"F8Y6304C1TJ18FKB0";"";"89.00"
"2026-09-11";"DC_MSPI-Owned";"MAG-MSPI-Owned";"661-21991";"Battery, iPhone 13";"1";"F8Y6302C6U718FKB5";"";"89.00"
"2026-09-11";"DC_MSPI-Owned";"MAG-MSPI-Owned";"661-21991";"Battery, iPhone 13";"1";"F8Y6314C3CA18FKBE";"";"89.00"
"2026-09-11";"DC_MSPI-Owned";"MAG-MSPI-Owned";"661-21991";"Battery, iPhone 13";"1";"F8Y6302CAU818FKB0";"";"89.00"
"2026-09-11";"DC_MSPI-Owned";"MAG-MSPI-Owned";"661-21991";"Battery, iPhone 13";"1";"F8Y6304C0Q618FKBN";"";"89.00"
"2026-09-11";"DC_MSPI-Owned";"MAG-MSPI-Owned";"661-30397";"Battery, iPhone 14 Pro Max";"1";"F8Y6277C73P20J9BA";"";"99.00"
"2026-09-11";"DC_MSPI-Owned";"MAG-MSPI-Owned";"661-30397";"Battery, iPhone 14 Pro Max";"1";"F8Y6277C71K20J9BL";"";"99.00"
"2026-09-11";"DC_MSPI-Owned";"MAG-MSPI-Owned";"661-21991";"Battery, iPhone 13";"1";"F8Y6304C3SZ18FKBL";"";"89.00"
"2026-09-11";"DC_MSPI-Owned";"MAG-MSPI-Owned";"661-21991";"Battery, iPhone 13";"1";"F8Y6304C8JZ18FKB5";"";"89.00"
"2026-09-11";"DC_MSPI-Owned";"MAG-MSPI-Owned";"661-21991";"Battery, iPhone 13";"1";"F8Y6304C49X18FKB4";"";"89.00"
"2026-09-11";"DC_MSPI-Owned";"MAG-MSPI-Owned";"661-22294";"Battery, iPhone 13 Pro Max";"1";"F8Y6183C25013XCBS";"";"89.00"
"2026-09-11";"DC_MSPI-Owned";"MAG-MSPI-Owned";"661-30382";"Battery, iPhone 14 Pro";"1";"F8Y6247CFGS217WBE";"";"99.00"
"2026-09-11";"DC_MSPI-Owned";"MAG-MSPI-Owned";"661-35885";"Battery, iPhone 15";"1";"F8YHVTC04GC00006TW";"";"99.00"
"2026-09-11";"DC_MSPI-Owned";"MAG-MSPI-Owned";"661-36918";"Battery, iPhone 15 Pro Max";"1";"FG9HVG0021N00006TT";"";"99.00"
"2026-09-11";"DC_MSPI-Owned";"MAG-MSPI-Owned";"661-35694";"Battery, iPhone 15 Pro";"1";"F8YHV3D0FY300006TP";"";"99.00"
"2026-09-11";"DC_MSPI-Owned";"MAG-MSPI-Owned";"661-22294";"Battery, iPhone 13 Pro Max";"1";"F8Y6182C56C13XCB9";"";"89.00"
"2026-09-11";"DC_MSPI-Owned";"MAG-MSPI-Owned";"661-30394";"Battery, iPhone 14 Plus";"1";"F8Y6296C0W4237KB4";"";"99.00"
"2026-09-11";"DC_MSPI-Owned";"MAG-MSPI-Owned";"661-21991";"Battery, iPhone 13";"1";"F8Y6313CEWA18FKBJ";"";"89.00"
"2026-09-11";"DC_MSPI-Owned";"MAG-MSPI-Owned";"661-56050";"Display, iPhone 17 Pro Max";"1";"G9PHVKX3H9L0000MUY";"";"379.00"
"2026-09-11";"DC_MSPI-Owned";"MAG-MSPI-Owned";"661-21988";"Display, iPhone 13";"1";"G9P5485CACGPR5QAZ";"";"279.00"
"2026-09-11";"DC_MSPI-Owned";"MAG-MSPI-Owned";"661-42726";"Display, iPhone 16 Pro";"1";"G9PHRST1KW900005DP";"";"329.00"
"2026-09-11";"DC_MSPI-Owned";"MAG-MSPI-Owned";"661-55235";"Battery, iPhone Air";"1";"F8YHKLY0DME00017SP";"";"119.00"
"2026-09-11";"DC_MSPI-Owned";"MAG-MSPI-Owned";"661-56064";"Battery, iPhone 17";"1";"F8YHVA006X20001510";"";"99.00"
"2026-09-12";"ILO-MSPI-Owned";"APPILO_MSPI-Owned";"661-22309";"Display, iPhone 13 Pro Max";"1";"G9P4443MKMKPQCLA2";"";"0.00"
"2026-09-12";"NES_MSPI-Owned";"DC_MSPI-Owned";"661-21988";"Display, iPhone 13";"1";"G9P5492C5LSPR5QA4";"";"None"
"2026-09-12";"NES_MSPI-Owned";"DC_MSPI-Owned";"661-21996";"Battery, iPhone 13 Pro";"1";"F8Y5502C0JK13RHC4";"";"None"
"2026-09-22";"DC_MSPI-Owned";"ILO-MSPI-Owned";"661-21991";"Battery, iPhone 13";"1";"F8Y6303CBVE18FKBP";"";"89.00"
"2026-09-22";"DC_MSPI-Owned";"ILO-MSPI-Owned";"661-21991";"Battery, iPhone 13";"1";"F8Y6304C0DT18FKB0";"";"89.00"
"2026-09-22";"DC_MSPI-Owned";"ILO-MSPI-Owned";"661-21991";"Battery, iPhone 13";"1";"F8Y6302CA6G18FKBQ";"";"89.00"
"2026-09-22";"DC_MSPI-Owned";"ILO-MSPI-Owned";"661-21991";"Battery, iPhone 13";"1";"F8Y6302CA5V18FKBE";"";"89.00"
"2026-09-22";"DC_MSPI-Owned";"ILO-MSPI-Owned";"661-35694";"Battery, iPhone 15 Pro";"1";"F8YHV3D0FS500006TP";"";"99.00"
"2026-09-22";"DC_MSPI-Owned";"ILO-MSPI-Owned";"661-21991";"Battery, iPhone 13";"1";"F8Y6302CB5E18FKBU";"";"89.00"
"2026-09-22";"DC_MSPI-Owned";"ILO-MSPI-Owned";"661-21991";"Battery, iPhone 13";"1";"F8Y6302CA7C18FKBR";"";"89.00"
"2026-09-17";"DC_MSPI-Owned";"ABR-MSPI-Owned";"661-56125";"Display, iPhone 17 Pro";"1";"G9QHUNN08Z40000L4B";"";"329.00"
"2026-09-17";"DC_MSPI-Owned";"ABR-MSPI-Owned";"661-56050";"Display, iPhone 17 Pro Max";"1";"G9PHVLV5WSD0000MUY";"";"379.00"
"2026-09-17";"DC_MSPI-Owned";"ABR-MSPI-Owned";"661-56050";"Display, iPhone 17 Pro Max";"1";"G9PHVKE3ZLQ0000MUY";"";"379.00"
"2026-09-17";"DC_MSPI-Owned";"ABR-MSPI-Owned";"661-56050";"Display, iPhone 17 Pro Max";"1";"G9PHVHE27SC0000MUY";"";"379.00"
"2026-09-17";"DC_MSPI-Owned";"ABR-MSPI-Owned";"661-55240";"Display, iPhone Air";"1";"G9PHMCX0RE40000HU8";"";"329.00"
"2026-09-17";"DC_MSPI-Owned";"ABR-MSPI-Owned";"661-36706";"Display, iPhone 15";"1";"G9Q6197WJ0221KHAZ";"";"279.00"
"2026-09-17";"DC_MSPI-Owned";"ABR-MSPI-Owned";"661-42843";"Display, iPhone 16 Plus";"1";"G9QHNQT0BJ200004Y9";"";"329.00"
"2026-09-17";"DC_MSPI-Owned";"ABR-MSPI-Owned";"661-30366";"Display, iPhone 14";"1";"G9Q5464VA2S1502AV";"";"279.00"
"2026-09-17";"DC_MSPI-Owned";"ABR-MSPI-Owned";"661-21988";"Display, iPhone 13";"1";"G9P5482CDE8PR5QA1";"";"279.00"
"2026-09-15";"DC_MSPI-Owned";"LAU-MSPI-Owned";"661-56050";"Display, iPhone 17 Pro Max";"1";"G9PHVKX4LU60000MUY";"";"379.00"
"2026-09-15";"DC_MSPI-Owned";"LAU-MSPI-Owned";"661-21996";"Battery, iPhone 13 Pro";"1";"F8Y6283C1SR13RHCG";"";"89.00"
"2026-09-15";"DC_MSPI-Owned";"LAU-MSPI-Owned";"661-36918";"Battery, iPhone 15 Pro Max";"1";"FG9HVG002EF00006TT";"";"99.00"
"2026-09-15";"DC_MSPI-Owned";"LAU-MSPI-Owned";"661-44796";"Battery, iPhone 16";"1";"FG9HRX00C910000R3T";"";"99.00"
"2026-09-15";"DC_MSPI-Owned";"LAU-MSPI-Owned";"661-21991";"Battery, iPhone 13";"1";"F8Y6304C2M618FKBV";"";"89.00"
"2026-09-15";"DC_MSPI-Owned";"LAU-MSPI-Owned";"661-21991";"Battery, iPhone 13";"1";"F8Y6304C1UB18FKB4";"";"89.00"
"2026-09-15";"DC_MSPI-Owned";"LAU-MSPI-Owned";"661-21991";"Battery, iPhone 13";"1";"F8Y6304C1UD18FKB2";"";"89.00"
"2026-09-15";"DC_MSPI-Owned";"LAU-MSPI-Owned";"661-21991";"Battery, iPhone 13";"1";"F8Y6304C4B618FKBP";"";"89.00"
"2026-09-15";"DC_MSPI-Owned";"LAU-MSPI-Owned";"661-21991";"Battery, iPhone 13";"1";"F8Y6304C2M218FKBZ";"";"89.00"
"2026-09-15";"DC_MSPI-Owned";"LAU-MSPI-Owned";"661-21991";"Battery, iPhone 13";"1";"F8Y6304C2M818FKBT";"";"89.00"
"2026-09-15";"DC_MSPI-Owned";"LAU-MSPI-Owned";"661-21991";"Battery, iPhone 13";"1";"F8Y6313CF7218FKBS";"";"89.00"
"2026-09-16";"DC_MSPI-Owned";"LIM_MSPI-Owned";"661-56065";"Display, iPhone 17";"1";"JLNHUZ00ABE0000U6M";"";"329.00"
"2026-09-16";"DC_MSPI-Owned";"LIM_MSPI-Owned";"661-56065";"Display, iPhone 17";"1";"GVCHU700MWE0000U6M";"";"329.00"
"2026-09-16";"DC_MSPI-Owned";"LIM_MSPI-Owned";"661-56125";"Display, iPhone 17 Pro";"1";"G9QHUMN3EEE0000L4B";"";"329.00"
"2026-09-16";"DC_MSPI-Owned";"LIM_MSPI-Owned";"661-56050";"Display, iPhone 17 Pro Max";"1";"G9PHVNV57NY0000MUY";"";"379.00"
"2026-09-16";"DC_MSPI-Owned";"LIM_MSPI-Owned";"661-56050";"Display, iPhone 17 Pro Max";"1";"G9PHVJX7C710000MUY";"";"379.00"
"2026-09-16";"DC_MSPI-Owned";"LIM_MSPI-Owned";"661-21993";"Display, iPhone 13 Pro";"1";"G9P5163LJAVPQCKAQ";"";"279.00"
"2026-09-16";"DC_MSPI-Owned";"LIM_MSPI-Owned";"661-36706";"Display, iPhone 15";"1";"G9P5475SF7821KHAW";"";"279.00"
"2026-09-16";"DC_MSPI-Owned";"LIM_MSPI-Owned";"661-21988";"Display, iPhone 13";"1";"GVH54541CA7PR5PA2";"";"279.00"
"2026-09-16";"DC_MSPI-Owned";"LIM_MSPI-Owned";"661-21988";"Display, iPhone 13";"1";"G9P5514CJJXPR5QAD";"";"279.00"
"2026-09-16";"DC_MSPI-Owned";"LIM_MSPI-Owned";"661-30382";"Battery, iPhone 14 Pro";"1";"F8Y6247C813217WBM";"";"99.00"
"2026-09-16";"DC_MSPI-Owned";"LIM_MSPI-Owned";"661-30382";"Battery, iPhone 14 Pro";"1";"F8Y6247C6W8217WBZ";"";"99.00"
"2026-09-16";"DC_MSPI-Owned";"LIM_MSPI-Owned";"661-35694";"Battery, iPhone 15 Pro";"1";"F8YHV3D0FQ400006TP";"";"99.00"
"2026-09-16";"DC_MSPI-Owned";"LIM_MSPI-Owned";"661-30394";"Battery, iPhone 14 Plus";"1";"F8Y6296C1JC237KBX";"";"99.00"
"2026-09-16";"DC_MSPI-Owned";"LIM_MSPI-Owned";"661-30397";"Battery, iPhone 14 Pro Max";"1";"F8Y6277C03920J9BX";"";"99.00"
"2026-09-16";"DC_MSPI-Owned";"LIM_MSPI-Owned";"661-35885";"Battery, iPhone 15";"1";"F8YHVTC04GA00006TW";"";"99.00"
"2026-09-16";"DC_MSPI-Owned";"LIM_MSPI-Owned";"661-36918";"Battery, iPhone 15 Pro Max";"1";"FG9HVG001C500006TT";"";"99.00"
"2026-09-16";"DC_MSPI-Owned";"LIM_MSPI-Owned";"661-22294";"Battery, iPhone 13 Pro Max";"1";"F8Y6176C01113XCB5";"";"89.00"
"2026-09-16";"DC_MSPI-Owned";"LIM_MSPI-Owned";"661-22294";"Battery, iPhone 13 Pro Max";"1";"F8Y6176C0FW13XCB2";"";"89.00"
"2026-09-16";"DC_MSPI-Owned";"LIM_MSPI-Owned";"661-21996";"Battery, iPhone 13 Pro";"1";"F8Y6284C46Y13RHCX";"";"89.00"
"2026-09-16";"DC_MSPI-Owned";"LIM_MSPI-Owned";"661-21991";"Battery, iPhone 13";"1";"F8Y6302CA4D18FKBZ";"";"89.00"
"2026-09-16";"DC_MSPI-Owned";"LIM_MSPI-Owned";"661-21991";"Battery, iPhone 13";"1";"F8Y6304C9RB18FKB5";"";"89.00"
"2026-09-16";"DC_MSPI-Owned";"LIM_MSPI-Owned";"661-21991";"Battery, iPhone 13";"1";"F8Y6304C8V818FKBX";"";"89.00"
"2026-09-16";"DC_MSPI-Owned";"LIM_MSPI-Owned";"661-21991";"Battery, iPhone 13";"1";"F8Y6304C2MB18FKBQ";"";"89.00"
"2026-09-16";"DC_MSPI-Owned";"LIM_MSPI-Owned";"661-21991";"Battery, iPhone 13";"1";"F8Y6303CC2118FKBE";"";"89.00"
"2026-09-16";"DC_MSPI-Owned";"LIM_MSPI-Owned";"661-21991";"Battery, iPhone 13";"1";"F8Y6303CEAJ18FKB5";"";"89.00"
"2026-09-16";"DC_MSPI-Owned";"LIM_MSPI-Owned";"661-21991";"Battery, iPhone 13";"1";"F8Y6302CAD818FKBB";"";"89.00"
"2026-09-16";"DC_MSPI-Owned";"LIM_MSPI-Owned";"661-21991";"Battery, iPhone 13";"1";"F8Y6304C0B218FKBX";"";"89.00"
"2026-09-16";"DC_MSPI-Owned";"LIM_MSPI-Owned";"661-21991";"Battery, iPhone 13";"1";"F8Y6304C0B418FKBV";"";"89.00"
"2026-09-16";"DC_MSPI-Owned";"LIM_MSPI-Owned";"661-21991";"Battery, iPhone 13";"1";"F8Y6304CB1618FKBC";"";"89.00"
"2026-09-16";"DC_MSPI-Owned";"LIM_MSPI-Owned";"661-21991";"Battery, iPhone 13";"1";"F8Y6304C0DP18FKB4";"";"89.00"
"2026-09-16";"DC_MSPI-Owned";"LIM_MSPI-Owned";"661-21991";"Battery, iPhone 13";"1";"F8Y6304C9PF18FKB7";"";"89.00"
"2026-09-16";"DC_MSPI-Owned";"LIM_MSPI-Owned";"661-21991";"Battery, iPhone 13";"1";"F8Y6321C1G318FKBB";"";"89.00"
"2026-09-16";"DC_MSPI-Owned";"LIM_MSPI-Owned";"661-21991";"Battery, iPhone 13";"1";"F8Y6316C0E918FKBA";"";"89.00"
"2026-09-16";"DC_MSPI-Owned";"LIM_MSPI-Owned";"661-21991";"Battery, iPhone 13";"1";"F8Y6321C2HT18FKBH";"";"89.00"
"2026-09-16";"DC_MSPI-Owned";"LIM_MSPI-Owned";"661-21991";"Battery, iPhone 13";"1";"F8Y6317C2NN18FKB4";"";"89.00"
"2026-09-16";"DC_MSPI-Owned";"LIM_MSPI-Owned";"661-21991";"Battery, iPhone 13";"1";"F8Y6321C1G118FKBD";"";"89.00"
"2026-09-16";"DC_MSPI-Owned";"LIM_MSPI-Owned";"661-21991";"Battery, iPhone 13";"1";"F8Y6317C2NY18FKBU";"";"89.00"
"2026-09-16";"DC_MSPI-Owned";"LIM_MSPI-Owned";"661-21991";"Battery, iPhone 13";"1";"F8Y6317C2RR18FKBS";"";"89.00"
"2026-09-16";"DC_MSPI-Owned";"LIM_MSPI-Owned";"661-21991";"Battery, iPhone 13";"1";"F8Y6316CBYL18FKB2";"";"89.00"
"2026-09-17";"DC_MSPI-Owned";"NAG-MSPI-Owned";"661-30366";"Display, iPhone 14";"1";"G9Q5484VJQ81502A1";"";"279.00"
"2026-09-17";"DC_MSPI-Owned";"NAG-MSPI-Owned";"661-49431";"Display, iPhone 16e";"1";"G9Q5352WP7V1502A1";"";"229.00"
"2026-09-17";"DC_MSPI-Owned";"NAG-MSPI-Owned";"661-21988";"Display, iPhone 13";"1";"GVH51911833PR5PAR";"";"279.00"
"2026-09-17";"DC_MSPI-Owned";"NAG-MSPI-Owned";"661-21988";"Display, iPhone 13";"1";"G9P5502CCHJPR5QA6";"";"279.00"
"2026-09-17";"DC_MSPI-Owned";"NAG-MSPI-Owned";"661-21988";"Display, iPhone 13";"1";"GVH54612A8NPR5PAS";"";"279.00"
"2026-09-17";"DC_MSPI-Owned";"NAG-MSPI-Owned";"661-35694";"Battery, iPhone 15 Pro";"1";"F8YHV3D0EZ600006TP";"";"99.00"
"2026-09-17";"DC_MSPI-Owned";"NAG-MSPI-Owned";"661-22294";"Battery, iPhone 13 Pro Max";"1";"F8Y6176C0G413XCBR";"";"89.00"
"2026-09-17";"DC_MSPI-Owned";"NAG-MSPI-Owned";"661-21991";"Battery, iPhone 13";"1";"F8Y6304C2L918FKBV";"";"89.00"
"2026-09-19";"DC_MSPI-Owned";"CEB-MSPI-Owned";"661-56050";"Display, iPhone 17 Pro Max";"1";"G9PHVKV2ZTR0000MUY";"";"379.00"
"2026-09-19";"DC_MSPI-Owned";"CEB-MSPI-Owned";"661-56050";"Display, iPhone 17 Pro Max";"1";"G9PHVPE61Y40000MUY";"";"379.00"
"2026-09-19";"DC_MSPI-Owned";"CEB-MSPI-Owned";"661-30366";"Display, iPhone 14";"1";"G9Q5486VK7L1502A3";"";"279.00"
"2026-09-19";"DC_MSPI-Owned";"CEB-MSPI-Owned";"661-36706";"Display, iPhone 15";"1";"G9Q5452S95721KHAH";"";"279.00"
"2026-09-19";"DC_MSPI-Owned";"CEB-MSPI-Owned";"661-44955";"Display, iPhone 16 Pro Max";"1";"G9PHJ1S01CK00005DR";"";"379.00"
"2026-09-19";"DC_MSPI-Owned";"CEB-MSPI-Owned";"661-21988";"Display, iPhone 13";"1";"GVH54810BD8PR5PAQ";"";"279.00"
"2026-09-18";"DC_MSPI-Owned";"NPM-MSPI-Owned";"661-30382";"Battery, iPhone 14 Pro";"1";"F8Y6247C811217WBP";"";"99.00"
"2026-09-18";"DC_MSPI-Owned";"NPM-MSPI-Owned";"661-22294";"Battery, iPhone 13 Pro Max";"1";"F8Y6176C0F413XCBU";"";"89.00"
"2026-09-18";"DC_MSPI-Owned";"NPM-MSPI-Owned";"661-30373";"Battery, iPhone 14";"1";"F8Y6281C01H231LB1";"";"99.00"
"2026-09-18";"DC_MSPI-Owned";"NPM-MSPI-Owned";"661-22294";"Battery, iPhone 13 Pro Max";"1";"F8Y6176C0F113XCBX";"";"89.00"
"2026-09-18";"DC_MSPI-Owned";"NPM-MSPI-Owned";"661-35694";"Battery, iPhone 15 Pro";"1";"F8YHV3D0FXU00006TP";"";"99.00"
"2026-09-18";"DC_MSPI-Owned";"NPM-MSPI-Owned";"661-22294";"Battery, iPhone 13 Pro Max";"1";"F8Y6175C30A13XCBX";"";"89.00"
"2026-09-18";"DC_MSPI-Owned";"NPM-MSPI-Owned";"661-56064";"Battery, iPhone 17";"1";"F8YHVA005PH0001510";"";"99.00"
"2026-09-18";"DC_MSPI-Owned";"NPM-MSPI-Owned";"661-21988";"Display, iPhone 13";"1";"GVH54651ZQ9PR5PA1";"";"279.00"
"2026-09-18";"DC_MSPI-Owned";"NPM-MSPI-Owned";"661-36915";"Display, iPhone 15 Pro Max";"1";"G9P6053QF7V1PHRA3";"";"379.00"
"2026-09-18";"DC_MSPI-Owned";"NPM-MSPI-Owned";"661-49431";"Display, iPhone 16e";"1";"G9Q5346XG1H1502A0";"";"229.00"
"2026-09-18";"DC_MSPI-Owned";"NPM-MSPI-Owned";"661-30366";"Display, iPhone 14";"1";"G9Q5493VANY1502AP";"";"279.00"
"2026-09-18";"DC_MSPI-Owned";"NPM-MSPI-Owned";"661-44797";"Display, iPhone 16";"1";"G9NHUR20QG400004Y7";"";"279.00"
"2026-09-18";"DC_MSPI-Owned";"NPM-MSPI-Owned";"661-21988";"Display, iPhone 13";"1";"GVH54810C5WPR5PAR";"";"279.00"
"2026-09-18";"DC_MSPI-Owned";"NPM-MSPI-Owned";"661-56065";"Display, iPhone 17";"1";"JLNHUV00M1D0000U6M";"";"329.00"
"2026-09-18";"DC_MSPI-Owned";"NPM-MSPI-Owned";"661-56065";"Display, iPhone 17";"1";"GVCHS902SF80000U6M";"";"329.00"
"2026-09-18";"DC_MSPI-Owned";"NPM-MSPI-Owned";"661-56050";"Display, iPhone 17 Pro Max";"1";"G9PHVKV6LYF0000MUY";"";"379.00"
"2026-09-18";"DC_MSPI-Owned";"NPM-MSPI-Owned";"661-56050";"Display, iPhone 17 Pro Max";"1";"G9PHVMV3WT50000MUY";"";"379.00"
"2026-09-18";"DC_MSPI-Owned";"NPM-MSPI-Owned";"661-55240";"Display, iPhone Air";"1";"G9PHN5X05570000HU8";"";"329.00"
"2026-09-18";"DC_MSPI-Owned";"NPM-MSPI-Owned";"661-56050";"Display, iPhone 17 Pro Max";"1";"G9PHVJE6SUM0000MUY";"";"379.00"
"2026-09-18";"DC_MSPI-Owned";"NPM-MSPI-Owned";"661-56125";"Display, iPhone 17 Pro";"1";"G9PHUNY42UV0000L4B";"";"329.00"
"2026-09-18";"DC_MSPI-Owned";"NPM-MSPI-Owned";"661-56125";"Display, iPhone 17 Pro";"1";"G9PHUNU1S8H0000L4B";"";"329.00"
"2026-09-18";"DC_MSPI-Owned";"NPM-MSPI-Owned";"661-56050";"Display, iPhone 17 Pro Max";"1";"G9PHVKE6ATC0000MUY";"";"379.00"
"2026-09-18";"DC_MSPI-Owned";"NPM-MSPI-Owned";"661-21991";"Battery, iPhone 13";"1";"F8Y6305C57218FKB3";"";"89.00"
"2026-09-18";"DC_MSPI-Owned";"NPM-MSPI-Owned";"661-21991";"Battery, iPhone 13";"1";"F8Y6302CBGK18FKBQ";"";"89.00"
"2026-09-18";"DC_MSPI-Owned";"NPM-MSPI-Owned";"661-21991";"Battery, iPhone 13";"1";"F8Y6302CA6218FKB4";"";"89.00"
"2026-09-18";"DC_MSPI-Owned";"NPM-MSPI-Owned";"661-21991";"Battery, iPhone 13";"1";"F8Y6302CA4L18FKBS";"";"89.00"
"2026-09-18";"DC_MSPI-Owned";"NPM-MSPI-Owned";"661-21991";"Battery, iPhone 13";"1";"F8Y6304C7M218FKBU";"";"89.00"
"2026-09-18";"DC_MSPI-Owned";"NPM-MSPI-Owned";"661-21991";"Battery, iPhone 13";"1";"F8Y6316C0FE18FKB2";"";"89.00"
"2026-09-18";"DC_MSPI-Owned";"NPM-MSPI-Owned";"661-21991";"Battery, iPhone 13";"1";"F8Y6316C6PU18FKBS";"";"89.00"
"2026-09-18";"DC_MSPI-Owned";"NPM-MSPI-Owned";"661-21991";"Battery, iPhone 13";"1";"F8Y6321C0QB18FKBE";"";"89.00"
"2026-09-18";"DC_MSPI-Owned";"NPM-MSPI-Owned";"661-21991";"Battery, iPhone 13";"1";"F8Y6321C0Q518FKBL";"";"89.00"
"2026-09-18";"DC_MSPI-Owned";"NPM-MSPI-Owned";"661-21991";"Battery, iPhone 13";"1";"F8Y6316C07018FKB6";"";"89.00"
"2026-09-18";"DC_MSPI-Owned";"NPM-MSPI-Owned";"661-21991";"Battery, iPhone 13";"1";"F8Y6317C17018FKB4";"";"89.00"
"2026-09-18";"DC_MSPI-Owned";"NPM-MSPI-Owned";"661-21991";"Battery, iPhone 13";"1";"F8Y6315C1PB18FKBF";"";"89.00"
"2026-09-18";"DC_MSPI-Owned";"NPM-MSPI-Owned";"661-21991";"Battery, iPhone 13";"1";"F8Y6321C2UM18FKBQ";"";"89.00"
"2026-09-18";"DC_MSPI-Owned";"NPM-MSPI-Owned";"661-21991";"Battery, iPhone 13";"1";"F8Y6302C0J018FKBE";"";"89.00"
"2026-09-18";"DC_MSPI-Owned";"NPM-MSPI-Owned";"661-21991";"Battery, iPhone 13";"1";"F8Y6302CB5C18FKBW";"";"89.00"
"2026-09-18";"DC_MSPI-Owned";"NPM-MSPI-Owned";"661-21991";"Battery, iPhone 13";"1";"F8Y6302CB6618FKBZ";"";"89.00"
"2026-09-18";"DC_MSPI-Owned";"NPM-MSPI-Owned";"661-21991";"Battery, iPhone 13";"1";"F8Y6302CAKR18FKBA";"";"89.00"
"2026-09-18";"DC_MSPI-Owned";"NPM-MSPI-Owned";"661-21991";"Battery, iPhone 13";"1";"F8Y6302CB4S18FKBK";"";"89.00"
"2026-09-18";"DC_MSPI-Owned";"NPM-MSPI-Owned";"661-21991";"Battery, iPhone 13";"1";"F8Y6302CB5K18FKBP";"";"89.00"
"2026-09-18";"DC_MSPI-Owned";"NPM-MSPI-Owned";"661-21991";"Battery, iPhone 13";"1";"F8Y6302C8B818FKBK";"";"89.00"
"2026-09-18";"DC_MSPI-Owned";"NPM-MSPI-Owned";"661-21991";"Battery, iPhone 13";"1";"F8Y6302CAKV18FKB6";"";"89.00"
"2026-09-18";"DC_MSPI-Owned";"NPM-MSPI-Owned";"661-30382";"Battery, iPhone 14 Pro";"1";"F8Y6247CFGP217WBH";"";"99.00"
"2026-09-18";"DC_MSPI-Owned";"NPM-MSPI-Owned";"661-30397";"Battery, iPhone 14 Pro Max";"1";"F8Y6277CMPB20J9BG";"";"99.00"
"2026-09-18";"DC_MSPI-Owned";"NPM-MSPI-Owned";"661-30397";"Battery, iPhone 14 Pro Max";"1";"F8Y6277C6BB20J9BZ";"";"99.00"
"2026-09-18";"DC_MSPI-Owned";"NPM-MSPI-Owned";"661-21996";"Battery, iPhone 13 Pro";"1";"F8Y6284C4Y013RHCK";"";"89.00"
"2026-09-18";"DC_MSPI-Owned";"NPM-MSPI-Owned";"661-21996";"Battery, iPhone 13 Pro";"1";"F8Y6284C47113RHCR";"";"89.00"
"2026-09-19";"DC_MSPI-Owned";"ILO-MSPI-Owned";"661-21988";"Display, iPhone 13";"1";"GVH54610SLHPR5PAK";"";"279.00"
"2026-09-19";"DC_MSPI-Owned";"ILO-MSPI-Owned";"661-21988";"Display, iPhone 13";"1";"GVH548107YJPR5PAV";"";"279.00"
"2026-09-19";"DC_MSPI-Owned";"ILO-MSPI-Owned";"661-21988";"Display, iPhone 13";"1";"GVH547710R2PR5PAZ";"";"279.00"
"2026-09-19";"DC_MSPI-Owned";"ILO-MSPI-Owned";"661-21993";"Display, iPhone 13 Pro";"1";"G9P5155L176PQCKA6";"";"279.00"
"2026-09-19";"DC_MSPI-Owned";"ILO-MSPI-Owned";"661-56125";"Display, iPhone 17 Pro";"1";"G9QHUGN405W0000L4B";"";"329.00"
"2026-09-19";"DC_MSPI-Owned";"ILO-MSPI-Owned";"661-56050";"Display, iPhone 17 Pro Max";"1";"G9PHVFE044P0000MUY";"";"379.00"
"2026-09-19";"DC_MSPI-Owned";"ILO-MSPI-Owned";"661-56050";"Display, iPhone 17 Pro Max";"1";"G9PHVME4WL00000MUY";"";"379.00"
"2026-09-21";"DC_MSPI-Owned";"CBO_MSPI-Owned";"661-21988";"Display, iPhone 13";"1";"G9P5492C5LSPR5QA4";"";"279.00"
"2026-09-21";"DC_MSPI-Owned";"CBO_MSPI-Owned";"661-21996";"Battery, iPhone 13 Pro";"1";"F8Y5502C0JK13RHC4";"";"46.00"
"2026-09-21";"DC_MSPI-Owned";"CBO_MSPI-Owned";"661-21991";"Battery, iPhone 13";"1";"F8Y6304C8U918FKBZ";"";"89.00"
"2026-09-21";"DC_MSPI-Owned";"CBO_MSPI-Owned";"661-30382";"Battery, iPhone 14 Pro";"1";"F8Y6247CFGV217WBB";"";"99.00"
"2026-09-14";"MEG-MSPI-Owned";"POD_MSPI-Owned";"661-35694";"Battery, iPhone 15 Pro";"1";"F8YHV1D006Q00006TP";"";"99.00"
"2026-09-16";"TRI-Repair";"TRI-MSPI-Owned";"661-30397";"Battery, iPhone 14 Pro Max";"1";"F8Y6273CC9P20J9BR";"";"0.00"
"2026-09-15";"PPM-Repair";"PPM-MSPI-Owned";"661-56050";"Display, iPhone 17 Pro Max";"1";"G9PHVMV2PNZ0000MUY";"";"0.00"
"2026-09-15";"GB3-MSPI-Owned";"GB3-Repair";"661-21991";"Battery, iPhone 13";"1";"F8Y6283C01K18FKBN";"";"89.00"
"2026-09-17";"MEG_Finished Goods";"MEG-MSPI-Owned";"661-22309";"Display, iPhone 13 Pro Max";"1";"G9P4467MJK5PQCLAD";"";"0.00"
"2026-09-18";"GB3-MSPI-Owned";"GB3-Repair";"661-21991";"Battery, iPhone 13";"1";"F8Y6305C7YX18FKBZ";"";"89.00"

