"Stock Name";"Stock Type";"Part Number";"Part Description";"Part Serial";"Part IMEI";"Last Received Date";Quantity;"Part Value";"Total Value"
GL5_MSPI-Owned;Regular;Z661-35407;"AirPods Pro 2nd gen USB-C, Right, CI/AR, INT";;;2025-10-10;2;80.00;160.00
GL5_MSPI-Owned;Regular;Z661-35406;"AirPods Pro 2nd gen USB-C, Left, CI/AR, INT";;;2025-08-14;1;80.00;80.00
VER_MSPI-Owned;Regular;661-11232;"Display, iPhone XR";C3F3206G03LJLNMAK;;2025-08-15;1;199.00;199.00
VER_MSPI-Owned;Regular;661-11232;"Display, iPhone XR";C3F3206G0MBJLNMA8;;2025-08-15;1;199.00;199.00
VER_MSPI-Owned;Regular;661-11232;"Display, iPhone XR";C3F3215G086JLNMAG;;2025-08-15;1;199.00;199.00
VER_MSPI-Owned;Regular;661-11232;"Display, iPhone XR";C3F3232G1LSJLNMAQ;;2025-08-15;1;199.00;199.00
VER_MSPI-Owned;Regular;661-14099;"Display, iPhone 11 Pro Max";GH301170D7TKP6PAD;;2025-08-15;1;296.43;296.43
VER_MSPI-Owned;Regular;661-14099;"Display, iPhone 11 Pro Max";G9P2264C76GJMPN5L;;2025-08-15;1;296.43;296.43
VER_MSPI-Owned;Regular;661-14099;"Display, iPhone 11 Pro Max";G9P2081CJ9GJMPN5Z;;2025-08-15;1;296.43;296.43
VER_MSPI-Owned;Regular;661-14099;"Display, iPhone 11 Pro Max";G9P2373C8RRJMPN5J;;2025-08-15;1;296.43;296.43
VER_MSPI-Owned;Regular;661-14098;"Display, iPhone 11";F7C4207C1K9KV27A5;;2025-08-15;1;199.00;199.00
VER_MSPI-Owned;Regular;661-14098;"Display, iPhone 11";F7C4216D43NKV27AY;;2025-08-15;1;199.00;199.00
VER_MSPI-Owned;Regular;661-14098;"Display, iPhone 11";DKH5031G2QK04FPAK;;2025-08-15;1;199.00;199.00
VER_MSPI-Owned;Regular;661-14098;"Display, iPhone 11";DKH5127G15L04FPA4;;2025-08-15;1;199.00;199.00
VER_MSPI-Owned;Regular;661-14096;"Display, iPhone 11 Pro";G9P1194A6J5JMPM6V;;2025-08-15;1;256.25;256.25
VER_MSPI-Owned;Regular;661-14096;"Display, iPhone 11 Pro";G9P1177AEBVJMPM6M;;2025-08-15;1;256.25;256.25
VER_MSPI-Owned;Regular;661-14096;"Display, iPhone 11 Pro";G9P1286AACGJMPM6Y;;2025-08-15;1;256.25;256.25
VER_MSPI-Owned;Regular;661-14096;"Display, iPhone 11 Pro";G9P1355AAH1JMPM67;;2025-08-15;1;256.25;256.25
VER_MSPI-Owned;Regular;661-14096;"Display, iPhone 11 Pro";G9P1475AMH5JMPM6K;;2025-08-15;1;256.25;256.25
VER_MSPI-Owned;Regular;661-13114;"Display, iPhone X";FXV01148T3BJ6DX91;;2025-08-15;1;256.25;256.25
VER_MSPI-Owned;Regular;661-13114;"Display, iPhone X";FXV01378SAYJ6DX9K;;2025-08-15;1;256.25;256.25
VER_MSPI-Owned;Regular;661-13114;"Display, iPhone X";FXV010277NDJ6DX94;;2025-08-15;1;256.25;256.25
VER_MSPI-Owned;Regular;661-13114;"Display, iPhone X";FXV01162X4DJ6DX98;;2025-08-15;1;256.25;256.25
VER_MSPI-Owned;Regular;661-13114;"Display, iPhone X";FXV02116GXBJ6DX94;;2025-08-15;1;256.25;256.25
VER_MSPI-Owned;Regular;661-13114;"Display, iPhone X";FXR042327D8J6DX9B;;2025-08-15;1;256.25;256.25
VER_MSPI-Owned;Regular;661-13114;"Display, iPhone X";FXC0273GVA8J6DX9Q;;2025-08-15;1;256.25;256.25
VER_MSPI-Owned;Regular;661-13114;"Display, iPhone X";FXR04131WRNJ6DX9C;;2025-08-15;1;256.25;256.25
VER_MSPI-Owned;Regular;661-13114;"Display, iPhone X";FXR03910L71J6DX9B;;2025-08-15;1;256.25;256.25
VER_MSPI-Owned;Regular;661-18504;"Display, iPhone 12 Pro";GVH32452E0YLQHMAN;;2025-08-15;1;256.25;256.25
VER_MSPI-Owned;Regular;661-21988;"Display, iPhone 13";G9Q4255XFS8PR5QAJ;;2025-08-15;1;279.00;279.00
VER_MSPI-Owned;Regular;661-21993;"Display, iPhone 13 Pro";G9P5163L383PQCKA3;;2025-08-15;1;279.00;279.00
VER_MSPI-Owned;Regular;661-22311;"Display, iPhone 13 mini";G9Q4523AFQFPRRDA5;;2025-09-15;1;229.00;229.00
VER_MSPI-Owned;Regular;661-22311;"Display, iPhone 13 mini";G9Q4525A56PPRRDAR;;2025-09-15;1;229.00;229.00
VER_MSPI-Owned;Regular;661-13574;"Battery, iPhone 11";F8Y5034C3FUM6YND5;;2025-08-15;1;89.00;89.00
VER_MSPI-Owned;Regular;661-13624;"Battery, iPhone 11 Pro Max";F8Y4495C2YDMD2CBF;;2025-08-15;1;79.46;79.46
VER_MSPI-Owned;Regular;661-13624;"Battery, iPhone 11 Pro Max";F5D51941HBULTDMBP;;2025-08-15;1;79.46;79.46
VER_MSPI-Owned;Regular;661-13624;"Battery, iPhone 11 Pro Max";F8Y5196C1G0MD2CB8;;2025-08-15;1;79.46;79.46
VER_MSPI-Owned;Regular;661-13624;"Battery, iPhone 11 Pro Max";F8Y5135C2J8MD2CBC;;2025-08-15;1;79.46;79.46
VER_MSPI-Owned;Regular;661-13624;"Battery, iPhone 11 Pro Max";F8Y5034C287MD2CBB;;2025-08-15;1;79.46;79.46
VER_MSPI-Owned;Regular;661-17920;"Battery, iPhone 12 and 12 Pro";F8Y5111C5VEQ687BZ;;2025-08-15;1;79.46;79.46
VER_MSPI-Owned;Regular;661-22374;"Battery, iPhone 13 mini";F8Y5197C1SF14LWCQ;;2025-09-15;1;89.00;89.00
VER_MSPI-Owned;Regular;923-06237;"Taptic Engine, iPhone 13";GH912953ECZ033C8K;;2025-08-15;1;67.00;67.00
VER_MSPI-Owned;Regular;923-06237;"Taptic Engine, iPhone 13";GH912943758033C85;;2025-08-15;1;67.00;67.00
VER_MSPI-Owned;Regular;923-06237;"Taptic Engine, iPhone 13";GH91294350D033C8H;;2025-08-15;1;67.00;67.00
VER_MSPI-Owned;Regular;923-06682;"Taptic Engine, iPhone 13 mini";GH913232JC008098C;;2025-09-15;1;67.00;67.00
VER_MSPI-Owned;Regular;923-06682;"Taptic Engine, iPhone 13 mini";GH9132322ZD08098L;;2025-09-15;1;67.00;67.00
VER_MSPI-Owned;Regular;923-06682;"Taptic Engine, iPhone 13 mini";GH913232JKF08098A;;2025-09-15;1;67.00;67.00
VER_MSPI-Owned;Regular;923-06258;"Taptic Engine, iPhone 13 Pro";GH7132458B307428A;;2025-08-15;1;67.00;67.00
VER_MSPI-Owned;Regular;923-06258;"Taptic Engine, iPhone 13 Pro";GH713245AS407428W;;2025-08-15;1;67.00;67.00
VER_MSPI-Owned;Regular;923-06258;"Taptic Engine, iPhone 13 Pro";GH713243DR0074286;;2025-08-15;1;67.00;67.00
VER_MSPI-Owned;Regular;923-06643;"Taptic Engine, iPhone 13 Pro Max";GH7132465TS074782;;2025-08-15;1;67.00;67.00
VER_MSPI-Owned;Regular;923-06643;"Taptic Engine, iPhone 13 Pro Max";GH7132470ZD07478Z;;2025-08-15;1;67.00;67.00
VER_MSPI-Owned;Regular;923-06643;"Taptic Engine, iPhone 13 Pro Max";GH713246G6M07478R;;2025-08-15;1;67.00;67.00
VER_MSPI-Owned;Regular;923-06256;"Bottom Speaker, iPhone 13 Pro";CTH1356C1WT080D5D;;2025-08-15;1;67.00;67.00
VER_MSPI-Owned;Regular;923-06256;"Bottom Speaker, iPhone 13 Pro";CTH1356CDLZ080D5R;;2025-08-15;1;67.00;67.00
VER_MSPI-Owned;Regular;923-06256;"Bottom Speaker, iPhone 13 Pro";CTH1356CJCD080D5W;;2025-08-15;1;67.00;67.00
VER_MSPI-Owned;Regular;923-06235;"Bottom Speaker, iPhone 13";DTV13173EXS08036W;;2025-08-15;1;67.00;67.00
VER_MSPI-Owned;Regular;923-06235;"Bottom Speaker, iPhone 13";DTV13174BK808036G;;2025-08-15;1;67.00;67.00
VER_MSPI-Owned;Regular;923-06235;"Bottom Speaker, iPhone 13";DTV13174D0C08036Z;;2025-08-15;1;67.00;67.00
VER_MSPI-Owned;Regular;923-06692;"Bottom Speaker, iPhone 13 mini";DTV135323PD07YR5T;;2025-08-15;1;67.00;67.00
VER_MSPI-Owned;Regular;923-06692;"Bottom Speaker, iPhone 13 mini";DTV1315102Z07YR4M;;2025-08-15;1;67.00;67.00
VER_MSPI-Owned;Regular;923-06692;"Bottom Speaker, iPhone 13 mini";DTV1315118B07YR4Q;;2025-08-15;1;67.00;67.00
VER_MSPI-Owned;Regular;923-06648;"Bottom Speaker, iPhone 13 Pro Max";CTH136323A2080T3G;;2025-08-15;1;67.00;67.00
VER_MSPI-Owned;Regular;923-06648;"Bottom Speaker, iPhone 13 Pro Max";CTH1374186S080T3Y;;2025-08-15;1;67.00;67.00
VER_MSPI-Owned;Regular;923-06648;"Bottom Speaker, iPhone 13 Pro Max";CTH136318G7080T3R;;2025-08-15;1;67.00;67.00
VER_MSPI-Owned;Regular;923-04915;"Speaker, iPhone 12 and 12 Pro";DTV03774C7DNR6D5R;;2025-08-15;1;59.82;59.82
VER_MSPI-Owned;Regular;923-04915;"Speaker, iPhone 12 and 12 Pro";DTV03947LS7NR6D5N;;2025-08-15;1;59.82;59.82
VER_MSPI-Owned;Regular;923-05011;"Speaker, iPhone 12 mini";DXY040135VFNR5T51;;2025-08-15;1;59.82;59.82
VER_MSPI-Owned;Regular;923-05011;"Speaker, iPhone 12 mini";DXY04013EWCNR5T5S;;2025-08-15;1;59.82;59.82
VER_MSPI-Owned;Regular;661-17921;"Camera, iPhone 12";F6D34350D3MMFGR5Q;;2025-08-15;1;158.93;158.93
VER_MSPI-Owned;Regular;661-17921;"Camera, iPhone 12";F6D13832SF7MFGR75;;2025-08-15;1;158.93;158.93
VER_MSPI-Owned;Regular;661-17922;"Camera, iPhone 12 Pro";GCF22443HQLMFGVBB;;2025-08-15;1;181.25;181.25
VER_MSPI-Owned;Regular;661-17922;"Camera, iPhone 12 Pro";GCF22546B5KMFGVBV;;2025-08-15;1;181.25;181.25
VER_MSPI-Owned;Regular;661-21991;"Battery, iPhone 13";F8Y5256C5XQ18FKBZ;;2025-08-15;1;89.00;89.00
POD_MSPI-Owned;Regular;661-21998;"SVC,DISPLAY,IPHONE 13";GVH510310Y7PR5PA1;;2025-08-16;1;;
POD_MSPI-Owned;Regular;661-04582;"Battery Kit, iPhone 6s Plus";F8Y246602CXG8H8DC;;2025-08-16;1;61.61;61.61
POD_MSPI-Owned;Regular;661-04582;"Battery Kit, iPhone 6s Plus";F8Y249105ACG8H8DW;;2025-08-16;1;61.61;61.61
POD_MSPI-Owned;Regular;661-04580;"Battery, iPhone 6 Plus";F8Y904402T9FTHLDL;;2025-08-16;1;61.61;61.61
POD_MSPI-Owned;Regular;661-04580;"Battery, iPhone 6 Plus";F8Y9024051UFTHLDE;;2025-08-16;1;61.61;61.61
POD_MSPI-Owned;Regular;661-04581;"Battery Kit, iPhone 6s";F5D20660CEDG5NYCD;;2025-08-16;1;61.61;61.61
POD_MSPI-Owned;Regular;661-13624;"Battery, iPhone 11 Pro Max";F8Y4495C2HNMD2CBH;;2025-08-16;1;79.46;79.46
POD_MSPI-Owned;Regular;661-13624;"Battery, iPhone 11 Pro Max";F8Y4495C1XGMD2CBG;;2025-08-16;1;79.46;79.46
POD_MSPI-Owned;Regular;661-04579;"Battery, iPhone 6";FG91405022DFW5WF2;;2025-08-16;1;61.61;61.61
POD_MSPI-Owned;Regular;661-04579;"Battery, iPhone 6";FG91465029NFW5WFN;;2025-08-16;1;61.61;61.61
POD_MSPI-Owned;Regular;661-05755;"Battery, iPhone 7 Plus";F8Y431500KAH86CCL;;2025-08-16;1;61.61;61.61
POD_MSPI-Owned;Regular;661-05755;"Battery, iPhone 7 Plus";F8Y431500NFH86CC6;;2025-08-16;1;61.61;61.61
POD_MSPI-Owned;Regular;923-05011;"Speaker, iPhone 12 mini";DXY040334YLNR5T5L;;2025-08-16;1;59.82;59.82
POD_MSPI-Owned;Regular;923-05011;"Speaker, iPhone 12 mini";DXY04013DMZNR5T5Z;;2025-08-16;1;59.82;59.82
POD_MSPI-Owned;Regular;923-04915;"Speaker, iPhone 12 and 12 Pro";DTV037745DBNR6D5G;;2025-08-16;1;59.82;59.82
POD_MSPI-Owned;Regular;923-04915;"Speaker, iPhone 12 and 12 Pro";DTV03774B3ZNR6D5J;;2025-08-16;1;59.82;59.82
POD_MSPI-Owned;Regular;923-05104;"Speaker, iPhone 12 Pro Max";DTV036327VKNR6N5W;;2025-08-16;1;67.00;67.00
POD_MSPI-Owned;Regular;923-05104;"Speaker, iPhone 12 Pro Max";DTV036327URNR6N5T;;2025-08-16;1;67.00;67.00
POD_MSPI-Owned;Regular;661-17921;"Camera, iPhone 12";F6D21661B3RMFGR5F;;2025-08-16;1;158.93;158.93
POD_MSPI-Owned;Regular;661-17921;"Camera, iPhone 12";F6D20740YBUMFGR54;;2025-08-16;1;158.93;158.93
POD_MSPI-Owned;Regular;661-17922;"Camera, iPhone 12 Pro";GCF10338N99MFGVBN;;2025-08-16;1;181.25;181.25
POD_MSPI-Owned;Regular;661-17922;"Camera, iPhone 12 Pro";GCF242779GYMFGVBL;;2025-08-16;1;181.25;181.25
POD_MSPI-Owned;Regular;923-06682;"Taptic Engine, iPhone 13 mini";GH913232HZW08098N;;2025-08-16;1;67.00;67.00
POD_MSPI-Owned;Regular;923-06682;"Taptic Engine, iPhone 13 mini";GH9132323EQ08098X;;2025-08-16;1;67.00;67.00
POD_MSPI-Owned;Regular;923-06682;"Taptic Engine, iPhone 13 mini";GH913222GSL08098M;;2025-08-16;1;67.00;67.00
POD_MSPI-Owned;Regular;923-06237;"Taptic Engine, iPhone 13";GH912953EQD033C83;;2025-08-16;1;67.00;67.00
POD_MSPI-Owned;Regular;923-06237;"Taptic Engine, iPhone 13";GH912953HJS033C85;;2025-08-16;1;67.00;67.00
POD_MSPI-Owned;Regular;923-06237;"Taptic Engine, iPhone 13";GH9129630KB033C8Z;;2025-08-16;1;67.00;67.00
POD_MSPI-Owned;Regular;923-06258;"Taptic Engine, iPhone 13 Pro";GH713425R2D074286;;2025-08-16;1;67.00;67.00
POD_MSPI-Owned;Regular;923-06258;"Taptic Engine, iPhone 13 Pro";GH7134238ZP07428U;;2025-08-16;1;67.00;67.00
POD_MSPI-Owned;Regular;923-06258;"Taptic Engine, iPhone 13 Pro";GH713425AJL074280;;2025-08-16;1;67.00;67.00
POD_MSPI-Owned;Regular;661-07293;"Black, Display, iPhone 7, DH";FVQ9156E3MWH1NGAZ;;2025-08-16;1;143.75;143.75
POD_MSPI-Owned;Regular;661-07293;"Black, Display, iPhone 7, DH";DKH149131YLH1NQAN;;2025-08-16;1;143.75;143.75
POD_MSPI-Owned;Regular;661-07294;"Silver, Display, iPhone 7, DH";F7C8134BA0FH1NHAX;;2025-08-16;1;143.75;143.75
POD_MSPI-Owned;Regular;661-07295;"Gold, Display, iPhone 7, DH";DKH9483B89TH1NRAV;;2025-08-16;1;143.75;143.75
POD_MSPI-Owned;Regular;661-07296;"Rose Gold, Display, iPhone 7, DH";DKH1041129VH1NRA3;;2025-08-16;1;143.75;143.75
POD_MSPI-Owned;Regular;661-07297;"Black/Jet Black, Display, iPhone 7 Plus, DH";C3F0513M5J2H1FQAJ;;2025-08-16;1;158.93;158.93
POD_MSPI-Owned;Regular;661-07297;"Black/Jet Black, Display, iPhone 7 Plus, DH";C3F0467M20KH1FQA6;;2025-08-16;1;158.93;158.93
POD_MSPI-Owned;Regular;661-07298;"Silver, Display, iPhone 7 Plus, DH";C3F0374M1UVH1FMAK;;2025-08-16;1;158.93;158.93
POD_MSPI-Owned;Regular;661-07299;"Gold, Display, iPhone 7 Plus, DH";C3F9521Q8VYH1FMAL;;2025-08-16;1;158.93;158.93
POD_MSPI-Owned;Regular;661-07300;"Rose Gold, Display, iPhone 7 Plus, DH";C3F9523Q4UTH1FMAW;;2025-08-16;1;158.93;158.93
POD_MSPI-Owned;Regular;661-07300;"Rose Gold, Display, iPhone 7 Plus, DH";C3F0374M0B6H1FMAS;;2025-08-16;1;158.93;158.93
POD_MSPI-Owned;Regular;923-06643;"Taptic Engine, iPhone 13 Pro Max";GH713247A0D07478L;;2025-08-16;1;67.00;67.00
POD_MSPI-Owned;Regular;923-06643;"Taptic Engine, iPhone 13 Pro Max";GH713246FH8074786;;2025-08-16;1;67.00;67.00
POD_MSPI-Owned;Regular;923-06643;"Taptic Engine, iPhone 13 Pro Max";GH7132566T407478N;;2025-08-16;1;67.00;67.00
POD_MSPI-Owned;Regular;661-14099;"Display, iPhone 11 Pro Max";G9P1363CFBDJMPN53;;2025-08-16;1;296.43;296.43
POD_MSPI-Owned;Regular;661-14099;"Display, iPhone 11 Pro Max";G9P0455CKNRJMPN5R;;2025-08-16;1;296.43;296.43
POD_MSPI-Owned;Regular;661-14099;"Display, iPhone 11 Pro Max";G9P1203CH8TJMPN5F;;2025-08-16;1;296.43;296.43
POD_MSPI-Owned;Regular;661-14099;"Display, iPhone 11 Pro Max";G9P2352CLEBJMPN5S;;2025-08-16;1;296.43;296.43
POD_MSPI-Owned;Regular;661-07288;"Rose Gold, Display, iPhone 6s, DH";C118046M3AUG192TZ;;2025-08-16;1;143.75;143.75
POD_MSPI-Owned;Regular;661-07288;"Rose Gold, Display, iPhone 6s, DH";C119081M99FG192TZ;;2025-08-16;1;143.75;143.75
POD_MSPI-Owned;Regular;661-07285;"Space Gray, Display, iPhone 6s, DH";DKH947342DXG8GLSE;;2025-08-16;1;143.75;143.75
POD_MSPI-Owned;Regular;661-07285;"Space Gray, Display, iPhone 6s, DH";DKH947344F1G8GLS2;;2025-08-16;1;143.75;143.75
POD_MSPI-Owned;Regular;661-07286;"Silver, Display, iPhone 6s, DH";C118126M0AJG192TH;;2025-08-16;1;143.75;143.75
POD_MSPI-Owned;Regular;661-07286;"Silver, Display, iPhone 6s, DH";F7C7484RAFQG192TU;;2025-08-16;1;143.75;143.75
POD_MSPI-Owned;Regular;661-07287;"Gold, Display, iPhone 6s, DH";F7C7483R34DG192TC;;2025-08-16;1;143.75;143.75
POD_MSPI-Owned;Regular;661-07287;"Gold, Display, iPhone 6s, DH";C119082M3KUG192TV;;2025-08-16;1;143.75;143.75
POD_MSPI-Owned;Regular;661-13114;"Display, iPhone X";FXT742229YYJ6DX98;;2025-08-16;1;256.25;256.25
POD_MSPI-Owned;Regular;661-13114;"Display, iPhone X";FXV010476WAJ6DX9G;;2025-08-16;1;256.25;256.25
POD_MSPI-Owned;Regular;661-13114;"Display, iPhone X";FXV01118GE6J6DX9M;;2025-08-16;1;256.25;256.25
POD_MSPI-Owned;Regular;661-13114;"Display, iPhone X";FXV011489XBJ6DX93;;2025-08-16;1;256.25;256.25
POD_MSPI-Owned;Regular;661-13114;"Display, iPhone X";FXV010679LWJ6DX9M;;2025-08-16;1;256.25;256.25
POD_MSPI-Owned;Regular;661-13114;"Display, iPhone X";FX90174GWY3J6DX9Z;;2025-08-16;1;256.25;256.25
POD_MSPI-Owned;Regular;661-13114;"Display, iPhone X";FX90022GU5ZJ6DX92;;2025-08-16;1;256.25;256.25
POD_MSPI-Owned;Regular;661-13114;"Display, iPhone X";FXV94962A1RJ6DX96;;2025-08-16;1;256.25;256.25
POD_MSPI-Owned;Regular;661-10608;"Display, iPhone Xs";G9P22952G2ZJC4656;;2025-08-16;1;256.25;256.25
POD_MSPI-Owned;Regular;661-10608;"Display, iPhone Xs";G9P22732E4WJC465D;;2025-08-16;1;256.25;256.25
POD_MSPI-Owned;Regular;661-11037;"Display, iPhone Xs Max";G9P0455D96GJ4F84B;;2025-08-16;1;296.43;296.43
POD_MSPI-Owned;Regular;661-11037;"Display, iPhone Xs Max";G9P1202D6E6J4F84H;;2025-08-16;1;296.43;296.43
POD_MSPI-Owned;Regular;661-07289;"Space Gray, Display, iPhone 6s Plus, DH";F7C9276J958G8W9TG;;2025-08-16;1;158.93;158.93
POD_MSPI-Owned;Regular;661-07289;"Space Gray, Display, iPhone 6s Plus, DH";F7C7493D48HG8W9TK;;2025-08-16;1;158.93;158.93
POD_MSPI-Owned;Regular;661-07290;"Silver, Display, iPhone 6s Plus, DH";DTP74148DP6G8WHLS;;2025-08-16;1;158.93;158.93
POD_MSPI-Owned;Regular;661-07290;"Silver, Display, iPhone 6s Plus, DH";F7C7473EALXG8WCTX;;2025-08-16;1;158.93;158.93
POD_MSPI-Owned;Regular;661-09032;"SVC,DISPLAY,GRAY,IPHONE 8 PLUS";C3F0033MAX9HLK8AK;;2025-08-16;1;158.93;158.93
POD_MSPI-Owned;Regular;661-09033;"Display, Silver, iPhone 8 Plus";FVQ9242D4U4HLK2AG;;2025-08-16;1;158.93;158.93
POD_MSPI-Owned;Regular;661-09033;"Display, Silver, iPhone 8 Plus";C3F8143K96CHLK7A3;;2025-08-16;1;158.93;158.93
POD_MSPI-Owned;Regular;661-09034;"Display, Gold, iPhone 8 Plus";C3F0473M4UTHLK7A1;;2025-08-16;1;158.93;158.93
POD_MSPI-Owned;Regular;661-10103;"SVC,DISPLAY,IPHONE 8 PLUS, RED";C119115P8U3HLK3AX;;2025-08-16;1;158.93;158.93
POD_MSPI-Owned;Regular;661-10103;"SVC,DISPLAY,IPHONE 8 PLUS, RED";C119017P7NWHLK3AN;;2025-08-16;1;158.93;158.93
POD_MSPI-Owned;Regular;661-08933;"Display, Space Gray, iPhone 8";DKH136732RCHNK0AY;;2025-08-16;1;143.75;143.75
POD_MSPI-Owned;Regular;661-08934;"Display, Silver, iPhone 8";DKH9135K1HZHNJYAG;;2025-08-16;1;143.75;143.75
POD_MSPI-Owned;Regular;661-08934;"Display, Silver, iPhone 8";C3F7414DCESHNJRA5;;2025-08-16;1;143.75;143.75
POD_MSPI-Owned;Regular;661-09081;"Display, Gold, iPhone 8";DKH137633NLHNJYA1;;2025-08-16;1;143.75;143.75
POD_MSPI-Owned;Regular;661-09081;"Display, Gold, iPhone 8";DKH928268EWHNJYAD;;2025-08-16;1;143.75;143.75
POD_MSPI-Owned;Regular;661-10102;"SVC,DISPLAY,IPHONE 8, RED";C3F8015B2D7HNJTA7;;2025-08-16;1;143.75;143.75
POD_MSPI-Owned;Regular;661-10102;"SVC,DISPLAY,IPHONE 8, RED";FVQ8062H11CHNJMAT;;2025-08-16;1;143.75;143.75
POD_MSPI-Owned;Regular;661-17940;"Display, iPhone 12 mini";G9Q0526NLJXLQHJA4;;2025-08-16;1;216.07;216.07
POD_MSPI-Owned;Regular;661-18503;"Display, iPhone 12";GVH31359UJPLQHMAE;;2025-08-16;1;256.25;256.25
POD_MSPI-Owned;Regular;661-18504;"Display, iPhone 12 Pro";G9N4242CDAHLQHKA1;;2025-08-16;1;256.25;256.25
POD_MSPI-Owned;Regular;661-07291;"Gold, Display, iPhone 6s Plus, DH";F7C9303J2U9G8WCT7;;2025-08-16;1;158.93;158.93
POD_MSPI-Owned;Regular;661-07291;"Gold, Display, iPhone 6s Plus, DH";F7C9364J2KCG8WCTC;;2025-08-16;1;158.93;158.93
POD_MSPI-Owned;Regular;661-07292;"Rose Gold, Display, iPhone 6s Plus, DH";F7C9306JBQ9G8WCT7;;2025-08-16;1;158.93;158.93
POD_MSPI-Owned;Regular;661-07292;"Rose Gold, Display, iPhone 6s Plus, DH";F7C9044JC08G8WCT4;;2025-08-16;1;158.93;158.93
POD_MSPI-Owned;Regular;661-22311;"Display, iPhone 13 mini";G9Q4491APCLPRRDAA;;2025-09-09;1;229.00;229.00
POD_MSPI-Owned;Regular;661-11232;"Display, iPhone XR";F7C2115T054JH41AV;;2025-08-16;1;199.00;199.00
POD_MSPI-Owned;Regular;661-11232;"Display, iPhone XR";F7C2122T37LJH41A4;;2025-08-16;1;199.00;199.00
POD_MSPI-Owned;Regular;661-11232;"Display, iPhone XR";C3F2023GCNSJLNMAE;;2025-08-16;1;199.00;199.00
POD_MSPI-Owned;Regular;661-11232;"Display, iPhone XR";C3F2023GC7MJLNMAW;;2025-08-16;1;199.00;199.00
POD_MSPI-Owned;Regular;661-11232;"Display, iPhone XR";C3F2025G33QJLNMAC;;2025-08-16;1;199.00;199.00
POD_MSPI-Owned;Regular;661-14096;"Display, iPhone 11 Pro";G9P0382XAKBJMPM6T;;2025-08-16;1;256.25;256.25
POD_MSPI-Owned;Regular;661-14096;"Display, iPhone 11 Pro";G9P0381XKD6JMPM68;;2025-08-16;1;256.25;256.25
POD_MSPI-Owned;Regular;661-14096;"Display, iPhone 11 Pro";G9P1181A51MJMPM63;;2025-08-16;1;256.25;256.25
POD_MSPI-Owned;Regular;661-14096;"Display, iPhone 11 Pro";G9P1181AL6HJMPM6B;;2025-08-16;1;256.25;256.25
POD_MSPI-Owned;Regular;661-14096;"Display, iPhone 11 Pro";G9P1365A44MJMPM6V;;2025-08-16;1;256.25;256.25
POD_MSPI-Owned;Regular;661-14098;"Display, iPhone 11";F7C4133C15UKV27AQ;;2025-08-16;1;199.00;199.00
POD_MSPI-Owned;Regular;661-14098;"Display, iPhone 11";F7C4175K2EXKV27AS;;2025-08-16;1;199.00;199.00
POD_MSPI-Owned;Regular;661-14098;"Display, iPhone 11";F7C4212C1HYKV27AQ;;2025-08-16;1;199.00;199.00
POD_MSPI-Owned;Regular;661-14098;"Display, iPhone 11";F7C4215C49DKV27AT;;2025-08-16;1;199.00;199.00
POD_MSPI-Owned;Regular;923-06692;"Bottom Speaker, iPhone 13 mini";DTV131517FY07YR4A;;2025-08-16;1;67.00;67.00
POD_MSPI-Owned;Regular;923-06692;"Bottom Speaker, iPhone 13 mini";DTV1315118F07YR4L;;2025-08-16;1;67.00;67.00
POD_MSPI-Owned;Regular;923-06692;"Bottom Speaker, iPhone 13 mini";DTV131322XW07YR42;;2025-08-16;1;67.00;67.00
POD_MSPI-Owned;Regular;923-06235;"Bottom Speaker, iPhone 13";DTV13173EMB080367;;2025-08-16;1;67.00;67.00
POD_MSPI-Owned;Regular;923-06235;"Bottom Speaker, iPhone 13";DTV13173DYA08036A;;2025-08-16;1;67.00;67.00
POD_MSPI-Owned;Regular;923-06256;"Bottom Speaker, iPhone 13 Pro";CTH1356CBJ3080D5V;;2025-08-16;1;67.00;67.00
POD_MSPI-Owned;Regular;923-06256;"Bottom Speaker, iPhone 13 Pro";CTH1356CD0B080D55;;2025-08-16;1;67.00;67.00
POD_MSPI-Owned;Regular;923-06256;"Bottom Speaker, iPhone 13 Pro";CTH1355DAXX080D5V;;2025-08-16;1;67.00;67.00
POD_MSPI-Owned;Regular;923-06648;"Bottom Speaker, iPhone 13 Pro Max";CTH136327GZ080T3X;;2025-08-16;1;67.00;67.00
POD_MSPI-Owned;Regular;923-06648;"Bottom Speaker, iPhone 13 Pro Max";CTH13632018080T36;;2025-08-16;1;67.00;67.00
POD_MSPI-Owned;Regular;923-06648;"Bottom Speaker, iPhone 13 Pro Max";CTH13631FQ0080T31;;2025-08-16;1;67.00;67.00
POD_MSPI-Owned;Regular;661-32232;"Rear Camera, iPhone 13/mini, MICN";GCF31923E5YQ59TB0;;2025-08-16;1;169.00;169.00
POD_MSPI-Owned;Regular;661-32232;"Rear Camera, iPhone 13/mini, MICN";GCF43531X0BQ59TA0;;2025-08-16;1;169.00;169.00
POD_MSPI-Owned;Regular;661-32232;"Rear Camera, iPhone 13/mini, MICN";DNL30950M43Q7173Y;;2025-08-16;1;169.00;169.00
POD_MSPI-Owned;Regular;661-05755;"Battery, iPhone 7 Plus";F8Y5104C0CVH86CCP;;2025-08-16;1;61.61;61.61
POD_MSPI-Owned;Regular;661-13624;"Battery, iPhone 11 Pro Max";F8Y5115C1NXMD2CBJ;;2025-08-16;1;79.46;79.46
POD_MSPI-Owned;Regular;661-13624;"Battery, iPhone 11 Pro Max";F8Y5115C1PCMD2CB0;;2025-08-16;1;79.46;79.46
POD_MSPI-Owned;Regular;661-22374;"Battery, iPhone 13 mini";;;2025-08-16;1;89.00;89.00
POD_MSPI-Owned;Regular;661-18428;"Battery, iPhone 12 Pro Max";F8Y5172C87HQ4C2B1;;2025-08-16;1;89.00;89.00
POD_MSPI-Owned;Regular;661-13569;"Battery, iPhone 11 Pro";F5D52440CKSLTDMBP;;2025-08-16;1;79.46;79.46
GL5_MSPI-Owned;Regular;661-07293;"Black, Display, iPhone 7, DH";DKH050410S4H1NQAM;;2025-08-22;1;143.75;143.75
GL5_MSPI-Owned;Regular;661-07293;"Black, Display, iPhone 7, DH";DKH2271E2VNH1NQA0;;2025-08-22;1;143.75;143.75
GL5_MSPI-Owned;Regular;661-07294;"Silver, Display, iPhone 7, DH";DKH027720BVH1NRAG;;2025-08-22;1;143.75;143.75
GL5_MSPI-Owned;Regular;661-07295;"Gold, Display, iPhone 7, DH";F7C0141G6U6H1NHA3;;2025-08-22;1;143.75;143.75
GL5_MSPI-Owned;Regular;661-07296;"Rose Gold, Display, iPhone 7, DH";DKH103212SXH1NRAL;;2025-08-22;1;143.75;143.75
GL5_MSPI-Owned;Regular;661-07297;"Black/Jet Black, Display, iPhone 7 Plus, DH";C3F0464MBGHH1FQAN;;2025-08-22;1;158.93;158.93
GL5_MSPI-Owned;Regular;661-07297;"Black/Jet Black, Display, iPhone 7 Plus, DH";C3F0043QALQH1FQA6;;2025-08-22;1;158.93;158.93
GL5_MSPI-Owned;Regular;661-07297;"Black/Jet Black, Display, iPhone 7 Plus, DH";C119093U0NUH1FNA8;;2025-08-22;1;158.93;158.93
GL5_MSPI-Owned;Regular;661-07298;"Silver, Display, iPhone 7 Plus, DH";C3F0437M0KXH1FMAK;;2025-08-22;1;158.93;158.93
GL5_MSPI-Owned;Regular;661-07299;"Gold, Display, iPhone 7 Plus, DH";FVQ8465B3RNH1FLAK;;2025-08-22;1;158.93;158.93
GL5_MSPI-Owned;Regular;661-07300;"Rose Gold, Display, iPhone 7 Plus, DH";C3F0375M3WYH1FMA7;;2025-08-22;1;158.93;158.93
GL5_MSPI-Owned;Regular;661-07300;"Rose Gold, Display, iPhone 7 Plus, DH";C3F0374M8M7H1FMAM;;2025-08-22;1;158.93;158.93
GL5_MSPI-Owned;Regular;661-08933;"Display, Space Gray, iPhone 8";FVQ9497A1ZXHNJMAE;;2025-08-22;1;143.75;143.75
GL5_MSPI-Owned;Regular;661-08934;"Display, Silver, iPhone 8";DKH9094K7BCHNJYAZ;;2025-08-22;1;143.75;143.75
GL5_MSPI-Owned;Regular;661-09032;"SVC,DISPLAY,GRAY,IPHONE 8 PLUS";C3F0177M5TKHLK8A9;;2025-08-22;1;158.93;158.93
GL5_MSPI-Owned;Regular;661-09033;"Display, Silver, iPhone 8 Plus";C3F9503MD7UHLK7AD;;2025-08-22;1;158.93;158.93
GL5_MSPI-Owned;Regular;661-09034;"Display, Gold, iPhone 8 Plus";C3F0473M1GFHLK7AJ;;2025-08-22;1;158.93;158.93
GL5_MSPI-Owned;Regular;661-09034;"Display, Gold, iPhone 8 Plus";C3F8091GEYYHLK7AZ;;2025-08-22;1;158.93;158.93
GL5_MSPI-Owned;Regular;661-09081;"Display, Gold, iPhone 8";DKH0041662NHNJYAZ;;2025-08-22;1;143.75;143.75
GL5_MSPI-Owned;Regular;"661-09294; 661-13114";"DKH00SVC, DISPLAY, IPHONE X41662NHNJYAZ";FXM74462YT0J6DX9U;;2025-08-22;1;;
GL5_MSPI-Owned;Regular;"661-09294; 661-13114";"DKH00SVC, DISPLAY, IPHONE X41662NHNJYAZ";FXV01328G7GJ6DX9R;;2025-08-22;1;;
GL5_MSPI-Owned;Regular;"661-09294; 661-13114";"DKH00SVC, DISPLAY, IPHONE X41662NHNJYAZ";FXV01166WA1J6DX9R;;2025-08-22;1;;
GL5_MSPI-Owned;Regular;"661-09294; 661-13114";"DKH00SVC, DISPLAY, IPHONE X41662NHNJYAZ";FX90025EYX3J6DX9M;;2025-08-22;1;;
GL5_MSPI-Owned;Regular;"661-09294; 661-13114";"DKH00SVC, DISPLAY, IPHONE X41662NHNJYAZ";FXV019338RYJ6DX9T;;2025-08-22;1;;
GL5_MSPI-Owned;Regular;"661-09294; 661-13114";"DKH00SVC, DISPLAY, IPHONE X41662NHNJYAZ";FXV011675M3J6DX9C;;2025-08-22;1;;
GL5_MSPI-Owned;Regular;"661-09294; 661-13114";"DKH00SVC, DISPLAY, IPHONE X41662NHNJYAZ";FXR03835PA8J6DX9C;;2025-08-22;1;;
GL5_MSPI-Owned;Regular;"661-09294; 661-13114";"DKH00SVC, DISPLAY, IPHONE X41662NHNJYAZ";FXR044136DBJ6DX92;;2025-08-22;1;;
GL5_MSPI-Owned;Regular;"661-09294; 661-13114";"DKH00SVC, DISPLAY, IPHONE X41662NHNJYAZ";FXR04435KNWJ6DX93;;2025-08-22;1;;
GL5_MSPI-Owned;Regular;"661-09294; 661-13114";"DKH00SVC, DISPLAY, IPHONE X41662NHNJYAZ";FXV00866QTXJ6DX9Y;;2025-08-22;1;;
GL5_MSPI-Owned;Regular;"661-09294; 661-13114";"DKH00SVC, DISPLAY, IPHONE X41662NHNJYAZ";FXR04555NRQJ6DX9S;;2025-08-22;1;;
GL5_MSPI-Owned;Regular;661-10102;"SVC,DISPLAY,IPHONE 8, RED";C3F8307CE4BHNJTAD;;2025-08-22;1;143.75;143.75
GL5_MSPI-Owned;Regular;661-10103;"SVC,DISPLAY,IPHONE 8 PLUS, RED";C3F0175MDL7HLK8A2;;2025-08-22;1;158.93;158.93
GL5_MSPI-Owned;Regular;661-10608;"Display, iPhone Xs";G9P11512D6NJC465U;;2025-08-22;1;256.25;256.25
GL5_MSPI-Owned;Regular;661-10608;"Display, iPhone Xs";G9P11462FH7JC4656;;2025-08-22;1;256.25;256.25
GL5_MSPI-Owned;Regular;661-10608;"Display, iPhone Xs";G9P11452EB7JC465S;;2025-08-22;1;256.25;256.25
GL5_MSPI-Owned;Regular;661-11037;"Display, iPhone Xs Max";G9P1176DES4J4F84K;;2025-08-22;1;296.43;296.43
GL5_MSPI-Owned;Regular;661-11037;"Display, iPhone Xs Max";G9P1127DC45J4F84Y;;2025-08-22;1;296.43;296.43
GL5_MSPI-Owned;Regular;661-11037;"Display, iPhone Xs Max";G9P1126DE5NJ4F84B;;2025-08-22;1;296.43;296.43
GL5_MSPI-Owned;Regular;661-11232;"Display, iPhone XR";F7C2116T6EZJH41A0;;2025-08-22;1;199.00;199.00
GL5_MSPI-Owned;Regular;661-11232;"Display, iPhone XR";F7C1267T7F3JH41AC;;2025-08-22;1;199.00;199.00
GL5_MSPI-Owned;Regular;661-11232;"Display, iPhone XR";F7C1266SCR3JH41AF;;2025-08-22;1;199.00;199.00
GL5_MSPI-Owned;Regular;661-11232;"Display, iPhone XR";F7C1271T01FJH41AJ;;2025-08-22;1;199.00;199.00
GL5_MSPI-Owned;Regular;661-14096;"Display, iPhone 11 Pro";G9P2262A5J9JMPM6Z;;2025-08-22;1;256.25;256.25
GL5_MSPI-Owned;Regular;661-14096;"Display, iPhone 11 Pro";G9P3433AKBYJMPM6L;;2025-08-22;1;256.25;256.25
GL5_MSPI-Owned;Regular;661-14096;"Display, iPhone 11 Pro";G9P1195A983JMPM6P;;2025-08-22;1;256.25;256.25
GL5_MSPI-Owned;Regular;661-14096;"Display, iPhone 11 Pro";G9P1197A325JMPM69;;2025-08-22;1;256.25;256.25
GL5_MSPI-Owned;Regular;661-14096;"Display, iPhone 11 Pro";G9P1195AJ0XJMPM6A;;2025-08-22;1;256.25;256.25
GL5_MSPI-Owned;Regular;661-14098;"Display, iPhone 11";DKH3295K2CD04FPA0;;2025-08-22;1;199.00;199.00
GL5_MSPI-Owned;Regular;661-14098;"Display, iPhone 11";DKH4032F2GE04FPAK;;2025-08-22;1;199.00;199.00
GL5_MSPI-Owned;Regular;661-14098;"Display, iPhone 11";DKH4041F3UV04FPAZ;;2025-08-22;1;199.00;199.00
GL5_MSPI-Owned;Regular;661-14098;"Display, iPhone 11";F7C4142C6JUKV27AC;;2025-08-22;1;199.00;199.00
GL5_MSPI-Owned;Regular;661-14098;"Display, iPhone 11";F7C4143D6VLKV27AH;;2025-08-22;1;199.00;199.00
GL5_MSPI-Owned;Regular;661-14098;"Display, iPhone 11";DKH3442K4V804FPA2;;2025-08-22;1;199.00;199.00
GL5_MSPI-Owned;Regular;661-14099;"Display, iPhone 11 Pro Max";"NOT VISIBLE";;2025-08-22;1;296.43;296.43
GL5_MSPI-Owned;Regular;661-14099;"Display, iPhone 11 Pro Max";G9P1387CDG2JMPN5R;;2025-08-22;1;296.43;296.43
GL5_MSPI-Owned;Regular;661-14099;"Display, iPhone 11 Pro Max";G9P0502CDFRJMPN51;;2025-08-22;1;296.43;296.43
GL5_MSPI-Owned;Regular;661-14099;"Display, iPhone 11 Pro Max";G9P0354CCK5JMPN5V;;2025-08-22;1;296.43;296.43
GL5_MSPI-Owned;Regular;661-17921;"Camera, iPhone 12";DNL03374T21MFGR5A;;2025-08-22;1;169.00;169.00
GL5_MSPI-Owned;Regular;661-17921;"Camera, iPhone 12";DNL0401AN4CMFGR5U;;2025-08-22;1;169.00;169.00
GL5_MSPI-Owned;Regular;661-17922;"Camera, iPhone 12 Pro";GCF24177539MFGVBM;;2025-08-22;1;199.00;199.00
GL5_MSPI-Owned;Regular;661-17922;"Camera, iPhone 12 Pro";GCF12220HVLMFGVBG;;2025-08-22;1;199.00;199.00
GL5_MSPI-Owned;Regular;661-17940;"Display, iPhone 12 mini";G9Q0524GA26LQHJA5;;2025-08-22;1;229.00;229.00
GL5_MSPI-Owned;Regular;661-18503;"Display, iPhone 12";G9P1024SK7LLQHKA7;;2025-08-22;1;279.00;279.00
GL5_MSPI-Owned;Regular;923-04915;"Speaker, iPhone 12 and 12 Pro";DTV03774B7QNR6D5F;;2025-08-22;1;67.00;67.00
GL5_MSPI-Owned;Regular;923-04915;"Speaker, iPhone 12 and 12 Pro";DTV0377424GNR6D57;;2025-08-22;1;67.00;67.00
GL5_MSPI-Owned;Regular;923-05011;"Speaker, iPhone 12 mini";DTV041133BSNR5Q5T;;2025-08-22;1;67.00;67.00
GL5_MSPI-Owned;Regular;923-05011;"Speaker, iPhone 12 mini";DTV041147RLNR5Q5J;;2025-08-22;1;67.00;67.00
GL5_MSPI-Owned;Regular;923-05104;"Speaker, iPhone 12 Pro Max";DTV039446V8NR6N5S;;2025-08-22;1;67.00;67.00
GL5_MSPI-Owned;Regular;923-05104;"Speaker, iPhone 12 Pro Max";DTV244611HUNR6NAD;;2025-08-22;1;67.00;67.00
NES_MSPI-Owned;Regular;661-13624;"Battery, iPhone 11 Pro Max";F8Y331700HSMD2CAC;;2025-08-28;1;79.46;79.46
NES_MSPI-Owned;Regular;661-13624;"Battery, iPhone 11 Pro Max";F8Y331700NHMD2CA6;;2025-08-28;1;79.46;79.46
NES_MSPI-Owned;Regular;661-13624;"Battery, iPhone 11 Pro Max";F8Y339202DYMD2CAX;;2025-08-28;1;79.46;79.46
NES_MSPI-Owned;Regular;661-05421;"BATTERY IPHONE 7";F5D21975V8GH885BH;;2025-08-28;1;61.61;61.61
NES_MSPI-Owned;Regular;661-05421;"BATTERY IPHONE 7";F5D1522502EH885BP;;2025-08-28;1;61.61;61.61
NES_MSPI-Owned;Regular;661-18428;"Battery, iPhone 12 Pro Max";F8Y4493CALCQ4C2BS;;2025-08-28;1;89.00;89.00
VER_MSPI-Owned;Regular;661-32232;"Rear Camera, iPhone 13/mini, MICN";DNL50170L68Q71727;;2025-08-28;1;169.00;169.00
GL5_MSPI-Owned;Regular;661-13569;"Battery, iPhone 11 Pro";F5D51941XQFLTDMBH;;2025-08-30;1;89.00;89.00
POD_MSPI-Owned;Regular;661-21993;"Display, iPhone 13 Pro";G9P5162LBLVPQCKA2;;2025-08-30;1;279.00;279.00
POD_MSPI-Owned;Regular;661-22309;"Display, iPhone 13 Pro Max";G9P5263MNARPQCLAK;;2025-09-01;1;329.00;329.00
VER_MSPI-Owned;Regular;661-21991;"Battery, iPhone 13";F8Y5656C2NS18FKBT;;2025-09-03;1;89.00;89.00
NES_MSPI-Owned;Regular;661-04581;"Battery Kit, iPhone 6s";F5D20650A3BG5NYCH;;2025-09-04;1;61.61;61.61
POD_MSPI-Owned;Regular;661-21996;"Battery, iPhone 13 Pro";F8Y5212CAUF13RHC2;;2025-09-06;1;89.00;89.00
NES_MSPI-Owned;Regular;661-10608;"Display, iPhone Xs";G9P13152EF0JC465U;;2025-09-09;1;256.25;256.25
NES_MSPI-Owned;Regular;661-13114;"Display, iPhone X";FXR74141A16J6DX9W;;2025-09-09;1;256.25;256.25
NES_MSPI-Owned;Regular;661-14096;"Display, iPhone 11 Pro";G9P0364XB7BJMPM6Y;;2025-09-09;1;279.00;279.00
NES_MSPI-Owned;Regular;661-14099;"Display, iPhone 11 Pro Max";G9P0446CN3UJMPN5A;;2025-09-09;1;329.00;329.00
NES_MSPI-Owned;Regular;661-13114;"Display, iPhone X";FX99487FAERJ6DX9J;;2025-09-09;1;256.25;256.25
NES_MSPI-Owned;Regular;661-11037;"Display, iPhone Xs Max";G9P1092DP9JJ4F84C;;2025-09-09;1;329.00;329.00
NES_MSPI-Owned;Regular;661-14096;"Display, iPhone 11 Pro";G9P0375VE4NJMPM6V;;2025-09-09;1;279.00;279.00
NES_MSPI-Owned;Regular;661-14098;"Display, iPhone 11";DKH1221F38U04FPA5;;2025-09-09;1;199.00;199.00
NES_MSPI-Owned;Regular;661-14098;"Display, iPhone 11";DKH1224JB0P04FPAE;;2025-09-09;1;199.00;199.00
NES_MSPI-Owned;Regular;661-11232;"Display, iPhone XR";F7C1265T3RFJH41AA;;2025-09-09;1;199.00;199.00
NES_MSPI-Owned;Regular;661-14099;"Display, iPhone 11 Pro Max";G9P2234C33KJMPN55;;2025-09-09;1;329.00;329.00
NES_MSPI-Owned;Regular;661-10608;"Display, iPhone Xs";G9P14912H3XJC4659;;2025-09-09;1;256.25;256.25
NES_MSPI-Owned;Regular;661-09033;"Display, Silver, iPhone 8 Plus";;;2025-09-09;1;169.00;169.00
NES_MSPI-Owned;Regular;661-09081;"Display, Gold, iPhone 8";;;2025-09-09;1;149.00;149.00
NES_MSPI-Owned;Regular;661-10102;"SVC,DISPLAY,IPHONE 8, RED";;;2025-09-09;1;149.00;149.00
NES_MSPI-Owned;Regular;661-10103;"SVC,DISPLAY,IPHONE 8 PLUS, RED";;;2025-09-09;1;169.00;169.00
NES_MSPI-Owned;Regular;661-07299;"Gold, Display, iPhone 7 Plus, DH";;;2025-09-09;1;169.00;169.00
NES_MSPI-Owned;Regular;661-08934;"Display, Silver, iPhone 8";;;2025-09-09;1;149.00;149.00
NES_MSPI-Owned;Regular;661-07294;"Silver, Display, iPhone 7, DH";;;2025-09-09;1;149.00;149.00
NES_MSPI-Owned;Regular;661-07292;"Rose Gold, Display, iPhone 6s Plus, DH";;;2025-09-09;1;169.00;169.00
NES_MSPI-Owned;Regular;661-07293;"Black, Display, iPhone 7, DH";;;2025-09-09;1;149.00;149.00
NES_MSPI-Owned;Regular;661-09034;"Display, Gold, iPhone 8 Plus";;;2025-09-09;1;169.00;169.00
NES_MSPI-Owned;Regular;661-07298;"Silver, Display, iPhone 7 Plus, DH";;;2025-09-09;1;169.00;169.00
NES_MSPI-Owned;Regular;661-07289;"Space Gray, Display, iPhone 6s Plus, DH";;;2025-09-09;1;169.00;169.00
NES_MSPI-Owned;Regular;661-07291;"Gold, Display, iPhone 6s Plus, DH";;;2025-09-09;1;169.00;169.00
NES_MSPI-Owned;Regular;661-07300;"Rose Gold, Display, iPhone 7 Plus, DH";;;2025-09-09;1;169.00;169.00
NES_MSPI-Owned;Regular;661-07296;"Rose Gold, Display, iPhone 7, DH";;;2025-09-09;1;149.00;149.00
NES_MSPI-Owned;Regular;661-14096;"Display, iPhone 11 Pro";;;2025-09-09;1;279.00;279.00
NES_MSPI-Owned;Regular;661-14099;"Display, iPhone 11 Pro Max";;;2025-09-09;1;329.00;329.00
NES_MSPI-Owned;Regular;661-11037;"Display, iPhone Xs Max";;;2025-09-09;1;329.00;329.00
NES_MSPI-Owned;Regular;661-11232;"Display, iPhone XR";;;2025-09-09;1;199.00;199.00
NES_MSPI-Owned;Regular;661-08933;"Display, Space Gray, iPhone 8";;;2025-09-09;1;149.00;149.00
NES_MSPI-Owned;Regular;661-09032;"SVC,DISPLAY,GRAY,IPHONE 8 PLUS";;;2025-09-09;1;169.00;169.00
NES_MSPI-Owned;Regular;661-07297;"Black/Jet Black, Display, iPhone 7 Plus, DH";;;2025-09-09;1;169.00;169.00
NPM-MSPI-Owned;Regular;661-17921;"Camera, iPhone 12";DNL0514156VMFGR58;;2025-09-09;1;169.00;169.00
NPM-MSPI-Owned;Regular;661-17921;"Camera, iPhone 12";F6D23010S5WMFGR5D;;2025-09-09;1;169.00;169.00
NPM-MSPI-Owned;Regular;661-17922;"Camera, iPhone 12 Pro";GCF112347X1MFGVBT;;2025-09-09;1;199.00;199.00
NPM-MSPI-Owned;Regular;661-17922;"Camera, iPhone 12 Pro";GCF12454DZ2MFGVC2;;2025-09-09;1;199.00;199.00
NPM-MSPI-Owned;Regular;661-22293;"Camera, iPhone 13 Pro and 13 Pro Max";DN84031EFRLQ1NMDG;;2025-09-09;1;199.00;199.00
NPM-MSPI-Owned;Regular;661-22293;"Camera, iPhone 13 Pro and 13 Pro Max";DN84173KHBWQ1NMDG;;2025-09-09;1;199.00;199.00
NPM-MSPI-Owned;Regular;661-21992;"Camera, iPhone 13 and 13 mini";GCF129138UYQ59TBB;;2025-09-09;1;169.00;169.00
NPM-MSPI-Owned;Regular;661-32232;"Rear Camera, iPhone 13/mini, MICN";DNL24641A2VQ71711;;2025-09-09;1;169.00;169.00
NPM-MSPI-Owned;Regular;923-06237;"Taptic Engine, iPhone 13";FTN12644T8P03398W;;2025-09-09;1;67.00;67.00
NPM-MSPI-Owned;Regular;923-06237;"Taptic Engine, iPhone 13";FTN12644SV703398J;;2025-09-09;1;67.00;67.00
NPM-MSPI-Owned;Regular;923-06682;"Taptic Engine, iPhone 13 mini";GH913112HRD080980;;2025-09-09;1;67.00;67.00
NPM-MSPI-Owned;Regular;923-06682;"Taptic Engine, iPhone 13 mini";GH9130229QX08098V;;2025-09-09;1;67.00;67.00
NPM-MSPI-Owned;Regular;923-06258;"Taptic Engine, iPhone 13 Pro";GH713423CUX07428X;;2025-09-09;1;67.00;67.00
NPM-MSPI-Owned;Regular;923-06258;"Taptic Engine, iPhone 13 Pro";GH713425FQ107428W;;2025-09-09;1;67.00;67.00
NPM-MSPI-Owned;Regular;923-06643;"Taptic Engine, iPhone 13 Pro Max";GH71324440X07478H;;2025-09-09;1;67.00;67.00
NPM-MSPI-Owned;Regular;923-06643;"Taptic Engine, iPhone 13 Pro Max";GH713244BYZ07478E;;2025-09-09;1;67.00;67.00
POD_MSPI-Owned;Regular;661-22294;"Battery, iPhone 13 Pro Max";F8Y5276C21213XCB4;;2025-09-10;1;89.00;89.00
POD_MSPI-Owned;Regular;661-21991;"Battery, iPhone 13";F8Y5252C2D918FKB7;;2025-09-10;1;89.00;89.00
POD_MSPI-Owned;Regular;661-21991;"Battery, iPhone 13";F8Y5255CGLR18FKBM;;2026-07-06;1;89.00;89.00
SMS_MSPI-Owned;Regular;661-14099;"Display, iPhone 11 Pro Max";G9P0462CPGNJMPN58;;2025-09-12;1;329.00;329.00
SMS_MSPI-Owned;Regular;661-14099;"Display, iPhone 11 Pro Max";G9P1322CHH9JMPN50;;2025-09-12;1;329.00;329.00
SMS_MSPI-Owned;Regular;661-14099;"Display, iPhone 11 Pro Max";G9P2254C1P3JMPN5R;;2025-09-12;1;329.00;329.00
SMS_MSPI-Owned;Regular;661-14099;"Display, iPhone 11 Pro Max";G9P2353CNC4JMPN52;;2025-09-12;1;329.00;329.00
SMS_MSPI-Owned;Regular;661-14099;"Display, iPhone 11 Pro Max";G9P2352C4BHJMPN5B;;2025-09-12;1;329.00;329.00
NPM-MSPI-Owned;Regular;923-05011;"Speaker, iPhone 12 mini";DXY04013EH4NR5T55;;2025-09-12;1;67.00;67.00
NPM-MSPI-Owned;Regular;923-05011;"Speaker, iPhone 12 mini";DXY04013GEENR5T52;;2025-09-12;1;67.00;67.00
NPM-MSPI-Owned;Regular;923-05104;"Speaker, iPhone 12 Pro Max";DTV318716URNR6NAZ;;2025-09-12;1;67.00;67.00
NPM-MSPI-Owned;Regular;923-05104;"Speaker, iPhone 12 Pro Max";DTV351610C7NR6NAM;;2025-09-12;1;67.00;67.00
NPM-MSPI-Owned;Regular;923-04915;"Speaker, iPhone 12 and 12 Pro";DTV03774AWSNR6D5D;;2025-09-12;1;67.00;67.00
NPM-MSPI-Owned;Regular;923-04915;"Speaker, iPhone 12 and 12 Pro";DTV037746FUNR6D5S;;2025-09-12;1;67.00;67.00
NPM-MSPI-Owned;Regular;923-06235;"Bottom Speaker, iPhone 13";DTV13174D04080367;;2025-09-12;1;67.00;67.00
NPM-MSPI-Owned;Regular;923-06235;"Bottom Speaker, iPhone 13";DTV13173DQH08036T;;2025-09-12;1;67.00;67.00
NPM-MSPI-Owned;Regular;923-06692;"Bottom Speaker, iPhone 13 mini";DTV1317194R07YR4C;;2025-09-12;1;67.00;67.00
NPM-MSPI-Owned;Regular;923-06692;"Bottom Speaker, iPhone 13 mini";DTV1317197507YR4P;;2025-09-12;1;67.00;67.00
NPM-MSPI-Owned;Regular;923-06256;"Bottom Speaker, iPhone 13 Pro";CTH1363B78Q080D5B;;2025-09-12;1;67.00;67.00
NPM-MSPI-Owned;Regular;923-06256;"Bottom Speaker, iPhone 13 Pro";CTH1363B68R080D5B;;2025-09-12;1;67.00;67.00
NPM-MSPI-Owned;Regular;923-06648;"Bottom Speaker, iPhone 13 Pro Max";CTH136325Z2080T3D;;2025-09-12;1;67.00;67.00
NPM-MSPI-Owned;Regular;923-06648;"Bottom Speaker, iPhone 13 Pro Max";CTH1363221Q080T3N;;2025-09-12;1;67.00;67.00
NPM-MSPI-Owned;Regular;661-13569;"Battery, iPhone 11 Pro";F5D50321QQMLTDMB5;;2025-09-12;1;89.00;89.00
NPM-MSPI-Owned;Regular;661-13569;"Battery, iPhone 11 Pro";F5D50321D4YLTDMBX;;2025-09-12;1;89.00;89.00
NPM-MSPI-Owned;Regular;661-13569;"Battery, iPhone 11 Pro";F5D5243124NLTDMBC;;2025-09-12;1;89.00;89.00
POD_MSPI-Owned;Regular;661-22294;"Battery, iPhone 13 Pro Max";F8Y5276C4H513XCBK;;2025-09-12;1;46.00;46.00
POD_MSPI-Owned;Regular;661-21988;"Display, iPhone 13";G9Q5174PGHEPR5QAM;;2025-09-12;1;279.00;279.00
NPM-MSPI-Owned;Regular;661-14098;"Display, iPhone 11";DKH1263K60604FPAN;;2025-09-12;1;199.00;199.00
NPM-MSPI-Owned;Regular;661-14098;"Display, iPhone 11";DKH1105M52CKV29AT;;2025-09-12;1;199.00;199.00
NPM-MSPI-Owned;Regular;661-14098;"Display, iPhone 11";DKH3103Q81S04FPAV;;2025-09-12;1;199.00;199.00
NPM-MSPI-Owned;Regular;661-14098;"Display, iPhone 11";F7C4132C1K0KV27AB;;2025-09-12;1;199.00;199.00
NPM-MSPI-Owned;Regular;661-14098;"Display, iPhone 11";F7C4207C05CKV27AB;;2025-09-12;1;199.00;199.00
NPM-MSPI-Owned;Regular;661-14098;"Display, iPhone 11";DKH5033G3WQ04FPAT;;2025-09-12;1;199.00;199.00
NPM-MSPI-Owned;Regular;661-14096;"Display, iPhone 11 Pro";G9P1196ADG5JMPM6S;;2025-09-12;1;279.00;279.00
NPM-MSPI-Owned;Regular;661-14096;"Display, iPhone 11 Pro";G9P0173V98ZJMPM6F;;2025-09-12;1;279.00;279.00
NPM-MSPI-Owned;Regular;661-14096;"Display, iPhone 11 Pro";G9P0062WKQTJMPM6Z;;2025-09-12;1;279.00;279.00
NPM-MSPI-Owned;Regular;661-14096;"Display, iPhone 11 Pro";G9P1355A72CJMPM6A;;2025-09-12;1;279.00;279.00
NPM-MSPI-Owned;Regular;661-14096;"Display, iPhone 11 Pro";G9P1193A7H7JMPM6W;;2025-09-12;1;279.00;279.00
NPM-MSPI-Owned;Regular;661-14099;"Display, iPhone 11 Pro Max";G9P0462C95SJMPN5H;;2025-09-12;1;329.00;329.00
NPM-MSPI-Owned;Regular;661-14099;"Display, iPhone 11 Pro Max";G9P0444C511JMPN5U;;2025-09-12;1;329.00;329.00
NPM-MSPI-Owned;Regular;661-14099;"Display, iPhone 11 Pro Max";G9P0354C77AJMPN5X;;2025-09-12;1;329.00;329.00
NPM-MSPI-Owned;Regular;661-14099;"Display, iPhone 11 Pro Max";G9P1295C5S2JMPN53;;2025-09-12;1;329.00;329.00
NPM-MSPI-Owned;Regular;661-17940;"Display, iPhone 12 mini";G9Q0402F36YLQHJAL;;2025-09-12;1;229.00;229.00
NPM-MSPI-Owned;Regular;661-18504;"Display, iPhone 12 Pro";GVH32541Z46LQHMAJ;;2025-11-07;1;279.00;279.00
NPM-MSPI-Owned;Regular;661-18466;"Display, iPhone 12 Pro Max";G9Q4102A17WMRY1AV;;2025-09-12;1;329.00;329.00
NPM-MSPI-Owned;Regular;661-21993;"Display, iPhone 13 Pro";G9P4173LKMMPQCKAY;;2025-09-12;1;279.00;279.00
NPM-MSPI-Owned;Regular;661-13114;"Display, iPhone X";FXR04025LGXJ6DX9Y;;2025-09-12;1;256.25;256.25
NPM-MSPI-Owned;Regular;661-13114;"Display, iPhone X";FXR04525QA6J6DX9N;;2025-09-12;1;256.25;256.25
NPM-MSPI-Owned;Regular;661-13114;"Display, iPhone X";FXV023412TGJ6DX9X;;2025-09-12;1;256.25;256.25
NPM-MSPI-Owned;Regular;661-13114;"Display, iPhone X";FXR04251XTGJ6DX96;;2025-09-12;1;256.25;256.25
NPM-MSPI-Owned;Regular;661-13114;"Display, iPhone X";FXR04535S4YJ6DX9B;;2025-09-12;1;256.25;256.25
NPM-MSPI-Owned;Regular;661-13114;"Display, iPhone X";FXR045636LPJ6DX9V;;2025-09-12;1;256.25;256.25
NPM-MSPI-Owned;Regular;661-13114;"Display, iPhone X";FXV02332AFXJ6DX98;;2025-09-12;1;256.25;256.25
NPM-MSPI-Owned;Regular;661-11232;"Display, iPhone XR";F7C2133T4R0JH41AZ;;2025-09-12;1;199.00;199.00
NPM-MSPI-Owned;Regular;661-11232;"Display, iPhone XR";F7C0373TCYRJH41A5;;2025-09-12;1;199.00;199.00
NPM-MSPI-Owned;Regular;661-11232;"Display, iPhone XR";F7C2136T4PFJH41AM;;2025-09-12;1;199.00;199.00
NPM-MSPI-Owned;Regular;661-11232;"Display, iPhone XR";F7C2254T5KWJH41AC;;2025-09-12;1;199.00;199.00
NPM-MSPI-Owned;Regular;661-10608;"Display, iPhone Xs";G9P1204239CJC465G;;2025-09-12;1;256.25;256.25
NPM-MSPI-Owned;Regular;661-10608;"Display, iPhone Xs";G9P11462M9BJC465L;;2025-09-12;1;256.25;256.25
NPM-MSPI-Owned;Regular;661-10608;"Display, iPhone Xs";G9P10552PSAJC4651;;2025-09-12;1;256.25;256.25
NPM-MSPI-Owned;Regular;661-11037;"Display, iPhone Xs Max";G9P1181D4PPJ4F84M;;2025-09-12;1;329.00;329.00
NPM-MSPI-Owned;Regular;661-11037;"Display, iPhone Xs Max";G9P1131DNQ7J4F84X;;2025-09-12;1;329.00;329.00
NPM-MSPI-Owned;Regular;661-11037;"Display, iPhone Xs Max";G9P1132DG2VJ4F84C;;2025-09-12;1;329.00;329.00
NPM-MSPI-Owned;Regular;661-11037;"Display, iPhone Xs Max";G9P1131DAPGJ4F843;;2025-09-12;1;329.00;329.00
SMS_MSPI-Owned;Regular;661-14096;"Display, iPhone 11 Pro";G9P0365XJ5YJMPM69;;2025-09-12;1;279.00;279.00
SMS_MSPI-Owned;Regular;661-14096;"Display, iPhone 11 Pro";G9P1177ABREJMPM6X;;2025-09-12;1;279.00;279.00
SMS_MSPI-Owned;Regular;661-14096;"Display, iPhone 11 Pro";G9P1187A9E3JMPM66;;2025-09-12;1;279.00;279.00
SMS_MSPI-Owned;Regular;661-14096;"Display, iPhone 11 Pro";G9P1193AJE1JMPM60;;2025-09-12;1;279.00;279.00
SMS_MSPI-Owned;Regular;661-14096;"Display, iPhone 11 Pro";G9P1201A8P8JMPM64;;2025-09-12;1;279.00;279.00
SMS_MSPI-Owned;Regular;661-14096;"Display, iPhone 11 Pro";G9P1163A949JMPM66;;2025-09-12;1;279.00;279.00
SMS_MSPI-Owned;Regular;661-14096;"Display, iPhone 11 Pro";G9P0375VB6GJMPM6Y;;2025-09-12;1;279.00;279.00
SMS_MSPI-Owned;Regular;661-13114;"Display, iPhone X";FXC8514B56KJ6DX9L;;2025-09-12;1;256.25;256.25
SMS_MSPI-Owned;Regular;661-13114;"Display, iPhone X";FXV942576QRJ6DX9G;;2025-09-12;1;256.25;256.25
SMS_MSPI-Owned;Regular;661-13114;"Display, iPhone X";FXV01056Q45J6DX9F;;2025-09-12;1;256.25;256.25
SMS_MSPI-Owned;Regular;661-13114;"Display, iPhone X";FXV01536XT3J6DX9W;;2025-09-12;1;256.25;256.25
SMS_MSPI-Owned;Regular;661-13114;"Display, iPhone X";FXV74459PN6J6DX9J;;2025-09-12;1;256.25;256.25
SMS_MSPI-Owned;Regular;661-13114;"Display, iPhone X";FXV01072HA4J6DX9F;;2025-09-12;1;256.25;256.25
SMS_MSPI-Owned;Regular;661-13114;"Display, iPhone X";FXV01376NPPJ6DX9Z;;2025-09-12;1;256.25;256.25
SMS_MSPI-Owned;Regular;661-13114;"Display, iPhone X";FXV00936NXKJ6DX90;;2025-09-12;1;256.25;256.25
SMS_MSPI-Owned;Regular;661-13114;"Display, iPhone X";FXV01026NS2J6DX9R;;2025-09-12;1;256.25;256.25
SMS_MSPI-Owned;Regular;661-13114;"Display, iPhone X";FXV00826S56J6DX9P;;2025-09-12;1;256.25;256.25
SMS_MSPI-Owned;Regular;661-13114;"Display, iPhone X";FXV0226273YJ6DX9C;;2025-09-12;1;256.25;256.25
SMS_MSPI-Owned;Regular;661-13114;"Display, iPhone X";FXR047625T6J6DX9P;;2025-09-12;1;256.25;256.25
SMS_MSPI-Owned;Regular;661-22309;"Display, iPhone 13 Pro Max";G9P5025MM29PQCLA4;;2025-09-12;1;329.00;329.00
SMS_MSPI-Owned;Regular;661-22309;"Display, iPhone 13 Pro Max";G9P5024MJBSPQCLAY;;2025-09-12;1;329.00;329.00
SMS_MSPI-Owned;Regular;661-11232;"Display, iPhone XR";F7C1266T6YAJH41AQ;;2025-09-12;1;199.00;199.00
SMS_MSPI-Owned;Regular;661-11232;"Display, iPhone XR";F7C1266TBSBJH41A2;;2025-09-12;1;199.00;199.00
SMS_MSPI-Owned;Regular;661-11232;"Display, iPhone XR";F7C1266TC78JH41AT;;2025-09-12;1;199.00;199.00
SMS_MSPI-Owned;Regular;661-11232;"Display, iPhone XR";F7C1354S2BYJH41A8;;2025-09-12;1;199.00;199.00
SMS_MSPI-Owned;Regular;661-11232;"Display, iPhone XR";F7C1286T30KJH41A6;;2025-09-12;1;199.00;199.00
SMS_MSPI-Owned;Regular;661-11232;"Display, iPhone XR";F7C2123T15FJH41AG;;2025-09-12;1;199.00;199.00
SMS_MSPI-Owned;Regular;661-11232;"Display, iPhone XR";C3F3215G2N3JLNMA9;;2025-09-12;1;199.00;199.00
SMS_MSPI-Owned;Regular;661-18503;"Display, iPhone 12";G9N4241CN8NLQHKAU;;2025-09-12;1;279.00;279.00
SMS_MSPI-Owned;Regular;661-18504;"Display, iPhone 12 Pro";G9N4212CKC9LQHKA6;;2025-09-12;1;279.00;279.00
SMS_MSPI-Owned;Regular;661-21988;"Display, iPhone 13";GVH42341VJGPR5PAX;;2025-09-12;1;279.00;279.00
SMS_MSPI-Owned;Regular;661-10608;"Display, iPhone Xs";G9P11542H45JC465A;;2025-09-12;1;256.25;256.25
SMS_MSPI-Owned;Regular;661-10608;"Display, iPhone Xs";G9P11542J47JC4657;;2025-09-12;1;256.25;256.25
SMS_MSPI-Owned;Regular;661-10608;"Display, iPhone Xs";G9P11472CGDJC4655;;2025-09-12;1;256.25;256.25
SMS_MSPI-Owned;Regular;661-10608;"Display, iPhone Xs";G9P11542GNFJC465F;;2025-09-12;1;256.25;256.25
SMS_MSPI-Owned;Regular;661-10608;"Display, iPhone Xs";G9P23262FEXJC465S;;2025-09-12;1;256.25;256.25
SMS_MSPI-Owned;Regular;661-17940;"Display, iPhone 12 mini";G9N0521HMKMLQHJAY;;2025-09-12;1;229.00;229.00
SMS_MSPI-Owned;Regular;661-22311;"Display, iPhone 13 mini";GVC33362EAXQ2PHAV;;2025-09-12;1;229.00;229.00
SMS_MSPI-Owned;Regular;661-13574;"Battery, iPhone 11";F8Y5284C6YEM6YNDG;;2025-09-12;1;89.00;89.00
SMS_MSPI-Owned;Regular;661-13569;"Battery, iPhone 11 Pro";F5D42731VSFLTDMBN;;2025-09-12;1;89.00;89.00
SMS_MSPI-Owned;Regular;661-13569;"Battery, iPhone 11 Pro";F5D43852A4MLTDMBQ;;2025-09-12;1;89.00;89.00
SMS_MSPI-Owned;Regular;661-13569;"Battery, iPhone 11 Pro";F5D45070W38LTDMBC;;2025-09-12;1;89.00;89.00
SMS_MSPI-Owned;Regular;661-13569;"Battery, iPhone 11 Pro";F5D50321S3SLTDMBT;;2025-09-12;1;89.00;89.00
SMS_MSPI-Owned;Regular;661-13569;"Battery, iPhone 11 Pro";F5D50320XZULTDMB1;;2025-09-12;1;89.00;89.00
SMS_MSPI-Owned;Regular;661-18428;"Battery, iPhone 12 Pro Max";F8Y5124C31ZQ4C2BM;;2025-09-12;1;89.00;89.00
SMS_MSPI-Owned;Regular;661-17920;"Battery, iPhone 12 and 12 Pro";F8Y5262C6NYQ687BJ;;2025-09-12;1;89.00;89.00
SMS_MSPI-Owned;Regular;661-13624;"Battery, iPhone 11 Pro Max";F8Y5196C0PCMD2CBA;;2025-09-12;1;89.00;89.00
SMS_MSPI-Owned;Regular;661-22374;"Battery, iPhone 13 mini";F8Y5266C1SS14LWCN;;2025-09-12;1;89.00;89.00
SMS_MSPI-Owned;Regular;661-22294;"Battery, iPhone 13 Pro Max";;;2025-09-12;1;89.00;89.00
SMS_MSPI-Owned;Regular;661-21992;"Camera, iPhone 13 and 13 mini";GCF13678XQ0Q59TAN;;2025-09-12;1;169.00;169.00
SMS_MSPI-Owned;Regular;661-21992;"Camera, iPhone 13 and 13 mini";DNL127705EUQ71724;;2025-09-12;1;169.00;169.00
SMS_MSPI-Owned;Regular;661-32232;"Rear Camera, iPhone 13/mini, MICN";DNL41633P03Q71729;;2025-09-12;1;169.00;169.00
SMS_MSPI-Owned;Regular;661-22293;"Camera, iPhone 13 Pro and 13 Pro Max";DN84033FEXRQ1NMDP;;2025-09-12;1;199.00;199.00
SMS_MSPI-Owned;Regular;661-22293;"Camera, iPhone 13 Pro and 13 Pro Max";DN84036AFKAQ1NMDH;;2025-09-12;1;199.00;199.00
SMS_MSPI-Owned;Regular;661-22293;"Camera, iPhone 13 Pro and 13 Pro Max";DN84205E70CQ1NMD8;;2025-09-12;1;199.00;199.00
SMS_MSPI-Owned;Regular;661-17922;"Camera, iPhone 12 Pro";DN80522NEVMMFGV1W;;2025-09-12;1;199.00;199.00
SMS_MSPI-Owned;Regular;661-17922;"Camera, iPhone 12 Pro";DN80304CM3RMFGV1X;;2025-09-12;1;199.00;199.00
SMS_MSPI-Owned;Regular;661-17921;"Camera, iPhone 12";DNL05170658MFGR5X;;2025-09-12;1;169.00;169.00
SMS_MSPI-Owned;Regular;661-17921;"Camera, iPhone 12";F6D14411J93MFGR7H;;2025-09-12;1;169.00;169.00
SMS_MSPI-Owned;Regular;923-06648;"Bottom Speaker, iPhone 13 Pro Max";CTH13632JVR080T3P;;2025-09-12;1;67.00;67.00
SMS_MSPI-Owned;Regular;923-06648;"Bottom Speaker, iPhone 13 Pro Max";CTH136325LE080T36;;2025-09-12;1;67.00;67.00
SMS_MSPI-Owned;Regular;923-06648;"Bottom Speaker, iPhone 13 Pro Max";CTH13631FNM080T3L;;2025-09-12;1;67.00;67.00
SMS_MSPI-Owned;Regular;923-06235;"Bottom Speaker, iPhone 13";DTV036327TBNR6N5A;;2025-09-12;1;67.00;67.00
SMS_MSPI-Owned;Regular;923-06235;"Bottom Speaker, iPhone 13";DTV13173EGD08036L;;2025-09-12;1;67.00;67.00
SMS_MSPI-Owned;Regular;923-06235;"Bottom Speaker, iPhone 13";DTV13173DZJ08036Z;;2025-09-12;1;67.00;67.00
SMS_MSPI-Owned;Regular;923-06235;"Bottom Speaker, iPhone 13";DTV13173DPQ08036P;;2025-09-12;1;67.00;67.00
SMS_MSPI-Owned;Regular;923-06235;"Bottom Speaker, iPhone 13";CTH1355D71E080D53;;2025-09-12;1;67.00;67.00
SMS_MSPI-Owned;Regular;923-06235;"Bottom Speaker, iPhone 13";CTH1355DB6H080D5F;;2025-09-12;1;67.00;67.00
SMS_MSPI-Owned;Regular;923-06235;"Bottom Speaker, iPhone 13";CTH1356C3M3080D5U;;2025-09-12;1;67.00;67.00
SMS_MSPI-Owned;Regular;923-05011;"Speaker, iPhone 12 mini";DTV041145AWNR5Q5M;;2025-09-12;1;67.00;67.00
SMS_MSPI-Owned;Regular;923-05011;"Speaker, iPhone 12 mini";DTV04113A84NR5Q5H;;2025-09-12;1;67.00;67.00
SMS_MSPI-Owned;Regular;923-04915;"Speaker, iPhone 12 and 12 Pro";DTV037735HDNR6D55;;2025-09-12;1;67.00;67.00
SMS_MSPI-Owned;Regular;923-04915;"Speaker, iPhone 12 and 12 Pro";DTV037724JTNR6D5S;;2025-09-12;1;67.00;67.00
SMS_MSPI-Owned;Regular;923-06692;"Bottom Speaker, iPhone 13 mini";DTV036327SQNR6N50;;2025-09-12;1;67.00;67.00
SMS_MSPI-Owned;Regular;923-06692;"Bottom Speaker, iPhone 13 mini";DTV131518M507YR4J;;2025-09-12;1;67.00;67.00
SMS_MSPI-Owned;Regular;923-06692;"Bottom Speaker, iPhone 13 mini";DTV131518RN07YR4P;;2025-09-12;1;67.00;67.00
SMS_MSPI-Owned;Regular;923-06692;"Bottom Speaker, iPhone 13 mini";DTV131513QD07YR46;;2025-09-12;1;67.00;67.00
SMS_MSPI-Owned;Regular;923-06237;"Taptic Engine, iPhone 13";GH9129439U7033C83;;2025-09-12;1;67.00;67.00
SMS_MSPI-Owned;Regular;923-06237;"Taptic Engine, iPhone 13";GH91294375H033C8W;;2025-09-12;1;67.00;67.00
SMS_MSPI-Owned;Regular;923-06237;"Taptic Engine, iPhone 13";GH9129433LE033C8S;;2025-09-12;1;67.00;67.00
SMS_MSPI-Owned;Regular;923-06643;"Taptic Engine, iPhone 13 Pro Max";GH7132473Y007478C;;2025-09-12;1;67.00;67.00
SMS_MSPI-Owned;Regular;923-06643;"Taptic Engine, iPhone 13 Pro Max";GH7132441ED07478W;;2025-09-12;1;67.00;67.00
SMS_MSPI-Owned;Regular;923-06643;"Taptic Engine, iPhone 13 Pro Max";GH7132479QN074788;;2025-09-12;1;67.00;67.00
SMS_MSPI-Owned;Regular;923-06258;"Taptic Engine, iPhone 13 Pro";GH7132458A9074287;;2025-09-12;1;67.00;67.00
SMS_MSPI-Owned;Regular;923-06258;"Taptic Engine, iPhone 13 Pro";GH713243E7H074288;;2025-09-12;1;67.00;67.00
SMS_MSPI-Owned;Regular;923-06258;"Taptic Engine, iPhone 13 Pro";GH71324372007428D;;2025-09-12;1;67.00;67.00
SMS_MSPI-Owned;Regular;923-06682;"Taptic Engine, iPhone 13 mini";GH912923ACR080987;;2025-09-12;1;67.00;67.00
SMS_MSPI-Owned;Regular;923-06682;"Taptic Engine, iPhone 13 mini";GH912923ADH08098C;;2025-09-12;1;67.00;67.00
SMS_MSPI-Owned;Regular;923-06682;"Taptic Engine, iPhone 13 mini";GH9129237A4080983;;2025-09-12;1;67.00;67.00
SMS_MSPI-Owned;Regular;661-13574;"Battery, iPhone 11";F8Y5316C4V6M6YNDK;;2025-09-12;1;89.00;89.00
SMS_MSPI-Owned;Regular;661-22294;"Battery, iPhone 13 Pro Max";F8Y5276C4GX13XCBW;;2025-09-12;1;89.00;89.00
POD_MSPI-Owned;Regular;661-21993;"Display, iPhone 13 Pro";G9P5263LEREPQCKAX;;2025-09-12;1;279.00;279.00
ZAM-MSPI-Owned;Regular;661-04579;"Battery, iPhone 6";FG9902404G6FW5WEB;;2025-09-12;1;61.61;61.61
ZAM-MSPI-Owned;Regular;661-04579;"Battery, iPhone 6";FG99023042UFW5WEY;;2025-09-12;1;61.61;61.61
ABR-MSPI-Owned;Regular;661-07285;"Space Gray, Display, iPhone 6s, DH";C117013ND2TG191TT;;2025-09-12;1;143.75;143.75
ABR-MSPI-Owned;Regular;661-07286;"Silver, Display, iPhone 6s, DH";F7C8047RBV2G192TH;;2025-09-12;1;143.75;143.75
ZAM-MSPI-Owned;Regular;661-04479;"Battery Kit, iPhone SE";F5D701318HFGKK75D;;2026-06-05;1;43.75;43.75
ZAM-MSPI-Owned;Regular;661-04579;"Battery, iPhone 6";FG9901703R9FW5WEG;;2025-09-12;1;61.61;61.61
ZAM-MSPI-Owned;Regular;661-04579;"Battery, iPhone 6";FG9902500S8FW5WEG;;2025-09-12;1;61.61;61.61
ZAM-MSPI-Owned;Regular;661-04579;"Battery, iPhone 6";FG99024057PFW5WEL;;2025-09-12;1;61.61;61.61
ZAM-MSPI-Owned;Regular;661-04579;"Battery, iPhone 6";FG9902406HVFW5WEH;;2025-09-12;1;61.61;61.61
ZAM-MSPI-Owned;Regular;661-04579;"Battery, iPhone 6";FG9902405SVFW5WER;;2025-09-12;1;61.61;61.61
ZAM-MSPI-Owned;Regular;661-04579;"Battery, iPhone 6";FG9852600NYFW5WE1;;2025-09-12;1;61.61;61.61
ZAM-MSPI-Owned;Regular;661-04579;"Battery, iPhone 6";FG98525014NFW5WEX;;2025-09-12;1;61.61;61.61
ZAM-MSPI-Owned;Regular;661-04579;"Battery, iPhone 6";FG985240DAFFW5WE9;;2025-09-12;1;61.61;61.61
ZAM-MSPI-Owned;Regular;661-04579;"Battery, iPhone 6";FG99023X16ZFW5WET;;2025-09-12;1;61.61;61.61
ZAM-MSPI-Owned;Regular;661-04579;"Battery, iPhone 6";FG99023X1B0FW5WEB;;2025-09-12;1;61.61;61.61
ZAM-MSPI-Owned;Regular;661-04579;"Battery, iPhone 6";FG9124700B0FW5WFC;;2025-09-12;1;61.61;61.61
ZAM-MSPI-Owned;Regular;661-04579;"Battery, iPhone 6";FG985240BUTFW5WED;;2025-09-12;1;61.61;61.61
ZAM-MSPI-Owned;Regular;661-04579;"Battery, iPhone 6";FG985260092FW5WE2;;2025-09-12;1;61.61;61.61
ZAM-MSPI-Owned;Regular;661-04579;"Battery, iPhone 6";FG91405045UFW5WFA;;2025-09-12;1;61.61;61.61
ZAM-MSPI-Owned;Regular;661-04579;"Battery, iPhone 6";FG9140300CVFW5WFU;;2025-09-12;1;61.61;61.61
ZAM-MSPI-Owned;Regular;661-04580;"Battery, iPhone 6 Plus";F8Y904404H9FTHLDE;;2025-09-12;1;61.61;61.61
ZAM-MSPI-Owned;Regular;661-04580;"Battery, iPhone 6 Plus";F8Y9033064GFTHLDE;;2025-09-12;1;61.61;61.61
ZAM-MSPI-Owned;Regular;661-04580;"Battery, iPhone 6 Plus";F8Y902402Q1FTHLD9;;2025-09-12;1;61.61;61.61
ZAM-MSPI-Owned;Regular;661-04580;"Battery, iPhone 6 Plus";F8Y904604WPFTHLDT;;2025-09-12;1;61.61;61.61
ZAM-MSPI-Owned;Regular;661-04581;"Battery Kit, iPhone 6s";F5D93746T3FG5NYBP;;2025-09-12;1;61.61;61.61
ZAM-MSPI-Owned;Regular;661-04581;"Battery Kit, iPhone 6s";F5D9374CCQ0G5NYB6;;2025-09-12;1;61.61;61.61
ZAM-MSPI-Owned;Regular;661-04581;"Battery Kit, iPhone 6s";F5D934418SNG5NYBQ;;2025-09-12;1;61.61;61.61
ZAM-MSPI-Owned;Regular;661-04581;"Battery Kit, iPhone 6s";F5D9343FLXYG5NYBE;;2025-09-12;1;61.61;61.61
ZAM-MSPI-Owned;Regular;661-04581;"Battery Kit, iPhone 6s";F5D934418C2G5NYBJ;;2025-09-12;1;61.61;61.61
ZAM-MSPI-Owned;Regular;661-04581;"Battery Kit, iPhone 6s";F5D1445G4LHG5NYCR;;2025-09-12;1;61.61;61.61
ZAM-MSPI-Owned;Regular;661-04581;"Battery Kit, iPhone 6s";F5D1476BGY1G5NYCY;;2025-09-12;1;61.61;61.61
ZAM-MSPI-Owned;Regular;661-04581;"Battery Kit, iPhone 6s";F5D1476KX5XG5NYCA;;2025-09-12;1;61.61;61.61
ZAM-MSPI-Owned;Regular;661-04581;"Battery Kit, iPhone 6s";F5D14455YMKG5NYCR;;2025-09-12;1;61.61;61.61
ZAM-MSPI-Owned;Regular;661-04581;"Battery Kit, iPhone 6s";F5D1446B03TG5NYCG;;2025-09-12;1;61.61;61.61
ZAM-MSPI-Owned;Regular;661-04581;"Battery Kit, iPhone 6s";F5D14759Z0XG5NYCL;;2025-09-12;1;61.61;61.61
ZAM-MSPI-Owned;Regular;661-04581;"Battery Kit, iPhone 6s";F5D1473D7YEG5NYCR;;2025-09-12;1;61.61;61.61
ZAM-MSPI-Owned;Regular;661-04581;"Battery Kit, iPhone 6s";F5D21230Y5DG5NYC0;;2025-09-12;1;61.61;61.61
ZAM-MSPI-Owned;Regular;661-08935;"Battery, iPhone 8";F5D2407A6L9HXY8BQ;;2025-09-12;1;69.00;69.00
ZAM-MSPI-Owned;Regular;661-08935;"Battery, iPhone 8";F5D30245TSTHXY8BE;;2025-09-12;1;69.00;69.00
ZAM-MSPI-Owned;Regular;661-08935;"Battery, iPhone 8";F5D21630G5WHXY8BP;;2025-09-12;1;69.00;69.00
ZAM-MSPI-Owned;Regular;661-13569;"Battery, iPhone 11 Pro";F5D337403HELTDMAF;;2025-09-12;1;89.00;89.00
ZAM-MSPI-Owned;Regular;661-13569;"Battery, iPhone 11 Pro";F5D33943QDBLTDMAU;;2025-09-12;1;89.00;89.00
ZAM-MSPI-Owned;Regular;661-13624;"Battery, iPhone 11 Pro Max";F8Y310701VWMD2CAA;;2025-09-12;1;89.00;89.00
ZAM-MSPI-Owned;Regular;661-13624;"Battery, iPhone 11 Pro Max";F8Y310701W3MD2CA0;;2025-09-12;1;89.00;89.00
ZAM-MSPI-Owned;Regular;661-13624;"Battery, iPhone 11 Pro Max";F8Y4425C0CRMD2CBJ;;2025-09-12;1;89.00;89.00
ZAM-MSPI-Owned;Regular;661-13624;"Battery, iPhone 11 Pro Max";F8Y5196C1JYMD2CB4;;2025-09-12;1;89.00;89.00
ZAM-MSPI-Owned;Regular;661-22374;"Battery, iPhone 13 mini";F8Y13212F0914LW76;;2025-09-12;1;89.00;89.00
ZAM-MSPI-Owned;Regular;661-14096;"Display, iPhone 11 Pro";G9P9426TFMDJMPM6C;;2025-09-12;1;279.00;279.00
ZAM-MSPI-Owned;Regular;661-13114;"Display, iPhone X";FXR04553843J6DX9U;;2025-09-12;1;256.25;256.25
ZAM-MSPI-Owned;Regular;661-13114;"Display, iPhone X";FXR04342BN9J6DX99;;2025-09-12;1;256.25;256.25
ZAM-MSPI-Owned;Regular;661-13114;"Display, iPhone X";FXR04532AEAJ6DX9U;;2025-09-12;1;256.25;256.25
ZAM-MSPI-Owned;Regular;661-13114;"Display, iPhone X";FXR0445247RJ6DX97;;2025-09-12;1;256.25;256.25
ZAM-MSPI-Owned;Regular;661-10608;"Display, iPhone Xs";G9P11512DJ9JC4655;;2025-09-12;1;256.25;256.25
ZAM-MSPI-Owned;Regular;661-10608;"Display, iPhone Xs";G9P11522F2XJC465U;;2025-09-12;1;256.25;256.25
ZAM-MSPI-Owned;Regular;661-14096;"Display, iPhone 11 Pro";G9P1197AFJWJMPM6S;;2025-09-12;1;279.00;279.00
ZAM-MSPI-Owned;Regular;661-14096;"Display, iPhone 11 Pro";G9P1196A736JMPM62;;2025-09-12;1;279.00;279.00
ZAM-MSPI-Owned;Regular;661-11037;"Display, iPhone Xs Max";G9P1204D08RJ4F84L;;2025-09-12;1;329.00;329.00
ZAM-MSPI-Owned;Regular;661-10608;"Display, iPhone Xs";G9P11522C2XJC465X;;2025-09-12;1;256.25;256.25
ZAM-MSPI-Owned;Regular;661-07300;"Rose Gold, Display, iPhone 7 Plus, DH";C3F0373M18KH1FMAN;;2025-09-12;1;169.00;169.00
ZAM-MSPI-Owned;Regular;661-17940;"Display, iPhone 12 mini";G9Q0403KLG2LQHJAQ;;2025-09-12;1;229.00;229.00
ZAM-MSPI-Owned;Regular;661-11232;"Display, iPhone XR";C3F1395S2DFJLNMA9;;2025-09-12;1;199.00;199.00
ZAM-MSPI-Owned;Regular;661-11232;"Display, iPhone XR";C3F1396B4UXJLNMAQ;;2025-09-12;1;199.00;199.00
ZAM-MSPI-Owned;Regular;661-14099;"Display, iPhone 11 Pro Max";G9P1374CBJZJMPN5W;;2025-09-12;1;329.00;329.00
ZAM-MSPI-Owned;Regular;661-11232;"Display, iPhone XR";C3F1337SAJWJLNMAM;;2025-09-12;1;199.00;199.00
ZAM-MSPI-Owned;Regular;661-11232;"Display, iPhone XR";F7C1476T52SJH41AS;;2025-09-12;1;199.00;199.00
ZAM-MSPI-Owned;Regular;661-14099;"Display, iPhone 11 Pro Max";G9P1362CBKDJMPN5J;;2025-09-12;1;329.00;329.00
ZAM-MSPI-Owned;Regular;661-13114;"Display, iPhone X";FXR043126EXJ6DX9K;;2025-09-12;1;256.25;256.25
ZAM-MSPI-Owned;Regular;661-07297;"Black/Jet Black, Display, iPhone 7 Plus, DH";C3F8026LA03H1FQAA;;2025-09-12;1;169.00;169.00
ZAM-MSPI-Owned;Regular;661-11037;"Display, iPhone Xs Max";G9P1223D32WJ4F84R;;2025-09-12;1;329.00;329.00
ZAM-MSPI-Owned;Regular;661-22311;"Display, iPhone 13 mini";GVC233124LCQ2PHA2;;2025-09-12;1;229.00;229.00
ZAM-MSPI-Owned;Regular;661-18504;"Display, iPhone 12 Pro";G9P2285BBKWLQHKAQ;;2025-09-12;1;279.00;279.00
ZAM-MSPI-Owned;Regular;661-18466;"Display, iPhone 12 Pro Max";G9Q3052SNHHMRY1A0;;2025-09-12;1;329.00;329.00
ZAM-MSPI-Owned;Regular;661-14098;"Display, iPhone 11";DKH3102F37304FPAZ;;2025-09-12;1;199.00;199.00
ZAM-MSPI-Owned;Regular;661-14098;"Display, iPhone 11";DKH3436F5EF04FPAG;;2025-09-12;1;199.00;199.00
ZAM-MSPI-Owned;Regular;661-14098;"Display, iPhone 11";DKH3436K1T704FPAB;;2025-09-12;1;199.00;199.00
ZAM-MSPI-Owned;Regular;661-14098;"Display, iPhone 11";DKH3436F11704FPAZ;;2025-09-12;1;199.00;199.00
ZAM-MSPI-Owned;Regular;661-18503;"Display, iPhone 12";GVH33740EU0LQHMA1;;2025-09-12;1;279.00;279.00
ZAM-MSPI-Owned;Regular;661-17921;"Camera, iPhone 12";DNL05051Q2LMFGR3J;;2025-09-12;1;169.00;169.00
ZAM-MSPI-Owned;Regular;661-17922;"Camera, iPhone 12 Pro";DN80434LSQVMFGV1T;;2025-09-12;1;199.00;199.00
ZAM-MSPI-Owned;Regular;661-22293;"Camera, iPhone 13 Pro and 13 Pro Max";DN84033FQW4Q1NMD3;;2025-09-12;1;199.00;199.00
ZAM-MSPI-Owned;Regular;923-04915;"Speaker, iPhone 12 and 12 Pro";DTV037711F7NR6D5T;;2025-09-12;1;67.00;67.00
ZAM-MSPI-Owned;Regular;923-05011;"Speaker, iPhone 12 mini";DXY04013EHENR5T5V;;2025-09-12;1;67.00;67.00
ZAM-MSPI-Owned;Regular;923-05104;"Speaker, iPhone 12 Pro Max";DTV036327ZPNR6N5E;;2025-09-12;1;67.00;67.00
ZAM-MSPI-Owned;Regular;923-06235;"Bottom Speaker, iPhone 13";DTV13173DR4080363;;2025-09-12;1;67.00;67.00
ZAM-MSPI-Owned;Regular;923-06237;"Taptic Engine, iPhone 13";FTN12634HQ7033989;;2025-09-12;1;67.00;67.00
ZAM-MSPI-Owned;Regular;923-06256;"Bottom Speaker, iPhone 13 Pro";CTH1362AFPG080D54;;2025-09-12;1;67.00;67.00
ZAM-MSPI-Owned;Regular;923-06258;"Taptic Engine, iPhone 13 Pro";GH7134335NP07428V;;2025-09-12;1;67.00;67.00
ZAM-MSPI-Owned;Regular;923-06643;"Taptic Engine, iPhone 13 Pro Max";GH713244H1C07478L;;2025-09-12;1;67.00;67.00
ZAM-MSPI-Owned;Regular;923-06648;"Bottom Speaker, iPhone 13 Pro Max";CTH13811H78080T34;;2025-09-12;1;67.00;67.00
ZAM-MSPI-Owned;Regular;923-06682;"Taptic Engine, iPhone 13 mini";GH91321220Z08098Z;;2025-09-12;1;67.00;67.00
ZAM-MSPI-Owned;Regular;923-06692;"Bottom Speaker, iPhone 13 mini";DTV1316168J07YR4B;;2025-09-12;1;67.00;67.00
ABR-MSPI-Owned;Regular;661-07287;"Gold, Display, iPhone 6s, DH";C119354Z3G3G192TX;;2025-09-12;1;143.75;143.75
ABR-MSPI-Owned;Regular;661-07288;"Rose Gold, Display, iPhone 6s, DH";C117451M13QG192TT;;2025-09-12;1;143.75;143.75
ABR-MSPI-Owned;Regular;661-07289;"Space Gray, Display, iPhone 6s Plus, DH";F7C9484J2FPG8W9T9;;2025-09-12;1;169.00;169.00
ABR-MSPI-Owned;Regular;661-07290;"Silver, Display, iPhone 6s Plus, DH";DTP74258BTYG8WHLL;;2025-09-12;1;169.00;169.00
ABR-MSPI-Owned;Regular;661-07291;"Gold, Display, iPhone 6s Plus, DH";F7C9365J55LG8WCT8;;2025-09-12;1;169.00;169.00
ABR-MSPI-Owned;Regular;661-07292;"Rose Gold, Display, iPhone 6s Plus, DH";F7C9307J2LFG8WCTM;;2025-09-12;1;169.00;169.00
ABR-MSPI-Owned;Regular;661-07293;"Black, Display, iPhone 7, DH";FVQ9206F3NQH1NGAD;;2025-09-12;1;149.00;149.00
ABR-MSPI-Owned;Regular;661-07293;"Black, Display, iPhone 7, DH";F7C9523C21TH1NGAK;;2025-09-12;1;149.00;149.00
ABR-MSPI-Owned;Regular;661-07293;"Black, Display, iPhone 7, DH";DKH9436B6C6H1NQAN;;2025-09-12;1;149.00;149.00
ABR-MSPI-Owned;Regular;661-07293;"Black, Display, iPhone 7, DH";FVQ8303G1AYH1NGAB;;2025-09-12;1;149.00;149.00
ABR-MSPI-Owned;Regular;661-07294;"Silver, Display, iPhone 7, DH";FVQ8433H05HH1NHAU;;2025-09-12;1;149.00;149.00
ABR-MSPI-Owned;Regular;661-07294;"Silver, Display, iPhone 7, DH";FVQ8373G7KTH1NHAV;;2025-09-12;1;149.00;149.00
ABR-MSPI-Owned;Regular;661-07295;"Gold, Display, iPhone 7, DH";DKH104713EWH1NRAE;;2025-09-12;1;149.00;149.00
ABR-MSPI-Owned;Regular;661-07295;"Gold, Display, iPhone 7, DH";F7C9525G4WXH1NHAD;;2025-09-12;1;149.00;149.00
ABR-MSPI-Owned;Regular;661-07296;"Rose Gold, Display, iPhone 7, DH";FVQ8374H3J4H1NHAM;;2025-09-12;1;149.00;149.00
ABR-MSPI-Owned;Regular;661-07296;"Rose Gold, Display, iPhone 7, DH";FVQ9052H346H1NHA1;;2025-09-12;1;149.00;149.00
ABR-MSPI-Owned;Regular;661-07297;"Black/Jet Black, Display, iPhone 7 Plus, DH";C3F0464MAUNH1FQAG;;2025-09-12;1;169.00;169.00
ABR-MSPI-Owned;Regular;661-07297;"Black/Jet Black, Display, iPhone 7 Plus, DH";FVQ8495B8CRH1FNA5;;2025-09-12;1;169.00;169.00
ABR-MSPI-Owned;Regular;661-07297;"Black/Jet Black, Display, iPhone 7 Plus, DH";C3F0514MBQHH1FQAC;;2025-09-12;1;169.00;169.00
ABR-MSPI-Owned;Regular;661-07297;"Black/Jet Black, Display, iPhone 7 Plus, DH";C3F0464M8JAH1FQAS;;2025-09-12;1;169.00;169.00
ABR-MSPI-Owned;Regular;661-07297;"Black/Jet Black, Display, iPhone 7 Plus, DH";C3F0042QBAXH1FQAV;;2025-09-12;1;169.00;169.00
ABR-MSPI-Owned;Regular;661-07298;"Silver, Display, iPhone 7 Plus, DH";C119105W1YWH1FLAV;;2025-09-12;1;169.00;169.00
ABR-MSPI-Owned;Regular;661-07298;"Silver, Display, iPhone 7 Plus, DH";FVQ9135D47FH1FLAE;;2025-09-12;1;169.00;169.00
ABR-MSPI-Owned;Regular;661-07299;"Gold, Display, iPhone 7 Plus, DH";C3F0373M61HH1FMA6;;2025-09-12;1;169.00;169.00
ABR-MSPI-Owned;Regular;661-07299;"Gold, Display, iPhone 7 Plus, DH";C3F0374MAA8H1FMAH;;2025-09-12;1;169.00;169.00
ABR-MSPI-Owned;Regular;661-07300;"Rose Gold, Display, iPhone 7 Plus, DH";C3F0373M7ECH1FMA5;;2025-09-12;1;169.00;169.00
ABR-MSPI-Owned;Regular;661-07300;"Rose Gold, Display, iPhone 7 Plus, DH";C3F0374M6T5H1FMA7;;2025-09-12;1;169.00;169.00
ABR-MSPI-Owned;Regular;661-07300;"Rose Gold, Display, iPhone 7 Plus, DH";C119116W6UKH1FLA9;;2025-09-12;1;169.00;169.00
ABR-MSPI-Owned;Regular;661-08933;"Display, Space Gray, iPhone 8";DKH1033319UHNK0AD;;2025-09-12;1;149.00;149.00
ABR-MSPI-Owned;Regular;661-08933;"Display, Space Gray, iPhone 8";DKH1263300BHNK0AD;;2025-09-12;1;149.00;149.00
ABR-MSPI-Owned;Regular;661-08934;"Display, Silver, iPhone 8";C3F8305DD5HHNJRA6;;2025-09-12;1;149.00;149.00
ABR-MSPI-Owned;Regular;661-09032;"SVC,DISPLAY,GRAY,IPHONE 8 PLUS";C3F0074M0RBHLK8AY;;2025-09-12;1;169.00;169.00
ABR-MSPI-Owned;Regular;661-09032;"SVC,DISPLAY,GRAY,IPHONE 8 PLUS";C119116P6SVHLK3AC;;2025-09-12;1;169.00;169.00
ABR-MSPI-Owned;Regular;661-09033;"Display, Silver, iPhone 8 Plus";C3F0137MDN4HLK7AA;;2025-09-12;1;169.00;169.00
ABR-MSPI-Owned;Regular;661-09034;"Display, Gold, iPhone 8 Plus";C3F9027F5WBHLK7AG;;2025-09-12;1;169.00;169.00
ABR-MSPI-Owned;Regular;661-09034;"Display, Gold, iPhone 8 Plus";C3F9503M4YSHLK7AH;;2025-09-12;1;169.00;169.00
ABR-MSPI-Owned;Regular;661-09081;"Display, Gold, iPhone 8";DKH9417E2V2HNJYAS;;2025-09-12;1;149.00;149.00
ABR-MSPI-Owned;Regular;661-10102;"SVC,DISPLAY,IPHONE 8, RED";C3F8307C8J3HNJTAK;;2025-09-12;1;149.00;149.00
ABR-MSPI-Owned;Regular;661-10103;"SVC,DISPLAY,IPHONE 8 PLUS, RED";C118494Q0TRHLK3AU;;2025-09-12;1;169.00;169.00
ABR-MSPI-Owned;Regular;661-04579;"Battery, iPhone 6";FG9852602F6FW5WEC;;2025-09-12;1;61.61;61.61
ABR-MSPI-Owned;Regular;661-04579;"Battery, iPhone 6";FG9902503VVFW5WEH;;2025-09-12;1;61.61;61.61
ABR-MSPI-Owned;Regular;661-04579;"Battery, iPhone 6";FG985260238FW5WEC;;2025-09-12;1;61.61;61.61
ABR-MSPI-Owned;Regular;661-04579;"Battery, iPhone 6";FG9902302LWFW5WEC;;2025-09-12;1;61.61;61.61
ABR-MSPI-Owned;Regular;661-04579;"Battery, iPhone 6";FG990230427FW5WEK;;2025-09-12;1;61.61;61.61
ABR-MSPI-Owned;Regular;661-04579;"Battery, iPhone 6";FG99023042AFW5WEG;;2025-09-12;1;61.61;61.61
ABR-MSPI-Owned;Regular;661-04579;"Battery, iPhone 6";FG990240723FW5WEK;;2025-09-12;1;61.61;61.61
ABR-MSPI-Owned;Regular;661-04579;"Battery, iPhone 6";FG9902405G6FW5WEA;;2025-09-12;1;61.61;61.61
ABR-MSPI-Owned;Regular;661-04579;"Battery, iPhone 6";FG9902405GMFW5WEV;;2025-09-12;1;61.61;61.61
ABR-MSPI-Owned;Regular;661-04579;"Battery, iPhone 6";FG9902402RLFW5WE6;;2025-09-12;1;61.61;61.61
ABR-MSPI-Owned;Regular;661-04579;"Battery, iPhone 6";FG9852600XTFW5WED;;2025-09-12;1;61.61;61.61
ABR-MSPI-Owned;Regular;661-04579;"Battery, iPhone 6";FG9905207EWFW5WEH;;2025-09-12;1;61.61;61.61
ABR-MSPI-Owned;Regular;661-04579;"Battery, iPhone 6";FG984770156FW5WEU;;2025-09-12;1;61.61;61.61
ABR-MSPI-Owned;Regular;661-04579;"Battery, iPhone 6";FG9847502PJFW5WEX;;2025-09-12;1;61.61;61.61
ABR-MSPI-Owned;Regular;661-04579;"Battery, iPhone 6";FG9124702K9FW5WFB;;2025-09-12;1;61.61;61.61
ABR-MSPI-Owned;Regular;661-04579;"Battery, iPhone 6";FG9852406XQFW5WEC;;2025-09-12;1;61.61;61.61
ABR-MSPI-Owned;Regular;661-04579;"Battery, iPhone 6";FG91465016HFW5WF3;;2025-09-12;1;61.61;61.61
ABR-MSPI-Owned;Regular;661-04580;"Battery, iPhone 6 Plus";F8Y903306UVFTHLDX;;2025-09-12;1;61.61;61.61
ABR-MSPI-Owned;Regular;661-04580;"Battery, iPhone 6 Plus";F8Y904601S0FTHLDX;;2025-09-12;1;61.61;61.61
ABR-MSPI-Owned;Regular;661-04580;"Battery, iPhone 6 Plus";F8Y904601RMFTHLDD;;2025-09-12;1;61.61;61.61
ABR-MSPI-Owned;Regular;661-04580;"Battery, iPhone 6 Plus";F8Y90350DH5FTHLDB;;2025-09-12;1;61.61;61.61
ABR-MSPI-Owned;Regular;661-04581;"Battery Kit, iPhone 6s";F5D0523AYWLG5NYBV;;2025-09-12;1;61.61;61.61
ABR-MSPI-Owned;Regular;661-04581;"Battery Kit, iPhone 6s";F5D101501RYG5NYCR;;2025-09-12;1;61.61;61.61
ABR-MSPI-Owned;Regular;661-04581;"Battery Kit, iPhone 6s";F5D9343FUB3G5NYBT;;2025-09-12;1;61.61;61.61
ABR-MSPI-Owned;Regular;661-04581;"Battery Kit, iPhone 6s";F5D9343DJCMG5NYBN;;2025-09-12;1;61.61;61.61
ABR-MSPI-Owned;Regular;661-04581;"Battery Kit, iPhone 6s";F5D9343FLEZG5NYBW;;2025-09-12;1;61.61;61.61
ABR-MSPI-Owned;Regular;661-04581;"Battery Kit, iPhone 6s";F5D10621KUBG5NYC4;;2025-09-12;1;61.61;61.61
ABR-MSPI-Owned;Regular;661-04581;"Battery Kit, iPhone 6s";F5D10621380G5NYCP;;2025-09-12;1;61.61;61.61
ABR-MSPI-Owned;Regular;661-04581;"Battery Kit, iPhone 6s";F5D14117J03G5NYCP;;2025-09-12;1;61.61;61.61
ABR-MSPI-Owned;Regular;661-04581;"Battery Kit, iPhone 6s";F5D1013DHD1G5NYC5;;2025-09-12;1;61.61;61.61
ABR-MSPI-Owned;Regular;661-04581;"Battery Kit, iPhone 6s";F5D014311ZNG5NYB6;;2025-09-12;1;61.61;61.61
ABR-MSPI-Owned;Regular;661-04581;"Battery Kit, iPhone 6s";F5D20566YGSG5NYCT;;2025-09-12;1;61.61;61.61
ABR-MSPI-Owned;Regular;661-04581;"Battery Kit, iPhone 6s";F5D22061C6PG5NYC6;;2025-09-12;1;61.61;61.61
ABR-MSPI-Owned;Regular;661-04581;"Battery Kit, iPhone 6s";F5D240270SDG5NYCL;;2025-09-12;1;61.61;61.61
ABR-MSPI-Owned;Regular;661-04582;"Battery Kit, iPhone 6s Plus";F5D952172M1G8H5BS;;2025-11-13;1;69.00;69.00
ABR-MSPI-Owned;Regular;661-04582;"Battery Kit, iPhone 6s Plus";F5D952118VAG8H5B5;;2025-11-13;1;69.00;69.00
ABR-MSPI-Owned;Regular;661-04582;"Battery Kit, iPhone 6s Plus";F5D950670TSG8H5BL;;2025-11-13;1;69.00;69.00
ABR-MSPI-Owned;Regular;661-04582;"Battery Kit, iPhone 6s Plus";F8Y90150V7LG8H8CD;;2025-11-13;1;69.00;69.00
ABR-MSPI-Owned;Regular;661-04582;"Battery Kit, iPhone 6s Plus";F8Y901509YUG8H8CJ;;2025-11-13;1;69.00;69.00
ABR-MSPI-Owned;Regular;661-05421;"BATTERY IPHONE 7";F5D219461N4H885BF;;2025-11-13;1;69.00;69.00
ABR-MSPI-Owned;Regular;661-05421;"BATTERY IPHONE 7";F5D219723BQH885B1;;2025-11-13;1;69.00;69.00
ABR-MSPI-Owned;Regular;661-05421;"BATTERY IPHONE 7";F5D310619S6H885BW;;2025-11-13;1;69.00;69.00
ABR-MSPI-Owned;Regular;661-05421;"BATTERY IPHONE 7";F5D31062HNWH885B7;;2025-11-13;1;69.00;69.00
ABR-MSPI-Owned;Regular;661-05421;"BATTERY IPHONE 7";F5D35042BAXH885BC;;2025-11-13;1;69.00;69.00
ABR-MSPI-Owned;Regular;661-05421;"BATTERY IPHONE 7";F5D31070H3GH885BF;;2025-11-13;1;69.00;69.00
ABR-MSPI-Owned;Regular;661-05755;"Battery, iPhone 7 Plus";F8Y3097B3DYH86CBX;;2025-11-13;1;69.00;69.00
ABR-MSPI-Owned;Regular;661-05755;"Battery, iPhone 7 Plus";F8Y3174C28TH86CBP;;2025-11-13;1;69.00;69.00
ABR-MSPI-Owned;Regular;661-05755;"Battery, iPhone 7 Plus";F8Y3174C2PUH86CBB;;2025-11-13;1;69.00;69.00
ABR-MSPI-Owned;Regular;661-05755;"Battery, iPhone 7 Plus";F8Y3174C6C7H86CBT;;2025-11-13;1;69.00;69.00
ABR-MSPI-Owned;Regular;661-05755;"Battery, iPhone 7 Plus";F8Y423400U1H86CCY;;2025-11-13;1;69.00;69.00
ZAM-MSPI-Owned;Regular;661-04582;"Battery Kit, iPhone 6s Plus";F8Y850709CQG8H8CD;;2025-09-12;1;69.00;69.00
ZAM-MSPI-Owned;Regular;661-04582;"Battery Kit, iPhone 6s Plus";F5D95142BP2G8H5BR;;2025-09-12;1;69.00;69.00
ZAM-MSPI-Owned;Regular;661-04582;"Battery Kit, iPhone 6s Plus";F5D950442EFG8H5BB;;2025-09-12;1;69.00;69.00
ZAM-MSPI-Owned;Regular;661-04582;"Battery Kit, iPhone 6s Plus";F5D95229MJPG8H5BM;;2025-09-12;1;69.00;69.00
ZAM-MSPI-Owned;Regular;661-04582;"Battery Kit, iPhone 6s Plus";F8Y349503ETG8H8DY;;2025-09-12;1;69.00;69.00
ZAM-MSPI-Owned;Regular;661-05421;"BATTERY IPHONE 7";F5D0492JV0PH885B3;;2025-09-12;1;69.00;69.00
ZAM-MSPI-Owned;Regular;661-05421;"BATTERY IPHONE 7";F5D049382XTH885BW;;2025-09-12;1;69.00;69.00
ZAM-MSPI-Owned;Regular;661-05421;"BATTERY IPHONE 7";F5D103465DPH885B7;;2025-09-12;1;69.00;69.00
ZAM-MSPI-Owned;Regular;661-05421;"BATTERY IPHONE 7";F5D1374FW03H885BZ;;2025-09-12;1;69.00;69.00
ZAM-MSPI-Owned;Regular;661-05421;"BATTERY IPHONE 7";F5D13940B4NH885BS;;2025-09-12;1;69.00;69.00
ZAM-MSPI-Owned;Regular;661-05421;"BATTERY IPHONE 7";F5D21634XBTH885BB;;2025-09-12;1;69.00;69.00
ZAM-MSPI-Owned;Regular;661-05755;"Battery, iPhone 7 Plus";F8Y2087006VH86CBV;;2025-09-12;1;69.00;69.00
ZAM-MSPI-Owned;Regular;661-05755;"Battery, iPhone 7 Plus";F8Y231203M1H86CBY;;2025-09-12;1;69.00;69.00
ZAM-MSPI-Owned;Regular;661-05755;"Battery, iPhone 7 Plus";F8Y20120BSUH86CBK;;2025-09-12;1;69.00;69.00
ZAM-MSPI-Owned;Regular;661-05755;"Battery, iPhone 7 Plus";F8Y20120E01H86CBK;;2025-09-12;1;69.00;69.00
ZAM-MSPI-Owned;Regular;661-05755;"Battery, iPhone 7 Plus";F8Y2481B9VDH86CB4;;2025-09-12;1;69.00;69.00
ZAM-MSPI-Owned;Regular;661-05755;"Battery, iPhone 7 Plus";F8Y2477B48VH86CBK;;2025-09-12;1;69.00;69.00
POD_MSPI-Owned;Regular;661-21993;"Display, iPhone 13 Pro";G9P5224LLP2PQCKAL;;2025-09-12;1;279.00;279.00
ABR-MSPI-Owned;Regular;923-05011;"Speaker, iPhone 12 mini";DTV0411338CNR5Q5G;;2025-09-13;1;67.00;67.00
ABR-MSPI-Owned;Regular;923-05011;"Speaker, iPhone 12 mini";DTV04113381NR5Q5T;;2025-09-13;1;67.00;67.00
ABR-MSPI-Owned;Regular;661-17921;"Camera, iPhone 12";F6D23141383MFGR5B;;2025-09-13;1;169.00;169.00
ABR-MSPI-Owned;Regular;661-17921;"Camera, iPhone 12";F6D20841N0FMFGR5L;;2025-09-13;1;169.00;169.00
ABR-MSPI-Owned;Regular;661-17922;"Camera, iPhone 12 Pro";GCF22231ZD3MFGVAT;;2025-09-13;1;199.00;199.00
ABR-MSPI-Owned;Regular;661-17922;"Camera, iPhone 12 Pro";DN80533KFFRMFGV14;;2025-09-13;1;199.00;199.00
ABR-MSPI-Owned;Regular;923-04915;"Speaker, iPhone 12 and 12 Pro";DTV03774C66NR6D51;;2025-09-13;1;67.00;67.00
ABR-MSPI-Owned;Regular;923-04915;"Speaker, iPhone 12 and 12 Pro";DTV03774B58NR6D53;;2025-09-13;1;67.00;67.00
ABR-MSPI-Owned;Regular;923-06692;"Bottom Speaker, iPhone 13 mini";DTV131717UK07YR4G;;2025-09-13;1;67.00;67.00
ABR-MSPI-Owned;Regular;923-06692;"Bottom Speaker, iPhone 13 mini";DTV1317197407YR4Q;;2025-09-13;1;67.00;67.00
ABR-MSPI-Owned;Regular;923-06258;"Taptic Engine, iPhone 13 Pro";GH71324574U074287;;2025-09-13;1;67.00;67.00
ABR-MSPI-Owned;Regular;923-06258;"Taptic Engine, iPhone 13 Pro";GH713425KQJ074289;;2025-09-13;1;67.00;67.00
ABR-MSPI-Owned;Regular;923-06235;"Bottom Speaker, iPhone 13";DTV1316746W080351;;2025-09-13;1;67.00;67.00
ABR-MSPI-Owned;Regular;923-06235;"Bottom Speaker, iPhone 13";DTV13173DRC08036V;;2025-09-13;1;67.00;67.00
ABR-MSPI-Owned;Regular;661-04479;"Battery Kit, iPhone SE";F5D110645N5GKK7A4;;2025-09-13;1;43.75;43.75
ABR-MSPI-Owned;Regular;661-04479;"Battery Kit, iPhone SE";F5D0526DCMAGKK7AV;;2025-09-13;1;43.75;43.75
ABR-MSPI-Owned;Regular;661-04479;"Battery Kit, iPhone SE";F5D10364EX2GKK7AX;;2025-09-13;1;43.75;43.75
ABR-MSPI-Owned;Regular;923-06682;"Taptic Engine, iPhone 13 mini";GH91292346C08098A;;2025-09-13;1;67.00;67.00
ABR-MSPI-Owned;Regular;923-06682;"Taptic Engine, iPhone 13 mini";GH912923AFD08098A;;2025-09-13;1;67.00;67.00
ABR-MSPI-Owned;Regular;661-22293;"Camera, iPhone 13 Pro and 13 Pro Max";DN84195FQ19Q1NMDW;;2025-09-13;1;199.00;199.00
ABR-MSPI-Owned;Regular;923-06643;"Taptic Engine, iPhone 13 Pro Max";GH7132445VM074787;;2025-09-13;1;67.00;67.00
ABR-MSPI-Owned;Regular;923-06643;"Taptic Engine, iPhone 13 Pro Max";GH713244H3J074788;;2025-09-13;1;67.00;67.00
ABR-MSPI-Owned;Regular;923-06256;"Bottom Speaker, iPhone 13 Pro";CTH1362AFS3080D58;;2025-09-13;1;67.00;67.00
ABR-MSPI-Owned;Regular;923-06256;"Bottom Speaker, iPhone 13 Pro";CTH1363B5R4080D5G;;2025-09-13;1;67.00;67.00
ABR-MSPI-Owned;Regular;923-06237;"Taptic Engine, iPhone 13";FTN12644HEQ03398M;;2025-09-13;1;67.00;67.00
ABR-MSPI-Owned;Regular;923-06237;"Taptic Engine, iPhone 13";FTN1261484703398C;;2025-09-13;1;67.00;67.00
ABR-MSPI-Owned;Regular;923-06648;"Bottom Speaker, iPhone 13 Pro Max";CTH13642K6U080T3K;;2025-09-13;1;67.00;67.00
ABR-MSPI-Owned;Regular;923-06648;"Bottom Speaker, iPhone 13 Pro Max";CTH138126ZC080T3Y;;2025-09-13;1;67.00;67.00
ABR-MSPI-Owned;Regular;923-05104;"Speaker, iPhone 12 Pro Max";DTV2452118TNR6NA8;;2025-09-13;1;67.00;67.00
ABR-MSPI-Owned;Regular;923-05104;"Speaker, iPhone 12 Pro Max";DTV036643TQNR6N5S;;2025-09-13;1;67.00;67.00
ABR-MSPI-Owned;Regular;661-13624;"Battery, iPhone 11 Pro Max";F8Y5115C0U4MD2CBU;;2025-09-13;1;89.00;89.00
ABR-MSPI-Owned;Regular;661-13624;"Battery, iPhone 11 Pro Max";F8Y428500JVMD2CBG;;2025-09-13;1;89.00;89.00
ABR-MSPI-Owned;Regular;661-13624;"Battery, iPhone 11 Pro Max";F8Y3151018JMD2CA8;;2025-09-13;1;89.00;89.00
ABR-MSPI-Owned;Regular;661-13624;"Battery, iPhone 11 Pro Max";F8Y3151018FMD2CAB;;2025-09-13;1;89.00;89.00
ABR-MSPI-Owned;Regular;661-13624;"Battery, iPhone 11 Pro Max";F8Y250206F1MD2CAC;;2025-09-13;1;89.00;89.00
ABR-MSPI-Owned;Regular;661-22374;"Battery, iPhone 13 mini";F8Y13322RC314LW7W;;2025-09-13;1;89.00;89.00
ABR-MSPI-Owned;Regular;661-17939;"Battery, iPhone 12 mini";F8Y412704RK02JNA3;;2025-09-13;1;89.00;89.00
ABR-MSPI-Owned;Regular;661-13114;"Display, iPhone X";FXR04553B8JJ6DX9Y;;2025-09-13;1;256.25;256.25
ABR-MSPI-Owned;Regular;661-13114;"Display, iPhone X";FXV01236YC0J6DX9J;;2025-09-13;1;256.25;256.25
ABR-MSPI-Owned;Regular;661-13114;"Display, iPhone X";FXG851541PRJ6DX9H;;2025-09-13;1;256.25;256.25
ABR-MSPI-Owned;Regular;661-13114;"Display, iPhone X";FXR045687G2J6DX9C;;2025-09-13;1;256.25;256.25
ABR-MSPI-Owned;Regular;661-13114;"Display, iPhone X";FXR04345S9JJ6DX9F;;2025-09-13;1;256.25;256.25
ABR-MSPI-Owned;Regular;661-13114;"Display, iPhone X";FXV012688JUJ6DX9M;;2025-09-13;1;256.25;256.25
ABR-MSPI-Owned;Regular;661-13114;"Display, iPhone X";FXV95076MFGJ6DX99;;2025-09-13;1;256.25;256.25
ABR-MSPI-Owned;Regular;661-13114;"Display, iPhone X";FXR04555T2WJ6DX9G;;2025-09-13;1;256.25;256.25
ABR-MSPI-Owned;Regular;661-13114;"Display, iPhone X";FXR04135SQ6J6DX9P;;2025-09-13;1;256.25;256.25
ABR-MSPI-Owned;Regular;661-13114;"Display, iPhone X";FXC02135F7CJ6DX9S;;2025-09-13;1;256.25;256.25
ABR-MSPI-Owned;Regular;661-13114;"Display, iPhone X";FXV01468974J6DX93;;2025-09-13;1;256.25;256.25
ABR-MSPI-Owned;Regular;661-13114;"Display, iPhone X";FXR04131Z4CJ6DX9E;;2025-09-13;1;256.25;256.25
ABR-MSPI-Owned;Regular;661-13114;"Display, iPhone X";FXV009676BGJ6DX95;;2025-09-13;1;256.25;256.25
ABR-MSPI-Owned;Regular;661-13569;"Battery, iPhone 11 Pro";F5D409428QBLTDMAE;;2025-09-13;1;89.00;89.00
ABR-MSPI-Owned;Regular;661-13569;"Battery, iPhone 11 Pro";F5D40941K53LTDMA3;;2025-09-13;1;89.00;89.00
ABR-MSPI-Owned;Regular;661-13569;"Battery, iPhone 11 Pro";F5D332505W1LTDMA1;;2025-09-13;1;89.00;89.00
ABR-MSPI-Owned;Regular;661-13569;"Battery, iPhone 11 Pro";F5D31044TULLTDMAX;;2025-09-13;1;89.00;89.00
ABR-MSPI-Owned;Regular;661-13569;"Battery, iPhone 11 Pro";F5D250478DDLTDMAQ;;2025-09-13;1;89.00;89.00
ABR-MSPI-Owned;Regular;661-13574;"Battery, iPhone 11";F8Y5077C1B2M6YNDW;;2025-09-13;1;89.00;89.00
ABR-MSPI-Owned;Regular;661-13574;"Battery, iPhone 11";F8Y4502C4PFM6YND2;;2025-09-13;1;89.00;89.00
ABR-MSPI-Owned;Regular;661-13574;"Battery, iPhone 11";F8Y4502C14GM6YNDT;;2025-09-13;1;89.00;89.00
ABR-MSPI-Owned;Regular;661-10608;"Display, iPhone Xs";G9P115327R8JC465P;;2025-09-13;1;256.25;256.25
ABR-MSPI-Owned;Regular;661-10608;"Display, iPhone Xs";G9P114629G8JC465E;;2025-09-13;1;256.25;256.25
ABR-MSPI-Owned;Regular;661-10608;"Display, iPhone Xs";G9P11452986JC4657;;2025-09-13;1;256.25;256.25
ABR-MSPI-Owned;Regular;661-10608;"Display, iPhone Xs";G9P115524SEJC465F;;2025-09-13;1;256.25;256.25
ABR-MSPI-Owned;Regular;661-11232;"Display, iPhone XR";F7C1521T0PMJH41AS;;2025-09-13;1;199.00;199.00
ABR-MSPI-Owned;Regular;661-11232;"Display, iPhone XR";C3F2024GB80JLNMAE;;2025-09-13;1;199.00;199.00
ABR-MSPI-Owned;Regular;661-11232;"Display, iPhone XR";F7C2133T6K4JH41AB;;2025-09-13;1;199.00;199.00
ABR-MSPI-Owned;Regular;661-11232;"Display, iPhone XR";F7C2263T35HJH41AZ;;2025-09-13;1;199.00;199.00
ABR-MSPI-Owned;Regular;661-14096;"Display, iPhone 11 Pro";G9P0342XE1KJMPM6D;;2025-09-13;1;279.00;279.00
ABR-MSPI-Owned;Regular;661-14096;"Display, iPhone 11 Pro";G9P1461A3HWJMPM6K;;2025-09-13;1;279.00;279.00
ABR-MSPI-Owned;Regular;661-14096;"Display, iPhone 11 Pro";G9P1174A8DAJMPM69;;2025-09-13;1;279.00;279.00
ABR-MSPI-Owned;Regular;661-14096;"Display, iPhone 11 Pro";G9P0363XMREJMPM60;;2025-09-13;1;279.00;279.00
ABR-MSPI-Owned;Regular;661-14096;"Display, iPhone 11 Pro";G9P1196APJEJMPM61;;2025-09-13;1;279.00;279.00
ABR-MSPI-Owned;Regular;661-22311;"Display, iPhone 13 mini";GVC31541GKMQ2PHAB;;2025-09-13;1;229.00;229.00
ABR-MSPI-Owned;Regular;661-22311;"Display, iPhone 13 mini";GVC20812EHUQ2PHA7;;2025-09-13;1;229.00;229.00
ABR-MSPI-Owned;Regular;661-14098;"Display, iPhone 11";DKH3441K5SE04FPA5;;2025-09-13;1;199.00;199.00
ABR-MSPI-Owned;Regular;661-14098;"Display, iPhone 11";DKH4023K38U04FPAJ;;2025-09-13;1;199.00;199.00
ABR-MSPI-Owned;Regular;661-14098;"Display, iPhone 11";DKH3314G0HQ04FPA9;;2025-09-13;1;199.00;199.00
ABR-MSPI-Owned;Regular;661-14098;"Display, iPhone 11";F7C4212D18RKV27AM;;2025-09-13;1;199.00;199.00
ABR-MSPI-Owned;Regular;661-14098;"Display, iPhone 11";F7C4214C1XTKV27AK;;2025-09-13;1;199.00;199.00
ABR-MSPI-Owned;Regular;661-14098;"Display, iPhone 11";F7C3372K26XKV27AL;;2025-09-13;1;199.00;199.00
ABR-MSPI-Owned;Regular;661-14099;"Display, iPhone 11 Pro Max";G9P1182CNC8JMPN5V;;2025-09-13;1;329.00;329.00
ABR-MSPI-Owned;Regular;661-14099;"Display, iPhone 11 Pro Max";G9P1186CGKBJMPN57;;2025-09-13;1;329.00;329.00
ABR-MSPI-Owned;Regular;661-14099;"Display, iPhone 11 Pro Max";G9P0457C1RUJMPN5V;;2025-09-13;1;329.00;329.00
ABR-MSPI-Owned;Regular;661-14099;"Display, iPhone 11 Pro Max";G9P1376CJ7WJMPN5P;;2025-09-13;1;329.00;329.00
ABR-MSPI-Owned;Regular;661-11037;"Display, iPhone Xs Max";G9P1194DH8KJ4F84H;;2025-09-13;1;329.00;329.00
ABR-MSPI-Owned;Regular;661-11037;"Display, iPhone Xs Max";G9P1193DFA7J4F84S;;2025-09-13;1;329.00;329.00
ABR-MSPI-Owned;Regular;661-11037;"Display, iPhone Xs Max";G9P1195D8LYJ4F84A;;2025-09-13;1;329.00;329.00
ABR-MSPI-Owned;Regular;661-18466;"Display, iPhone 12 Pro Max";G9Q4106APCZMRY1AK;;2025-09-13;1;329.00;329.00
ABR-MSPI-Owned;Regular;661-18504;"Display, iPhone 12 Pro";G9N2353CHPFLQHKAV;;2025-09-13;1;279.00;279.00
ABR-MSPI-Owned;Regular;661-17940;"Display, iPhone 12 mini";G9N0463Y5DELQHJAF;;2025-09-13;1;229.00;229.00
NPM-MSPI-Owned;Regular;661-13624;"Battery, iPhone 11 Pro Max";F8Y5255C2HAMD2CB6;;2025-09-13;1;89.00;89.00
SMS_MSPI-Owned;Regular;661-13574;"Battery, iPhone 11";F8Y5316C604M6YND4;;2025-09-15;1;89.00;89.00
NES_MSPI-Owned;Regular;661-14096;"Display, iPhone 11 Pro";G9P1193ANL3JMPM6A;;2025-09-15;1;279.00;279.00
NES_MSPI-Owned;Regular;661-13114;"Display, iPhone X";FXN74943GBXJ6DX9A;;2025-09-15;1;279.00;279.00
NES_MSPI-Owned;Regular;661-13114;"Display, iPhone X";FXV01242YMMJ6DX9F;;2025-09-15;1;279.00;279.00
NES_MSPI-Owned;Regular;661-11232;"Display, iPhone XR";F7C1265T8J4JH41A3;;2025-09-15;1;199.00;199.00
NES_MSPI-Owned;Regular;661-11037;"Display, iPhone Xs Max";G9P1196D45WJ4F84S;;2025-09-15;1;329.00;329.00
NES_MSPI-Owned;Regular;661-13114;"Display, iPhone X";FXR0462SDXXJ6DX9F;;2025-09-15;1;279.00;279.00
NES_MSPI-Owned;Regular;661-13114;"Display, iPhone X";FX90176GVBSJ6DX94;;2025-09-15;1;279.00;279.00
NES_MSPI-Owned;Regular;661-10608;"Display, iPhone Xs";G9P11542D7RJC465K;;2025-09-15;1;256.25;256.25
NES_MSPI-Owned;Regular;661-11232;"Display, iPhone XR";C3F1403S4BUJLNMAU;;2025-09-15;1;199.00;199.00
NES_MSPI-Owned;Regular;661-22311;"Display, iPhone 13 mini";GVC137319B3Q2PHAR;;2025-09-15;1;229.00;229.00
NES_MSPI-Owned;Regular;661-11232;"Display, iPhone XR";F7C2126T5NYJH41A9;;2025-09-15;1;199.00;199.00
NES_MSPI-Owned;Regular;661-14096;"Display, iPhone 11 Pro";G9P2264AHFQJMPM6D;;2025-09-15;1;279.00;279.00
NES_MSPI-Owned;Regular;661-22311;"Display, iPhone 13 mini";GVC307612DFQ2PHA8;;2025-09-15;1;229.00;229.00
NES_MSPI-Owned;Regular;661-14098;"Display, iPhone 11";DKH3253K5DE04FPA7;;2025-09-15;1;199.00;199.00
NES_MSPI-Owned;Regular;661-14098;"Display, iPhone 11";F7C4176C014KV27AC;;2025-09-15;1;199.00;199.00
NES_MSPI-Owned;Regular;661-14098;"Display, iPhone 11";F7C4205C3XNKV27AQ;;2025-09-15;1;199.00;199.00
NES_MSPI-Owned;Regular;661-13569;"Battery, iPhone 11 Pro";F5D44661XBRLTDMBK;;2025-09-15;1;89.00;89.00
NES_MSPI-Owned;Regular;661-13569;"Battery, iPhone 11 Pro";F5D44662U1JLTDMBN;;2025-09-15;1;89.00;89.00
NES_MSPI-Owned;Regular;661-13569;"Battery, iPhone 11 Pro";F5D45120DMHLTDMB2;;2025-09-15;1;89.00;89.00
NES_MSPI-Owned;Regular;661-14099;"Display, iPhone 11 Pro Max";G9P2372CB4NJMPN5E;;2025-09-15;1;329.00;329.00
NES_MSPI-Owned;Regular;661-13624;"Battery, iPhone 11 Pro Max";F8Y5255C1KJMD2CBT;;2025-09-15;1;89.00;89.00
NES_MSPI-Owned;Regular;661-22374;"Battery, iPhone 13 mini";F8Y5266C1SE14LWC0;;2025-09-15;1;89.00;89.00
NES_MSPI-Owned;Regular;661-22294;"Battery, iPhone 13 Pro Max";;;2025-09-15;1;89.00;89.00
NES_MSPI-Owned;Regular;661-04479;"Battery Kit, iPhone SE";F5D14811TABGKK7AZ;;2025-09-15;1;43.75;43.75
NES_MSPI-Owned;Regular;661-04479;"Battery Kit, iPhone SE";F5D1477C5UPGKK7AM;;2025-09-15;1;43.75;43.75
POD_MSPI-Owned;Regular;661-21993;"Display, iPhone 13 Pro";G9P5265L2FFPQCKA2;;2025-09-17;1;279.00;279.00
CDO-MSPI-Owned;Regular;661-13574;"Battery, iPhone 11";F8Y5152C44ZM6YNDT;;2025-10-02;1;89.00;89.00
VER_MSPI-Owned;Regular;661-22293;"Camera, iPhone 13 Pro and 13 Pro Max";DN85076A4M4Q1NMDD;;2025-09-17;1;151.00;151.00
POD_MSPI-Owned;Regular;661-22309;"Display, iPhone 13 Pro Max";G9P5263ME8RPQCLAZ;;2025-09-17;1;329.00;329.00
POD_MSPI-Owned;Regular;661-13569;"Battery, iPhone 11 Pro";F5D51941NTALTDMBN;;2025-09-18;1;89.00;89.00
GL5_MSPI-Owned;Regular;661-22311;"Display, iPhone 13 mini";GVC32060FK0Q2PHAE;;2025-09-19;1;229.00;229.00
GL5_MSPI-Owned;Regular;661-21993;"Display, iPhone 13 Pro";G9P4077L7DWPQCKAN;;2025-09-19;1;279.00;279.00
GL5_MSPI-Owned;Regular;661-21996;"Battery, iPhone 13 Pro";F8Y5212CAAF13RHCN;;2025-10-21;1;46.00;46.00
GL5_MSPI-Owned;Regular;661-13569;"Battery, iPhone 11 Pro";F5D50320663LTDMBW;;2025-09-19;1;89.00;89.00
GL5_MSPI-Owned;Regular;661-13569;"Battery, iPhone 11 Pro";F5D503203S6LTDMB4;;2025-09-19;1;89.00;89.00
GL5_MSPI-Owned;Regular;661-13569;"Battery, iPhone 11 Pro";F5D45120TXELTDMBV;;2025-09-19;1;89.00;89.00
GL5_MSPI-Owned;Regular;661-13569;"Battery, iPhone 11 Pro";F5D51941YT1LTDMBM;;2025-09-19;1;89.00;89.00
MRK-MSPI-Owned;Regular;661-22294;"Battery, iPhone 13 Pro Max";;;2025-10-06;1;89.00;89.00
NPM-MSPI-Owned;Regular;661-13624;"Battery, iPhone 11 Pro Max";F8Y5295C0QXMD2CBN;;2025-09-20;1;89.00;89.00
GL5_MSPI-Owned;Regular;661-04479;"Battery Kit, iPhone SE";F5D21848XJNGKK6A5;;2025-09-21;1;43.75;43.75
GL5_MSPI-Owned;Regular;661-04479;"Battery Kit, iPhone SE";F5D22156UJ4GKK6AH;;2025-09-21;1;43.75;43.75
GL5_MSPI-Owned;Regular;923-06682;"Taptic Engine, iPhone 13 mini";GH91321213408098L;;2025-09-21;1;67.00;67.00
GL5_MSPI-Owned;Regular;923-06682;"Taptic Engine, iPhone 13 mini";GH913232JKC08098D;;2025-09-21;1;67.00;67.00
GL5_MSPI-Owned;Regular;923-06682;"Taptic Engine, iPhone 13 mini";GH913232J2M08098M;;2025-09-21;1;67.00;67.00
GL5_MSPI-Owned;Regular;923-06692;"Bottom Speaker, iPhone 13 mini";DTV131610D907YR4B;;2025-09-21;1;67.00;67.00
GL5_MSPI-Owned;Regular;923-06692;"Bottom Speaker, iPhone 13 mini";DTV1316142907YR46;;2025-09-21;1;67.00;67.00
GL5_MSPI-Owned;Regular;923-06692;"Bottom Speaker, iPhone 13 mini";DTV13161BEP07YR4H;;2025-09-21;1;67.00;67.00
GL5_MSPI-Owned;Regular;923-06235;"Bottom Speaker, iPhone 13";DTV13174D0B080360;;2025-09-21;1;67.00;67.00
GL5_MSPI-Owned;Regular;923-06235;"Bottom Speaker, iPhone 13";DTV13173DYX08036P;;2025-09-21;1;67.00;67.00
GL5_MSPI-Owned;Regular;923-06235;"Bottom Speaker, iPhone 13";DTV13173DYL080360;;2025-09-21;1;67.00;67.00
GL5_MSPI-Owned;Regular;661-21992;"Camera, iPhone 13 and 13 mini";GCF1357K1P1Q59TBM;;2025-09-21;1;169.00;169.00
GL5_MSPI-Owned;Regular;661-21992;"Camera, iPhone 13 and 13 mini";GCF1346C2YFQ59TB4;;2025-09-21;1;169.00;169.00
GL5_MSPI-Owned;Regular;661-21992;"Camera, iPhone 13 and 13 mini";GCF13511QB4Q59TBP;;2025-09-21;1;169.00;169.00
GL5_MSPI-Owned;Regular;923-06237;"Taptic Engine, iPhone 13";GH912953KAV033C8Q;;2025-09-21;1;67.00;67.00
GL5_MSPI-Owned;Regular;923-06237;"Taptic Engine, iPhone 13";GH912953KEZ033C88;;2025-09-21;1;67.00;67.00
GL5_MSPI-Owned;Regular;923-06237;"Taptic Engine, iPhone 13";GH912953BGH033C8S;;2025-09-21;1;67.00;67.00
GL5_MSPI-Owned;Regular;661-22373;"Watch Magnetic Charging Cable, USB-C, Plastic, 1m";;;2025-09-22;1;27.00;27.00
VER_MSPI-Owned;Regular;661-22374;"Battery, iPhone 13 mini";F8Y5306C4H914LWCC;;2025-09-22;1;89.00;89.00
NPM-MSPI-Owned;Regular;661-18503;"Display, iPhone 12";G9N4292CB75LQHKA9;;2025-09-23;1;279.00;279.00
POD_MSPI-Owned;Regular;661-22309;"Display, iPhone 13 Pro Max";G9P5263MF9RPQCLAV;;2025-09-26;1;329.00;329.00
ILO-MSPI-Owned;Regular;661-18466;"Display, iPhone 12 Pro Max";G9Q3512A885MRY1A6;;2025-09-26;1;329.00;329.00
ILO-MSPI-Owned;Regular;661-18503;"Display, iPhone 12";GVH2472M1G8LQHMAH;;2025-09-26;1;279.00;279.00
ILO-MSPI-Owned;Regular;661-18504;"Display, iPhone 12 Pro";G9P2256BDH2LQHKAW;;2025-09-26;1;279.00;279.00
ILO-MSPI-Owned;Regular;661-22311;"Display, iPhone 13 mini";G9Q4484A9AGPRRDA0;;2025-09-26;1;229.00;229.00
NPM-MSPI-Owned;Regular;661-13624;"Battery, iPhone 11 Pro Max";F8Y5316C4AZMD2CBC;;2025-09-27;1;89.00;89.00
NPM-MSPI-Owned;Regular;661-13624;"Battery, iPhone 11 Pro Max";F8Y5295C0GVMD2CBE;;2025-09-27;1;89.00;89.00
GL5_MSPI-Owned;Regular;661-22293;"Camera, iPhone 13 Pro and 13 Pro Max";DN82271AXRGQ1NMAH;;2025-09-27;1;199.00;199.00
GL5_MSPI-Owned;Regular;661-22293;"Camera, iPhone 13 Pro and 13 Pro Max";DN83241B3DGQ1NMAG;;2025-09-27;1;199.00;199.00
GL5_MSPI-Owned;Regular;661-22293;"Camera, iPhone 13 Pro and 13 Pro Max";DN82173AR6QQ1NMDU;;2025-09-27;1;199.00;199.00
GL5_MSPI-Owned;Regular;923-06258;"Taptic Engine, iPhone 13 Pro";GH713425CMX07428C;;2025-09-27;1;67.00;67.00
GL5_MSPI-Owned;Regular;923-06258;"Taptic Engine, iPhone 13 Pro";GH71342577107428M;;2025-09-27;1;67.00;67.00
GL5_MSPI-Owned;Regular;923-06258;"Taptic Engine, iPhone 13 Pro";GH713423BTN07428A;;2025-09-27;1;67.00;67.00
GL5_MSPI-Owned;Regular;923-06648;"Bottom Speaker, iPhone 13 Pro Max";CTH1361149R080T30;;2025-09-27;1;67.00;67.00
GL5_MSPI-Owned;Regular;923-06648;"Bottom Speaker, iPhone 13 Pro Max";CTH13611MEA080T3H;;2025-09-27;1;67.00;67.00
GL5_MSPI-Owned;Regular;923-06648;"Bottom Speaker, iPhone 13 Pro Max";CTH13611GVR080T3W;;2025-09-27;1;67.00;67.00
GL5_MSPI-Owned;Regular;923-06643;"Taptic Engine, iPhone 13 Pro Max";GH713247G73074783;;2025-09-27;1;67.00;67.00
GL5_MSPI-Owned;Regular;923-06643;"Taptic Engine, iPhone 13 Pro Max";GH71324740X074788;;2025-09-27;1;67.00;67.00
GL5_MSPI-Owned;Regular;923-06643;"Taptic Engine, iPhone 13 Pro Max";GH7132441PJ07478Y;;2025-09-27;1;67.00;67.00
GL5_MSPI-Owned;Regular;923-06256;"Bottom Speaker, iPhone 13 Pro";CTH1355DAXY080D5U;;2025-09-27;1;67.00;67.00
GL5_MSPI-Owned;Regular;923-06256;"Bottom Speaker, iPhone 13 Pro";CTH1355DAHJ080D5G;;2025-09-27;1;67.00;67.00
GL5_MSPI-Owned;Regular;923-06256;"Bottom Speaker, iPhone 13 Pro";CTH1355DG6L080D57;;2025-09-27;1;67.00;67.00
NPM-MSPI-Owned;Regular;661-13624;"Battery, iPhone 11 Pro Max";F8Y5295C0RAMD2CB6;;2025-09-27;1;89.00;89.00
SMS_MSPI-Owned;Regular;661-11037;"Display, iPhone Xs Max";G9P1196D2QCJ4F84P;;2025-09-29;1;329.00;329.00
SMS_MSPI-Owned;Regular;661-11037;"Display, iPhone Xs Max";G9P1187D0B7J4F843;;2025-09-29;1;329.00;329.00
SMS_MSPI-Owned;Regular;661-11037;"Display, iPhone Xs Max";G9N0083Z86MJ4F84D;;2025-09-29;1;329.00;329.00
SMS_MSPI-Owned;Regular;661-14098;"Display, iPhone 11";DKH3383F1D904FPAJ;;2025-09-29;1;199.00;199.00
SMS_MSPI-Owned;Regular;661-14098;"Display, iPhone 11";F7C4203C4RUKV27A3;;2025-09-29;1;199.00;199.00
SMS_MSPI-Owned;Regular;661-14098;"Display, iPhone 11";F7C4175D08LKV27A7;;2025-09-29;1;199.00;199.00
SMS_MSPI-Owned;Regular;661-14098;"Display, iPhone 11";F7C4126C54QKV27AT;;2025-09-29;1;199.00;199.00
SMS_MSPI-Owned;Regular;661-14098;"Display, iPhone 11";F7C4173C0A3KV27AP;;2025-09-29;1;199.00;199.00
SMS_MSPI-Owned;Regular;661-14098;"Display, iPhone 11";F7C4043K0BSKV27AL;;2025-09-29;1;199.00;199.00
SMS_MSPI-Owned;Regular;661-14098;"Display, iPhone 11";F7C3466K1E2KV27AQ;;2025-09-29;1;199.00;199.00
SMS_MSPI-Owned;Regular;661-14098;"Display, iPhone 11";F7C3467C2USKV27AB;;2025-09-29;1;199.00;199.00
SMS_MSPI-Owned;Regular;661-14098;"Display, iPhone 11";DKH5141G0B604FPA1;;2025-09-29;1;199.00;199.00
POD_MSPI-Owned;Regular;661-22294;"Battery, iPhone 13 Pro Max";F8Y5274CA2X13XCB0;;2025-09-30;1;89.00;89.00
ILO-MSPI-Owned;Regular;661-14096;"Display, iPhone 11 Pro";G9P1187ACBDJMPM62;;2025-10-01;1;279.00;279.00
ILO-MSPI-Owned;Regular;661-14096;"Display, iPhone 11 Pro";G9P1193A7LXJMPM6X;;2025-10-01;1;279.00;279.00
ILO-MSPI-Owned;Regular;661-14096;"Display, iPhone 11 Pro";G9P9323KFH3JMPM5X;;2025-10-01;1;279.00;279.00
ILO-MSPI-Owned;Regular;661-14098;"Display, iPhone 11";F7C4082C0QZKV27AJ;;2025-10-01;1;199.00;199.00
ILO-MSPI-Owned;Regular;661-14098;"Display, iPhone 11";DKH3087F0HZ04FPAG;;2025-10-01;1;199.00;199.00
ILO-MSPI-Owned;Regular;661-14098;"Display, iPhone 11";DKH3383F29D04FPAR;;2025-10-01;1;199.00;199.00
ILO-MSPI-Owned;Regular;661-14099;"Display, iPhone 11 Pro Max";G9P1381C3DTJMPN5R;;2025-10-01;1;329.00;329.00
ILO-MSPI-Owned;Regular;661-14099;"Display, iPhone 11 Pro Max";G9N0127S771JMPN57;;2025-10-01;1;329.00;329.00
ILO-MSPI-Owned;Regular;661-17940;"Display, iPhone 12 mini";G9N0403F5A0LQHJA5;;2025-10-01;1;229.00;229.00
ILO-MSPI-Owned;Regular;661-09032;"SVC,DISPLAY,GRAY,IPHONE 8 PLUS";C3F0137M86WHLK8A2;;2025-10-01;1;169.00;169.00
ILO-MSPI-Owned;Regular;661-09033;"Display, Silver, iPhone 8 Plus";FVQ9237G1ZUHLK2A3;;2025-10-01;1;169.00;169.00
ILO-MSPI-Owned;Regular;661-09034;"Display, Gold, iPhone 8 Plus";FVQ9242D4ZJHLK2AM;;2025-10-01;1;169.00;169.00
ILO-MSPI-Owned;Regular;661-13114;"Display, iPhone X";FXV00966N30J6DX9Y;;2025-10-01;1;279.00;279.00
ILO-MSPI-Owned;Regular;661-13114;"Display, iPhone X";FXV013577ECJ6DX9H;;2025-10-01;1;279.00;279.00
ILO-MSPI-Owned;Regular;661-13114;"Display, iPhone X";FXV948664K8J6DX90;;2025-10-01;1;279.00;279.00
ILO-MSPI-Owned;Regular;661-13114;"Display, iPhone X";FXV949563RQJ6DX9Z;;2025-10-01;1;279.00;279.00
ILO-MSPI-Owned;Regular;661-13114;"Display, iPhone X";FXV01178S08J6DX9B;;2025-10-01;1;279.00;279.00
ILO-MSPI-Owned;Regular;661-11232;"Display, iPhone XR";F7C1267T77BJH41AU;;2025-10-01;1;199.00;199.00
ILO-MSPI-Owned;Regular;661-11232;"Display, iPhone XR";F7C1484T6ZCJH41AD;;2025-10-01;1;199.00;199.00
ILO-MSPI-Owned;Regular;661-11232;"Display, iPhone XR";C3F1404S3BRJLNMAX;;2025-10-01;1;199.00;199.00
ILO-MSPI-Owned;Regular;661-11232;"Display, iPhone XR";C3F2024G81UJLNMAA;;2025-10-01;1;199.00;199.00
ILO-MSPI-Owned;Regular;661-11037;"Display, iPhone Xs Max";G9P1184DPFXJ4F84F;;2025-10-01;1;329.00;329.00
ILO-MSPI-Owned;Regular;661-11037;"Display, iPhone Xs Max";G9P1204D9H0J4F849;;2025-10-01;1;329.00;329.00
ILO-MSPI-Owned;Regular;661-10608;"Display, iPhone Xs";G9P9311Y258JC467E;;2025-10-01;1;279.00;279.00
ILO-MSPI-Owned;Regular;661-10608;"Display, iPhone Xs";G9P11542H8EJC465P;;2025-10-01;1;279.00;279.00
ILO-MSPI-Owned;Regular;661-10608;"Display, iPhone Xs";G9P11552D4CJC4656;;2025-10-01;1;279.00;279.00
ILO-MSPI-Owned;Regular;661-08933;"Display, Space Gray, iPhone 8";DKH9533556YHNK0AD;;2025-10-01;1;149.00;149.00
ILO-MSPI-Owned;Regular;661-08934;"Display, Silver, iPhone 8";DKH9182165SHNJYAU;;2025-10-01;1;149.00;149.00
ILO-MSPI-Owned;Regular;661-09081;"Display, Gold, iPhone 8";DKH9283E2SDHNJYA9;;2025-10-01;1;149.00;149.00
ILO-MSPI-Owned;Regular;661-10102;"SVC,DISPLAY,IPHONE 8, RED";C3F8294D5LYHNJTAV;;2025-10-01;1;149.00;149.00
ILO-MSPI-Owned;Regular;661-10103;"SVC,DISPLAY,IPHONE 8 PLUS, RED";C118495Q09GHLK3AN;;2025-10-01;1;169.00;169.00
ILO-MSPI-Owned;Regular;661-08917;"Battery, iPhone 8 Plus";F5D2144953THY5GBR;;2025-10-01;1;69.00;69.00
ILO-MSPI-Owned;Regular;661-08935;"Battery, iPhone 8";F5D22146B7NHXY8BR;;2025-10-01;1;69.00;69.00
ILO-MSPI-Owned;Regular;661-13569;"Battery, iPhone 11 Pro";F5D43752D75LTDMBX;;2025-10-01;1;89.00;89.00
ILO-MSPI-Owned;Regular;661-13569;"Battery, iPhone 11 Pro";F5D22443SY8LTDMAR;;2025-10-01;1;89.00;89.00
ILO-MSPI-Owned;Regular;661-13569;"Battery, iPhone 11 Pro";F5D3496202VLTDMAZ;;2025-10-01;1;89.00;89.00
ILO-MSPI-Owned;Regular;661-13569;"Battery, iPhone 11 Pro";F5D34961EGSLTDMAH;;2025-10-01;1;89.00;89.00
ILO-MSPI-Owned;Regular;661-13624;"Battery, iPhone 11 Pro Max";F8Y339200A9MD2CAX;;2025-10-01;1;89.00;89.00
ILO-MSPI-Owned;Regular;661-13624;"Battery, iPhone 11 Pro Max";F8Y244307D1MD2CA5;;2025-10-01;1;89.00;89.00
ILO-MSPI-Owned;Regular;661-13624;"Battery, iPhone 11 Pro Max";F8Y4326000LMD2CBT;;2025-10-01;1;89.00;89.00
ILO-MSPI-Owned;Regular;661-22294;"Battery, iPhone 13 Pro Max";;;2025-10-01;1;89.00;89.00
ILO-MSPI-Owned;Regular;661-04579;"Battery, iPhone 6";FG9124601GMFW5WFA;;2025-10-01;1;69.00;69.00
ILO-MSPI-Owned;Regular;661-04579;"Battery, iPhone 6";FG9905400QSFW5WEW;;2025-10-01;1;69.00;69.00
ILO-MSPI-Owned;Regular;661-04580;"Battery, iPhone 6 Plus";F8Y904401ALFTHLDT;;2025-10-01;1;61.61;61.61
ILO-MSPI-Owned;Regular;661-04580;"Battery, iPhone 6 Plus";F8Y90420D82FTHLD7;;2025-10-01;1;61.61;61.61
ILO-MSPI-Owned;Regular;661-04581;"Battery Kit, iPhone 6s";F5D05256ST6G5NYB0;;2025-10-01;1;61.61;61.61
ILO-MSPI-Owned;Regular;661-04581;"Battery Kit, iPhone 6s";F5D1326922HG5NYC6;;2025-10-01;1;61.61;61.61
ILO-MSPI-Owned;Regular;661-04581;"Battery Kit, iPhone 6s";F5D052573YNG5NYBP;;2025-10-01;1;61.61;61.61
ILO-MSPI-Owned;Regular;661-04582;"Battery Kit, iPhone 6s Plus";F5D95049J7MG8H5BV;;2025-10-01;1;69.00;69.00
ILO-MSPI-Owned;Regular;661-04582;"Battery Kit, iPhone 6s Plus";F5D95171G20G8H5BH;;2025-10-01;1;69.00;69.00
ILO-MSPI-Owned;Regular;661-04582;"Battery Kit, iPhone 6s Plus";F5D95046G3KG8H5BL;;2025-10-01;1;69.00;69.00
ILO-MSPI-Owned;Regular;661-05421;"BATTERY IPHONE 7";F5D10426U2XH885B8;;2025-10-01;1;69.00;69.00
ILO-MSPI-Owned;Regular;661-05421;"BATTERY IPHONE 7";F5D13950G7CH885BM;;2025-10-01;1;69.00;69.00
ILO-MSPI-Owned;Regular;661-05421;"BATTERY IPHONE 7";F5D3023BCPSH885BJ;;2025-10-01;1;69.00;69.00
ILO-MSPI-Owned;Regular;661-05755;"Battery, iPhone 7 Plus";F8Y228702GXH86CBT;;2025-10-01;1;69.00;69.00
ILO-MSPI-Owned;Regular;661-05755;"Battery, iPhone 7 Plus";F8Y3174C2JSH86CBU;;2025-10-01;1;69.00;69.00
ILO-MSPI-Owned;Regular;661-05755;"Battery, iPhone 7 Plus";F8Y349700GFH86CB3;;2025-10-01;1;69.00;69.00
CDO-MSPI-Owned;Regular;661-22374;"Battery, iPhone 13 mini";F8Y13211EFF14LW7T;;2025-11-19;1;67.50;67.50
CDO-MSPI-Owned;Regular;661-32232;"Rear Camera, iPhone 13/mini, MICN";GCF41657PD5Q59TAN;;2025-10-02;1;169.00;169.00
CDO-MSPI-Owned;Regular;923-06256;"Bottom Speaker, iPhone 13 Pro";CTH1363B0TR080D5U;;2025-10-02;1;67.00;67.00
CDO-MSPI-Owned;Regular;923-06692;"Bottom Speaker, iPhone 13 mini";DTV13161CAX07YR4L;;2025-10-02;1;67.00;67.00
CDO-MSPI-Owned;Regular;923-06648;"Bottom Speaker, iPhone 13 Pro Max";CTH138122J7080T3J;;2025-10-02;1;67.00;67.00
CDO-MSPI-Owned;Regular;923-06643;"Taptic Engine, iPhone 13 Pro Max";GH7132441NQ07478V;;2025-10-02;1;67.00;67.00
CDO-MSPI-Owned;Regular;923-06235;"Bottom Speaker, iPhone 13";DTV1317305L08036S;;2025-10-02;1;67.00;67.00
CDO-MSPI-Owned;Regular;661-22293;"Camera, iPhone 13 Pro and 13 Pro Max";DN82256AHYBQ1NMAG;;2025-10-02;1;199.00;199.00
CDO-MSPI-Owned;Regular;923-06258;"Taptic Engine, iPhone 13 Pro";GH713423P6S07428P;;2025-10-02;1;67.00;67.00
CDO-MSPI-Owned;Regular;923-06237;"Taptic Engine, iPhone 13";FTN12644H6303398Y;;2025-10-02;1;67.00;67.00
CDO-MSPI-Owned;Regular;923-06682;"Taptic Engine, iPhone 13 mini";GH9131624BU080981;;2025-10-02;1;67.00;67.00
CDO-MSPI-Owned;Regular;661-22294;"Battery, iPhone 13 Pro Max";;;2025-10-02;1;89.00;89.00
CDO-MSPI-Owned;Regular;661-18466;"Display, iPhone 12 Pro Max";G9Q3375AJHVMRY1AU;;2025-10-02;1;329.00;329.00
CDO-MSPI-Owned;Regular;661-18504;"Display, iPhone 12 Pro";G9N2162CKBBLQHKAZ;;2025-10-02;1;279.00;279.00
CDO-MSPI-Owned;Regular;661-18503;"Display, iPhone 12";GVH2461DZJXLQHMAJ;;2025-10-02;1;279.00;279.00
CDO-MSPI-Owned;Regular;661-17940;"Display, iPhone 12 mini";G9Q0437EPCPLQHJAE;;2025-10-02;1;229.00;229.00
CDO-MSPI-Owned;Regular;661-14099;"Display, iPhone 11 Pro Max";G9P1364CGMPJMPN5V;;2025-10-02;1;329.00;329.00
CDO-MSPI-Owned;Regular;661-14099;"Display, iPhone 11 Pro Max";G9P0466CFAWJMPN5N;;2025-10-02;1;329.00;329.00
CDO-MSPI-Owned;Regular;661-14096;"Display, iPhone 11 Pro";G9P1176A6PGJMPM67;;2025-10-02;1;279.00;279.00
CDO-MSPI-Owned;Regular;661-14096;"Display, iPhone 11 Pro";G9P1192A6EAJMPM64;;2025-10-02;1;279.00;279.00
CDO-MSPI-Owned;Regular;661-14096;"Display, iPhone 11 Pro";G9P0077NAP1JMPM6K;;2025-10-02;1;279.00;279.00
CDO-MSPI-Owned;Regular;661-14098;"Display, iPhone 11";F7C2534CA95KV27AT;;2025-10-02;1;199.00;199.00
CDO-MSPI-Owned;Regular;661-14098;"Display, iPhone 11";F7C3375K1TZKV27AM;;2025-10-02;1;199.00;199.00
CDO-MSPI-Owned;Regular;661-14098;"Display, iPhone 11";F7C3333K03CKV27AT;;2025-10-02;1;199.00;199.00
CDO-MSPI-Owned;Regular;661-14098;"Display, iPhone 11";DKH3314F1A504FPAH;;2025-10-02;1;199.00;199.00
CDO-MSPI-Owned;Regular;661-11232;"Display, iPhone XR";F7C2123T060JH41AV;;2025-10-02;1;199.00;199.00
CDO-MSPI-Owned;Regular;661-11232;"Display, iPhone XR";F7C1267TBJEJH41AN;;2025-10-02;1;199.00;199.00
CDO-MSPI-Owned;Regular;661-11232;"Display, iPhone XR";F7C1271T003JH41AZ;;2025-10-02;1;199.00;199.00
CDO-MSPI-Owned;Regular;661-11232;"Display, iPhone XR";F7C1267SBN9JH41AJ;;2025-10-02;1;199.00;199.00
CDO-MSPI-Owned;Regular;661-11037;"Display, iPhone Xs Max";G9P1131DNDHJ4F84L;;2025-10-02;1;329.00;329.00
CDO-MSPI-Owned;Regular;661-11037;"Display, iPhone Xs Max";G9P1185DJCLJ4F845;;2025-10-02;1;329.00;329.00
CDO-MSPI-Owned;Regular;661-10608;"Display, iPhone Xs";G9P11512NRSJC465S;;2025-10-02;1;279.00;279.00
CDO-MSPI-Owned;Regular;661-10608;"Display, iPhone Xs";G9P0197ZGMBJC465K;;2025-10-02;1;279.00;279.00
CDO-MSPI-Owned;Regular;661-10608;"Display, iPhone Xs";G9P11452HLEJC465P;;2025-10-02;1;279.00;279.00
CDO-MSPI-Owned;Regular;661-13114;"Display, iPhone X";FXV01138JR9J6DX9F;;2025-10-02;1;279.00;279.00
CDO-MSPI-Owned;Regular;661-13114;"Display, iPhone X";FXR04525N17J6DX9G;;2025-10-02;1;279.00;279.00
CDO-MSPI-Owned;Regular;661-13114;"Display, iPhone X";FXR0453268AJ6DX9G;;2025-10-02;1;279.00;279.00
CDO-MSPI-Owned;Regular;661-13114;"Display, iPhone X";FXV01827B0NJ6DX9Z;;2025-10-02;1;279.00;279.00
CDO-MSPI-Owned;Regular;661-13114;"Display, iPhone X";FXV01178SR1J6DX9B;;2025-10-02;1;279.00;279.00
CDO-MSPI-Owned;Regular;661-07300;"Rose Gold, Display, iPhone 7 Plus, DH";C3F1095M3LYH1FMAX;;2025-10-02;1;169.00;169.00
CDO-MSPI-Owned;Regular;661-07297;"Black/Jet Black, Display, iPhone 7 Plus, DH";C3F0467M25KH1FQAR;;2025-10-02;1;169.00;169.00
CDO-MSPI-Owned;Regular;661-17939;"Battery, iPhone 12 mini";F8Y0421CP7L02JN7R;;2025-10-02;1;89.00;89.00
CDO-MSPI-Owned;Regular;661-17920;"Battery, iPhone 12 and 12 Pro";F8Y03766CTKQ6882T;;2025-10-02;1;89.00;89.00
CDO-MSPI-Owned;Regular;661-18428;"Battery, iPhone 12 Pro Max";F8Y135605E9Q4C2A8;;2025-10-02;1;89.00;89.00
CDO-MSPI-Owned;Regular;661-13624;"Battery, iPhone 11 Pro Max";F8Y125304HYMD2CA1;;2025-10-02;1;89.00;89.00
CDO-MSPI-Owned;Regular;661-13624;"Battery, iPhone 11 Pro Max";F8Y125300GHMD2CAP;;2025-10-02;1;89.00;89.00
CDO-MSPI-Owned;Regular;661-13624;"Battery, iPhone 11 Pro Max";F8Y12530520MD2CA9;;2025-10-02;1;89.00;89.00
CDO-MSPI-Owned;Regular;661-13624;"Battery, iPhone 11 Pro Max";F8Y9335ECXEMD2C7H;;2025-10-02;1;89.00;89.00
CDO-MSPI-Owned;Regular;661-13569;"Battery, iPhone 11 Pro";F5D24776NW0LTDMAL;;2025-10-02;1;89.00;89.00
CDO-MSPI-Owned;Regular;661-13569;"Battery, iPhone 11 Pro";F5D24954GEQLTDMAJ;;2025-10-02;1;89.00;89.00
CDO-MSPI-Owned;Regular;661-13569;"Battery, iPhone 11 Pro";F5D248132RELTDMAK;;2025-10-02;1;89.00;89.00
CDO-MSPI-Owned;Regular;661-13569;"Battery, iPhone 11 Pro";F5D116537ZVLTDMAH;;2025-10-02;1;89.00;89.00
CDO-MSPI-Owned;Regular;661-13574;"Battery, iPhone 11";F8Y21931Q7FM6YNBH;;2025-10-02;1;89.00;89.00
CDO-MSPI-Owned;Regular;661-13574;"Battery, iPhone 11";F8Y111722PKM6YNB7;;2025-10-02;1;89.00;89.00
CDO-MSPI-Owned;Regular;661-13574;"Battery, iPhone 11";F8Y427401N8M6YNDX;;2025-10-02;1;89.00;89.00
CDO-MSPI-Owned;Regular;923-05104;"Speaker, iPhone 12 Pro Max";DTV03862ME5NR6N5Y;;2025-10-02;1;67.00;67.00
CDO-MSPI-Owned;Regular;923-05011;"Speaker, iPhone 12 mini";DTV04113CQGNR5Q5P;;2025-10-02;1;67.00;67.00
CDO-MSPI-Owned;Regular;923-04915;"Speaker, iPhone 12 and 12 Pro";DTV037724K1NR6D5F;;2025-10-02;1;67.00;67.00
CDO-MSPI-Owned;Regular;661-17922;"Camera, iPhone 12 Pro";GCF12121RS6MFGVCU;;2025-10-02;1;199.00;199.00
CDO-MSPI-Owned;Regular;661-17921;"Camera, iPhone 12";F6D23161PAJMFGR52;;2025-10-02;1;169.00;169.00
CDO-MSPI-Owned;Regular;661-08935;"Battery, iPhone 8";F5D14341QABHXY8BQ;;2025-10-02;1;69.00;69.00
CDO-MSPI-Owned;Regular;661-04581;"Battery Kit, iPhone 6s";F5D20664PBUG5NYCJ;;2025-10-02;1;61.61;61.61
CDO-MSPI-Owned;Regular;661-04582;"Battery Kit, iPhone 6s Plus";F5D9503581NG8H5B1;;2025-10-02;1;69.00;69.00
CDO-MSPI-Owned;Regular;661-04580;"Battery, iPhone 6 Plus";F8Y90420B1VFTHLD3;;2025-10-02;1;61.61;61.61
CDO-MSPI-Owned;Regular;661-05421;"BATTERY IPHONE 7";F5D21634Z4ZH885BQ;;2025-10-02;1;69.00;69.00
CDO-MSPI-Owned;Regular;661-04582;"Battery Kit, iPhone 6s Plus";F8Y901307C1G8H8C7;;2025-10-02;1;69.00;69.00
CDO-MSPI-Owned;Regular;661-05421;"BATTERY IPHONE 7";F5D2163062VH885B5;;2025-10-02;1;69.00;69.00
CDO-MSPI-Owned;Regular;661-05421;"BATTERY IPHONE 7";F5D21625UALH885BN;;2025-10-02;1;69.00;69.00
CDO-MSPI-Owned;Regular;661-05755;"Battery, iPhone 7 Plus";F8Y2477B4RWH86CB1;;2025-10-02;1;69.00;69.00
CDO-MSPI-Owned;Regular;661-05755;"Battery, iPhone 7 Plus";F8Y3097B4J9H86CB4;;2025-10-02;1;69.00;69.00
CDO-MSPI-Owned;Regular;661-05755;"Battery, iPhone 7 Plus";F8Y3097B43RH86CBZ;;2025-10-02;1;69.00;69.00
CDO-MSPI-Owned;Regular;661-04581;"Battery Kit, iPhone 6s";F5D1445GCFLG5NYCV;;2025-10-02;1;61.61;61.61
CDO-MSPI-Owned;Regular;661-04579;"Battery, iPhone 6";FG9851703QAFW5WEG;;2025-10-02;1;69.00;69.00
CDO-MSPI-Owned;Regular;661-04582;"Battery Kit, iPhone 6s Plus";F8Y850709JLG8H8CZ;;2025-10-02;1;69.00;69.00
CDO-MSPI-Owned;Regular;661-04579;"Battery, iPhone 6";FG9141201EQFW5WFQ;;2025-10-02;1;69.00;69.00
CDO-MSPI-Owned;Regular;661-04581;"Battery Kit, iPhone 6s";F5D1473P34YG5NYCX;;2025-10-02;1;61.61;61.61
CDO-MSPI-Owned;Regular;661-04580;"Battery, iPhone 6 Plus";F8Y904400GKFTHLDB;;2025-10-02;1;61.61;61.61
CEB-MSPI-Owned;Regular;661-13569;"Battery, iPhone 11 Pro";F5D51950GHPLTDMBD;;2025-10-02;1;89.00;89.00
CEB-MSPI-Owned;Regular;661-13569;"Battery, iPhone 11 Pro";F5D50321CL6LTDMBA;;2025-10-02;1;89.00;89.00
CEB-MSPI-Owned;Regular;661-13569;"Battery, iPhone 11 Pro";F5D51950HG2LTDMB2;;2025-10-02;1;89.00;89.00
CEB-MSPI-Owned;Regular;661-13624;"Battery, iPhone 11 Pro Max";F8Y4405C0AXMD2CBQ;;2025-10-02;1;89.00;89.00
CEB-MSPI-Owned;Regular;661-13624;"Battery, iPhone 11 Pro Max";F8Y4445C3DKMD2CBC;;2025-10-02;1;89.00;89.00
CEB-MSPI-Owned;Regular;661-13624;"Battery, iPhone 11 Pro Max";F8Y4475C00FMD2CBF;;2025-10-02;1;89.00;89.00
CEB-MSPI-Owned;Regular;661-13624;"Battery, iPhone 11 Pro Max";F8Y5135C21NMD2CBF;;2025-10-02;1;89.00;89.00
CEB-MSPI-Owned;Regular;661-04580;"Battery, iPhone 6 Plus";F8Y904603J7FTHLDC;;2025-10-02;1;61.61;61.61
CEB-MSPI-Owned;Regular;661-04580;"Battery, iPhone 6 Plus";F8Y8512017YFTHLDZ;;2025-10-02;1;61.61;61.61
CEB-MSPI-Owned;Regular;661-04580;"Battery, iPhone 6 Plus";F8Y82210B61FTHLDQ;;2025-10-02;1;61.61;61.61
CEB-MSPI-Owned;Regular;661-04580;"Battery, iPhone 6 Plus";F8Y851202ZEFTHLD6;;2025-10-02;1;61.61;61.61
CEB-MSPI-Owned;Regular;661-05755;"Battery, iPhone 7 Plus";F8Y4425C0DMH86CCM;;2025-10-02;1;69.00;69.00
CEB-MSPI-Owned;Regular;661-05755;"Battery, iPhone 7 Plus";F8Y423400PFH86CCZ;;2025-10-02;1;69.00;69.00
CEB-MSPI-Owned;Regular;661-05755;"Battery, iPhone 7 Plus";F8Y3174C57SH86CBQ;;2025-10-02;1;69.00;69.00
CEB-MSPI-Owned;Regular;661-05755;"Battery, iPhone 7 Plus";F8Y3174C6TWH86CBT;;2025-10-02;1;69.00;69.00
CEB-MSPI-Owned;Regular;661-05755;"Battery, iPhone 7 Plus";F8Y34970206H86CBQ;;2025-10-02;1;69.00;69.00
CEB-MSPI-Owned;Regular;661-05421;"BATTERY IPHONE 7";F5D30550V4UH885BA;;2025-10-02;1;69.00;69.00
CEB-MSPI-Owned;Regular;661-05421;"BATTERY IPHONE 7";F5D30831D46H885B4;;2025-10-02;1;69.00;69.00
CEB-MSPI-Owned;Regular;661-05421;"BATTERY IPHONE 7";F5D219763VZH885BU;;2025-10-02;1;69.00;69.00
CEB-MSPI-Owned;Regular;661-05421;"BATTERY IPHONE 7";F5D42120D7BH885BA;;2025-10-02;1;69.00;69.00
CEB-MSPI-Owned;Regular;661-05421;"BATTERY IPHONE 7";F5D41960PHJH885B4;;2025-10-02;1;69.00;69.00
CEB-MSPI-Owned;Regular;661-05421;"BATTERY IPHONE 7";F5D30830EC7H885BF;;2025-10-02;1;69.00;69.00
CEB-MSPI-Owned;Regular;661-04579;"Battery, iPhone 6";FG98525X0C0FW5WE5;;2025-10-02;1;69.00;69.00
CEB-MSPI-Owned;Regular;661-04579;"Battery, iPhone 6";FG9901602ZSFW5WEB;;2025-10-02;1;69.00;69.00
CEB-MSPI-Owned;Regular;661-04579;"Battery, iPhone 6";FG99023021HFW5WEE;;2025-10-02;1;69.00;69.00
CEB-MSPI-Owned;Regular;661-04579;"Battery, iPhone 6";FG990230346FW5WEF;;2025-10-02;1;69.00;69.00
CEB-MSPI-Owned;Regular;661-04579;"Battery, iPhone 6";FG98502X0ZVFW5WEQ;;2025-10-02;1;69.00;69.00
CEB-MSPI-Owned;Regular;661-04579;"Battery, iPhone 6";FG984750CJVFW5WER;;2025-10-02;1;69.00;69.00
CEB-MSPI-Owned;Regular;661-04579;"Battery, iPhone 6";FG9852601KEFW5WET;;2025-10-02;1;69.00;69.00
CEB-MSPI-Owned;Regular;661-04579;"Battery, iPhone 6";FG985240481FW5WE4;;2025-10-02;1;69.00;69.00
CEB-MSPI-Owned;Regular;661-04579;"Battery, iPhone 6";FG98514059EFW5WEQ;;2025-10-02;1;69.00;69.00
CEB-MSPI-Owned;Regular;661-04579;"Battery, iPhone 6";FG9129604CWFW5WFV;;2025-10-02;1;69.00;69.00
CEB-MSPI-Owned;Regular;661-04579;"Battery, iPhone 6";FG9129701ADFW5WFL;;2025-10-02;1;69.00;69.00
CEB-MSPI-Owned;Regular;661-04579;"Battery, iPhone 6";FG914120031FW5WFD;;2025-10-02;1;69.00;69.00
CEB-MSPI-Owned;Regular;661-04579;"Battery, iPhone 6";FG9140503DKFW5WFW;;2025-10-02;1;69.00;69.00
CEB-MSPI-Owned;Regular;661-04579;"Battery, iPhone 6";FG9146501KUFW5WFM;;2025-10-02;1;69.00;69.00
CEB-MSPI-Owned;Regular;661-04579;"Battery, iPhone 6";FG91247024JFW5WFD;;2025-10-02;1;69.00;69.00
CEB-MSPI-Owned;Regular;661-04579;"Battery, iPhone 6";FG98503X040FW5WE3;;2025-10-02;1;69.00;69.00
CEB-MSPI-Owned;Regular;661-04579;"Battery, iPhone 6";FG9852304GNFW5WEU;;2025-10-02;1;69.00;69.00
CEB-MSPI-Owned;Regular;661-04582;"Battery Kit, iPhone 6s Plus";F8Y901306BCG8H8C0;;2025-10-02;1;69.00;69.00
CEB-MSPI-Owned;Regular;661-04582;"Battery Kit, iPhone 6s Plus";F8Y90151192G8H8CG;;2025-10-02;1;69.00;69.00
CEB-MSPI-Owned;Regular;661-04582;"Battery Kit, iPhone 6s Plus";F8Y901307BYG8H8CD;;2025-10-02;1;69.00;69.00
CEB-MSPI-Owned;Regular;661-04582;"Battery Kit, iPhone 6s Plus";F5D95141T27G8H5B2;;2025-10-02;1;69.00;69.00
CEB-MSPI-Owned;Regular;661-04582;"Battery Kit, iPhone 6s Plus";F5D9507A8M1G8H5BB;;2025-10-02;1;69.00;69.00
CEB-MSPI-Owned;Regular;661-04581;"Battery Kit, iPhone 6s";F5D1445613PG5NYC1;;2025-10-02;1;61.61;61.61
CEB-MSPI-Owned;Regular;661-04581;"Battery Kit, iPhone 6s";F5D20849811G5NYC3;;2025-10-02;1;61.61;61.61
CEB-MSPI-Owned;Regular;661-04581;"Battery Kit, iPhone 6s";F5D143720M0G5NYCJ;;2025-10-02;1;61.61;61.61
CEB-MSPI-Owned;Regular;661-04581;"Battery Kit, iPhone 6s";F5D20866YZCG5NYCF;;2025-10-02;1;61.61;61.61
CEB-MSPI-Owned;Regular;661-04581;"Battery Kit, iPhone 6s";F5D9343FUG1G5NYBE;;2025-10-02;1;61.61;61.61
CEB-MSPI-Owned;Regular;661-04581;"Battery Kit, iPhone 6s";F5D9343EY2NG5NYB0;;2025-10-02;1;61.61;61.61
CEB-MSPI-Owned;Regular;661-04581;"Battery Kit, iPhone 6s";F5D10935D0JG5NYCX;;2025-10-02;1;61.61;61.61
CEB-MSPI-Owned;Regular;661-04581;"Battery Kit, iPhone 6s";F5D2065137SG5NYCU;;2025-10-02;1;61.61;61.61
CEB-MSPI-Owned;Regular;661-04581;"Battery Kit, iPhone 6s";F5D20850JZBG5NYCF;;2025-10-02;1;61.61;61.61
CEB-MSPI-Owned;Regular;661-04581;"Battery Kit, iPhone 6s";F5D14719XSQG5NYCP;;2025-10-02;1;61.61;61.61
CEB-MSPI-Owned;Regular;661-04581;"Battery Kit, iPhone 6s";F5D1476BD9QG5NYCD;;2025-10-02;1;61.61;61.61
CEB-MSPI-Owned;Regular;661-04581;"Battery Kit, iPhone 6s";F5D1476G8BPG5NYCY;;2025-10-02;1;61.61;61.61
CEB-MSPI-Owned;Regular;661-04581;"Battery Kit, iPhone 6s";F5D1445FSRWG5NYCC;;2025-10-02;1;61.61;61.61
CEB-MSPI-Owned;Regular;661-18466;"Display, iPhone 12 Pro Max";G9Q5065BAHSMRY1A2;;2025-10-02;1;329.00;329.00
CEB-MSPI-Owned;Regular;661-17940;"Display, iPhone 12 mini";G9Q0525JGMJLQHJAR;;2025-10-02;1;229.00;229.00
CEB-MSPI-Owned;Regular;661-22311;"Display, iPhone 13 mini";GVC3437318BQ2PHAV;;2025-10-02;1;229.00;229.00
CEB-MSPI-Owned;Regular;661-18504;"Display, iPhone 12 Pro";GVH33510X44LQHMAT;;2025-10-02;1;279.00;279.00
CEB-MSPI-Owned;Regular;661-14096;"Display, iPhone 11 Pro";G9P0361V0QPJMPM6P;;2025-10-02;1;279.00;279.00
CEB-MSPI-Owned;Regular;661-14096;"Display, iPhone 11 Pro";G9P1192A2BMJMPM66;;2025-10-02;1;279.00;279.00
CEB-MSPI-Owned;Regular;661-14096;"Display, iPhone 11 Pro";G9P1375ALG6JMPM6P;;2025-10-02;1;279.00;279.00
CEB-MSPI-Owned;Regular;661-14099;"Display, iPhone 11 Pro Max";G9P1504C8HZJMPN5M;;2025-10-02;1;329.00;329.00
CEB-MSPI-Owned;Regular;661-14099;"Display, iPhone 11 Pro Max";G9P2257CFKEJMPN59;;2025-10-02;1;329.00;329.00
CEB-MSPI-Owned;Regular;661-13114;"Display, iPhone X";FXR8522S9P8J6DX9K;;2025-10-02;1;279.00;279.00
CEB-MSPI-Owned;Regular;661-13114;"Display, iPhone X";FXR045689K5J6DX9Y;;2025-10-02;1;279.00;279.00
CEB-MSPI-Owned;Regular;661-13114;"Display, iPhone X";FXR0454880BJ6DX9J;;2025-10-02;1;279.00;279.00
CEB-MSPI-Owned;Regular;661-13114;"Display, iPhone X";FXR04435PLVJ6DX96;;2025-10-02;1;279.00;279.00
CEB-MSPI-Owned;Regular;661-13114;"Display, iPhone X";FXC0256F385J6DX9X;;2025-10-02;1;279.00;279.00
CEB-MSPI-Owned;Regular;661-13114;"Display, iPhone X";FXR04665LADJ6DX9C;;2025-10-02;1;279.00;279.00
CEB-MSPI-Owned;Regular;661-13114;"Display, iPhone X";FX985044EL1J6DX9E;;2025-10-02;1;279.00;279.00
CEB-MSPI-Owned;Regular;661-13114;"Display, iPhone X";FXJ851215G7J6DX9U;;2025-10-02;1;279.00;279.00
CEB-MSPI-Owned;Regular;661-13114;"Display, iPhone X";FXN74636R6WJ6DX9J;;2025-10-02;1;279.00;279.00
CEB-MSPI-Owned;Regular;661-13114;"Display, iPhone X";FXC85076MVQJ6DX9D;;2025-10-02;1;279.00;279.00
CEB-MSPI-Owned;Regular;661-13114;"Display, iPhone X";FXV01062EEHJ6DX9U;;2025-10-02;1;279.00;279.00
CEB-MSPI-Owned;Regular;661-13114;"Display, iPhone X";FXV01132XN0J6DX94;;2025-10-02;1;279.00;279.00
CEB-MSPI-Owned;Regular;661-13114;"Display, iPhone X";FXV8512LD6UJ6DX9V;;2025-10-02;1;279.00;279.00
CEB-MSPI-Owned;Regular;661-13114;"Display, iPhone X";FXR04615TJLJ6DX9D;;2025-10-02;1;279.00;279.00
CEB-MSPI-Owned;Regular;661-09034;"Display, Gold, iPhone 8 Plus";C3F9463MBCJHLK7AT;;2025-10-02;1;169.00;169.00
CEB-MSPI-Owned;Regular;661-09034;"Display, Gold, iPhone 8 Plus";C3F9481MEHZHLK7AQ;;2025-10-02;1;169.00;169.00
CEB-MSPI-Owned;Regular;661-10608;"Display, iPhone Xs";G9Q9282J559JC466Z;;2025-10-02;1;279.00;279.00
CEB-MSPI-Owned;Regular;661-10608;"Display, iPhone Xs";G9P03342ACEJC465R;;2025-10-02;1;279.00;279.00
CEB-MSPI-Owned;Regular;661-10608;"Display, iPhone Xs";G9P1145289SJC465K;;2025-10-02;1;279.00;279.00
CEB-MSPI-Owned;Regular;661-10608;"Display, iPhone Xs";G9P12022JGDJC465F;;2025-10-02;1;279.00;279.00
CEB-MSPI-Owned;Regular;661-11232;"Display, iPhone XR";C3F5114G0NNJLNMAN;;2025-10-02;1;199.00;199.00
CEB-MSPI-Owned;Regular;661-11037;"Display, iPhone Xs Max";G9P1204DMC3J4F849;;2025-10-02;1;329.00;329.00
CEB-MSPI-Owned;Regular;661-11037;"Display, iPhone Xs Max";G9P1343D0E0J4F84F;;2025-10-02;1;329.00;329.00
CEB-MSPI-Owned;Regular;661-11037;"Display, iPhone Xs Max";G9N0073ZKF5J4F84U;;2025-10-02;1;329.00;329.00
CEB-MSPI-Owned;Regular;661-14098;"Display, iPhone 11";DKH5126G1X304FPAC;;2025-10-02;1;199.00;199.00
CEB-MSPI-Owned;Regular;661-14098;"Display, iPhone 11";DKH5136G0VA04FPA9;;2025-10-02;1;199.00;199.00
CEB-MSPI-Owned;Regular;661-07292;"Rose Gold, Display, iPhone 6s Plus, DH";F7C9044J8SCG8WCTU;;2025-10-02;1;169.00;169.00
CEB-MSPI-Owned;Regular;661-07291;"Gold, Display, iPhone 6s Plus, DH";DTP83276CCLG8WHLA;;2025-10-02;1;169.00;169.00
CEB-MSPI-Owned;Regular;661-07290;"Silver, Display, iPhone 6s Plus, DH";DTP828769R1G8WHLA;;2025-10-02;1;169.00;169.00
CEB-MSPI-Owned;Regular;661-07289;"Space Gray, Display, iPhone 6s Plus, DH";F7C9486J0A7G8W9T6;;2025-10-02;1;169.00;169.00
CEB-MSPI-Owned;Regular;661-07288;"Rose Gold, Display, iPhone 6s, DH";F7C7491R3QMG192TB;;2025-10-02;1;143.75;143.75
CEB-MSPI-Owned;Regular;661-07287;"Gold, Display, iPhone 6s, DH";DKH937349A3G8GMSA;;2025-10-02;1;143.75;143.75
CEB-MSPI-Owned;Regular;661-07286;"Silver, Display, iPhone 6s, DH";F7C8044RBF5G192TR;;2025-10-02;1;143.75;143.75
CEB-MSPI-Owned;Regular;661-07285;"Space Gray, Display, iPhone 6s, DH";C119391Z1XFG191T2;;2025-10-02;1;143.75;143.75
CEB-MSPI-Owned;Regular;661-07295;"Gold, Display, iPhone 7, DH";FVQ8435H372H1NHAY;;2025-10-02;1;149.00;149.00
CEB-MSPI-Owned;Regular;661-07295;"Gold, Display, iPhone 7, DH";FVQ8436H2KFH1NHAH;;2025-10-02;1;149.00;149.00
CEB-MSPI-Owned;Regular;661-07294;"Silver, Display, iPhone 7, DH";DKH9151M6A8H1NRAX;;2025-10-02;1;149.00;149.00
CEB-MSPI-Owned;Regular;661-07294;"Silver, Display, iPhone 7, DH";FVQ8435H52BH1NHA2;;2025-10-02;1;149.00;149.00
CEB-MSPI-Owned;Regular;661-07296;"Rose Gold, Display, iPhone 7, DH";FVQ8433H0M4H1NHAT;;2025-10-02;1;149.00;149.00
CEB-MSPI-Owned;Regular;661-07296;"Rose Gold, Display, iPhone 7, DH";FVQ8434H3Q4H1NHAE;;2025-10-02;1;149.00;149.00
CEB-MSPI-Owned;Regular;661-07296;"Rose Gold, Display, iPhone 7, DH";FVQ8435H5TTH1NHAD;;2025-10-02;1;149.00;149.00
CEB-MSPI-Owned;Regular;661-10102;"SVC,DISPLAY,IPHONE 8, RED";C3F8307C4VUHNJTAZ;;2025-10-02;1;149.00;149.00
CEB-MSPI-Owned;Regular;661-09081;"Display, Gold, iPhone 8";DKH933616K5HNJYAG;;2025-10-02;1;149.00;149.00
CEB-MSPI-Owned;Regular;661-08934;"Display, Silver, iPhone 8";DKH934211GEHNJYAN;;2025-10-02;1;149.00;149.00
CEB-MSPI-Owned;Regular;661-08933;"Display, Space Gray, iPhone 8";FVQ9504A6CWHNJMA0;;2025-10-02;1;149.00;149.00
CEB-MSPI-Owned;Regular;661-08933;"Display, Space Gray, iPhone 8";C3F8251B3MUHNJTAK;;2025-10-02;1;149.00;149.00
CEB-MSPI-Owned;Regular;661-10103;"SVC,DISPLAY,IPHONE 8 PLUS, RED";C118494Q303HLK3AS;;2025-10-02;1;169.00;169.00
CEB-MSPI-Owned;Regular;661-09033;"Display, Silver, iPhone 8 Plus";C3F0153MF6EHLK7AA;;2025-10-02;1;169.00;169.00
CEB-MSPI-Owned;Regular;661-09032;"SVC,DISPLAY,GRAY,IPHONE 8 PLUS";C3F7511G4A7HLK8AK;;2025-10-02;1;169.00;169.00
CEB-MSPI-Owned;Regular;661-07298;"Silver, Display, iPhone 7 Plus, DH";C119041X22VH1FLA7;;2025-10-02;1;169.00;169.00
CEB-MSPI-Owned;Regular;661-07299;"Gold, Display, iPhone 7 Plus, DH";C3F0164Q5XUH1FMA3;;2025-10-02;1;169.00;169.00
CEB-MSPI-Owned;Regular;661-07299;"Gold, Display, iPhone 7 Plus, DH";DTP7446NC1CH1FMA7;;2025-10-02;1;169.00;169.00
CEB-MSPI-Owned;Regular;661-07300;"Rose Gold, Display, iPhone 7 Plus, DH";C3F0373M3V2H1FMA8;;2025-10-02;1;169.00;169.00
CEB-MSPI-Owned;Regular;661-07300;"Rose Gold, Display, iPhone 7 Plus, DH";C3F0151QAG3H1FMA6;;2025-10-02;1;169.00;169.00
CEB-MSPI-Owned;Regular;661-07300;"Rose Gold, Display, iPhone 7 Plus, DH";C3F9523Q37UH1FMAR;;2025-10-02;1;169.00;169.00
CEB-MSPI-Owned;Regular;661-07300;"Rose Gold, Display, iPhone 7 Plus, DH";FVQ8427A1KKH1FLAM;;2025-10-02;1;169.00;169.00
CEB-MSPI-Owned;Regular;661-07297;"Black/Jet Black, Display, iPhone 7 Plus, DH";C119337W5QGH1FNAE;;2025-10-02;1;169.00;169.00
CEB-MSPI-Owned;Regular;661-07297;"Black/Jet Black, Display, iPhone 7 Plus, DH";C3F0025Q9V8H1FQA0;;2025-10-02;1;169.00;169.00
CEB-MSPI-Owned;Regular;661-07297;"Black/Jet Black, Display, iPhone 7 Plus, DH";C3F0043Q6PGH1FQA9;;2025-10-02;1;169.00;169.00
CEB-MSPI-Owned;Regular;661-07297;"Black/Jet Black, Display, iPhone 7 Plus, DH";C3F0247QA2TH1FQAH;;2025-10-02;1;169.00;169.00
CEB-MSPI-Owned;Regular;661-07297;"Black/Jet Black, Display, iPhone 7 Plus, DH";DTP7311NAUKH1FQA1;;2025-10-02;1;169.00;169.00
CEB-MSPI-Owned;Regular;661-07297;"Black/Jet Black, Display, iPhone 7 Plus, DH";C3F0464MB0ZH1FQAL;;2025-10-02;1;169.00;169.00
CEB-MSPI-Owned;Regular;661-07298;"Silver, Display, iPhone 7 Plus, DH";FVQ8421B79WH1FLA3;;2025-10-02;1;169.00;169.00
CEB-MSPI-Owned;Regular;661-07293;"Black, Display, iPhone 7, DH";FVQ8307G7X2H1NGA2;;2025-10-02;1;149.00;149.00
CEB-MSPI-Owned;Regular;661-07293;"Black, Display, iPhone 7, DH";FVQ8306G4HDH1NGA3;;2025-10-02;1;149.00;149.00
CEB-MSPI-Owned;Regular;661-07293;"Black, Display, iPhone 7, DH";FVQ8306H295H1NGA0;;2025-10-02;1;149.00;149.00
CEB-MSPI-Owned;Regular;661-07293;"Black, Display, iPhone 7, DH";FVQ8283G1SPH1NGAH;;2025-10-02;1;149.00;149.00
CEB-MSPI-Owned;Regular;661-07293;"Black, Display, iPhone 7, DH";FVQ9254E1LEH1NGAM;;2025-10-02;1;149.00;149.00
CEB-MSPI-Owned;Regular;923-06643;"Taptic Engine, iPhone 13 Pro Max";GH713244K9D07478T;;2025-10-02;1;67.00;67.00
CEB-MSPI-Owned;Regular;923-06258;"Taptic Engine, iPhone 13 Pro";GH7134351TD07428N;;2025-10-02;1;67.00;67.00
CEB-MSPI-Owned;Regular;923-06682;"Taptic Engine, iPhone 13 mini";GH9128430AN08098T;;2025-10-02;1;67.00;67.00
CEB-MSPI-Owned;Regular;923-06237;"Taptic Engine, iPhone 13";FTN12634JG603398Z;;2025-10-02;1;67.00;67.00
CEB-MSPI-Owned;Regular;661-22293;"Camera, iPhone 13 Pro and 13 Pro Max";DN82167LKJRQ1NMD0;;2025-10-02;1;199.00;199.00
CEB-MSPI-Owned;Regular;923-06648;"Bottom Speaker, iPhone 13 Pro Max";CTH13753H3M080T3W;;2025-10-02;1;67.00;67.00
CEB-MSPI-Owned;Regular;923-06235;"Bottom Speaker, iPhone 13";DTV13174BQA08036Z;;2025-10-02;1;67.00;67.00
CEB-MSPI-Owned;Regular;923-06692;"Bottom Speaker, iPhone 13 mini";DTV1317194H07YR4L;;2025-10-02;1;67.00;67.00
CEB-MSPI-Owned;Regular;923-06256;"Bottom Speaker, iPhone 13 Pro";CTH1363B59E080D5L;;2025-10-02;1;67.00;67.00
CEB-MSPI-Owned;Regular;923-05104;"Speaker, iPhone 12 Pro Max";DTV038612A7NR6N5W;;2025-10-02;1;67.00;67.00
CEB-MSPI-Owned;Regular;923-05011;"Speaker, iPhone 12 mini";DTV041147HXNR5Q5X;;2025-10-02;1;67.00;67.00
CEB-MSPI-Owned;Regular;923-04915;"Speaker, iPhone 12 and 12 Pro";DTV037711KFNR6D57;;2025-10-02;1;67.00;67.00
CEB-MSPI-Owned;Regular;661-17922;"Camera, iPhone 12 Pro";GCF04327CWYMFGVAL;;2025-10-02;1;199.00;199.00
CEB-MSPI-Owned;Regular;661-17921;"Camera, iPhone 12";F6D23411D1RMFGR5U;;2025-10-02;1;169.00;169.00
POD_MSPI-Owned;Regular;661-21993;"Display, iPhone 13 Pro";G9P5265L99LPQCKA8;;2025-10-06;1;279.00;279.00
MRK-MSPI-Owned;Regular;661-04579;"Battery, iPhone 6";FG98155C6K0FW5WEW;;2025-10-06;1;69.00;69.00
MRK-MSPI-Owned;Regular;661-04579;"Battery, iPhone 6";FG9140503LFFW5WFD;;2025-10-06;1;69.00;69.00
MRK-MSPI-Owned;Regular;661-04580;"Battery, iPhone 6 Plus";F8Y904406VPFTHLDW;;2025-10-06;1;61.61;61.61
MRK-MSPI-Owned;Regular;661-04580;"Battery, iPhone 6 Plus";F8Y90420KKWFTHLD8;;2025-10-06;1;61.61;61.61
MRK-MSPI-Owned;Regular;661-04581;"Battery Kit, iPhone 6s";F5D208668P0G5NYCD;;2025-10-06;1;61.61;61.61
MRK-MSPI-Owned;Regular;661-04581;"Battery Kit, iPhone 6s";F5D20865YRMG5NYCZ;;2025-10-06;1;61.61;61.61
MRK-MSPI-Owned;Regular;661-04582;"Battery Kit, iPhone 6s Plus";F8Y85250WGWG8H8C4;;2025-10-06;1;69.00;69.00
MRK-MSPI-Owned;Regular;661-04582;"Battery Kit, iPhone 6s Plus";F8Y901305YKG8H8CZ;;2025-10-06;1;69.00;69.00
MRK-MSPI-Owned;Regular;661-04582;"Battery Kit, iPhone 6s Plus";F5D95072RUVG8H5B3;;2025-10-06;1;69.00;69.00
MRK-MSPI-Owned;Regular;661-07285;"Space Gray, Display, iPhone 6s, DH";C119051MDDSG191TG;;2025-10-06;1;143.75;143.75
MRK-MSPI-Owned;Regular;661-07286;"Silver, Display, iPhone 6s, DH";C117466M0KPG192T7;;2025-10-06;1;143.75;143.75
MRK-MSPI-Owned;Regular;661-07287;"Gold, Display, iPhone 6s, DH";C117433M6GUG192TH;;2025-10-06;1;143.75;143.75
MRK-MSPI-Owned;Regular;661-07288;"Rose Gold, Display, iPhone 6s, DH";C119076MAY1G192T9;;2025-10-06;1;143.75;143.75
MRK-MSPI-Owned;Regular;661-07289;"Space Gray, Display, iPhone 6s Plus, DH";F7C9126JD1QG8W9TQ;;2025-10-06;1;169.00;169.00
MRK-MSPI-Owned;Regular;661-07290;"Silver, Display, iPhone 6s Plus, DH";F7C7314D44EG8WCTM;;2025-10-06;1;169.00;169.00
MRK-MSPI-Owned;Regular;661-07291;"Gold, Display, iPhone 6s Plus, DH";DTP82976333G8WHL9;;2025-10-06;1;169.00;169.00
MRK-MSPI-Owned;Regular;661-07292;"Rose Gold, Display, iPhone 6s Plus, DH";F7C9044JC03G8WCT9;;2025-10-06;1;169.00;169.00
MRK-MSPI-Owned;Regular;661-05421;"BATTERY IPHONE 7";F5D35041VPWH885BT;;2025-10-06;1;69.00;69.00
MRK-MSPI-Owned;Regular;661-05421;"BATTERY IPHONE 7";F5D3082295AH885BZ;;2025-10-06;1;69.00;69.00
MRK-MSPI-Owned;Regular;661-05421;"BATTERY IPHONE 7";F5D41372EKVH885B7;;2025-10-06;1;69.00;69.00
MRK-MSPI-Owned;Regular;661-05755;"Battery, iPhone 7 Plus";F8Y349701K1H86CB7;;2025-10-06;1;69.00;69.00
MRK-MSPI-Owned;Regular;661-05755;"Battery, iPhone 7 Plus";F8Y417300JXH86CBR;;2025-10-06;1;69.00;69.00
MRK-MSPI-Owned;Regular;661-07293;"Black, Display, iPhone 7, DH";F7C8166BB3MH1NGA5;;2025-10-06;1;149.00;149.00
MRK-MSPI-Owned;Regular;661-07294;"Silver, Display, iPhone 7, DH";DKH150237U8H1NRAW;;2025-10-06;1;149.00;149.00
MRK-MSPI-Owned;Regular;661-07295;"Gold, Display, iPhone 7, DH";FVQ8287G92SH1NHA5;;2025-10-06;1;149.00;149.00
MRK-MSPI-Owned;Regular;661-07296;"Rose Gold, Display, iPhone 7, DH";DKH2324D07QH1NRAB;;2025-10-06;1;149.00;149.00
MRK-MSPI-Owned;Regular;661-07297;"Black/Jet Black, Display, iPhone 7 Plus, DH";DTP8207ABLAH1FQAW;;2025-10-06;1;169.00;169.00
MRK-MSPI-Owned;Regular;661-07297;"Black/Jet Black, Display, iPhone 7 Plus, DH";C3F8023QFLVH1FQAC;;2025-10-06;1;169.00;169.00
MRK-MSPI-Owned;Regular;661-07298;"Silver, Display, iPhone 7 Plus, DH";C3F8173QF01H1FMAK;;2025-10-06;1;169.00;169.00
MRK-MSPI-Owned;Regular;661-07299;"Gold, Display, iPhone 7 Plus, DH";C119124W206H1FLA7;;2025-10-06;1;169.00;169.00
MRK-MSPI-Owned;Regular;661-07300;"Rose Gold, Display, iPhone 7 Plus, DH";C3F8204Q2FZH1FMA8;;2025-10-06;1;169.00;169.00
MRK-MSPI-Owned;Regular;661-07300;"Rose Gold, Display, iPhone 7 Plus, DH";C3F0373M3USH1FMAM;;2025-10-06;1;169.00;169.00
MRK-MSPI-Owned;Regular;661-08933;"Display, Space Gray, iPhone 8";DKH9125D878HNK0AC;;2025-10-06;1;149.00;149.00
MRK-MSPI-Owned;Regular;661-08934;"Display, Silver, iPhone 8";FVQ9032A3SFHNJLA9;;2025-10-06;1;149.00;149.00
MRK-MSPI-Owned;Regular;661-09032;"SVC,DISPLAY,GRAY,IPHONE 8 PLUS";C118194P16YHLK3AM;;2025-10-06;1;169.00;169.00
MRK-MSPI-Owned;Regular;661-09033;"Display, Silver, iPhone 8 Plus";FVQ9035F5W2HLK2A7;;2025-10-06;1;169.00;169.00
MRK-MSPI-Owned;Regular;661-09034;"Display, Gold, iPhone 8 Plus";C118023S51WHLK2AF;;2025-10-06;1;169.00;169.00
MRK-MSPI-Owned;Regular;661-09081;"Display, Gold, iPhone 8";FVQ9035A3LWHNJLA9;;2025-10-06;1;149.00;149.00
MRK-MSPI-Owned;Regular;661-10102;"SVC,DISPLAY,IPHONE 8, RED";C3F8307C272HNJTAR;;2025-10-06;1;149.00;149.00
MRK-MSPI-Owned;Regular;661-10103;"SVC,DISPLAY,IPHONE 8 PLUS, RED";C119017P550HLK3A3;;2025-10-06;1;169.00;169.00
MRK-MSPI-Owned;Regular;661-10608;"Display, iPhone Xs";G9P11442P8FJC465K;;2025-10-06;1;279.00;279.00
MRK-MSPI-Owned;Regular;661-10608;"Display, iPhone Xs";G9P11552B1XJC465Y;;2025-10-06;1;279.00;279.00
MRK-MSPI-Owned;Regular;661-10608;"Display, iPhone Xs";G9P9171YFRXJC465A;;2025-10-06;1;279.00;279.00
MRK-MSPI-Owned;Regular;661-11037;"Display, iPhone Xs Max";G9N9192YMHHJ4F84C;;2025-10-06;1;329.00;329.00
MRK-MSPI-Owned;Regular;661-11037;"Display, iPhone Xs Max";G9P1193DMFQJ4F84N;;2025-10-06;1;329.00;329.00
MRK-MSPI-Owned;Regular;661-11232;"Display, iPhone XR";F7C1264TAWWJH41A8;;2025-10-06;1;199.00;199.00
MRK-MSPI-Owned;Regular;661-11232;"Display, iPhone XR";C3F1392B087JLNMAE;;2025-10-06;1;199.00;199.00
MRK-MSPI-Owned;Regular;661-11232;"Display, iPhone XR";F7C1484T3SLJH41AV;;2025-10-06;1;199.00;199.00
MRK-MSPI-Owned;Regular;661-11232;"Display, iPhone XR";C3F3504G0E7JLNMAY;;2025-10-06;1;199.00;199.00
MRK-MSPI-Owned;Regular;661-13114;"Display, iPhone X";FXJ847715K4J6DX90;;2025-10-06;1;279.00;279.00
MRK-MSPI-Owned;Regular;661-13114;"Display, iPhone X";FXJ848516TTJ6DX9K;;2025-10-06;1;279.00;279.00
MRK-MSPI-Owned;Regular;661-13114;"Display, iPhone X";FXV01338K8SJ6DX98;;2025-10-06;1;279.00;279.00
MRK-MSPI-Owned;Regular;661-13114;"Display, iPhone X";FXV015376T3J6DX9J;;2025-10-06;1;279.00;279.00
MRK-MSPI-Owned;Regular;661-13114;"Display, iPhone X";FXV016176FAJ6DX9C;;2025-10-06;1;279.00;279.00
MRK-MSPI-Owned;Regular;661-13114;"Display, iPhone X";FXV95117LB0J6DX94;;2025-10-06;1;279.00;279.00
MRK-MSPI-Owned;Regular;661-13114;"Display, iPhone X";FXV02341WZTJ6DX98;;2025-10-06;1;279.00;279.00
MRK-MSPI-Owned;Regular;661-13569;"Battery, iPhone 11 Pro";F5D45121348LTDMB1;;2025-10-06;1;89.00;89.00
MRK-MSPI-Owned;Regular;661-13569;"Battery, iPhone 11 Pro";F5D50320S7ELTDMBW;;2025-10-06;1;89.00;89.00
MRK-MSPI-Owned;Regular;661-13569;"Battery, iPhone 11 Pro";F5D50320US0LTDMBK;;2025-10-06;1;89.00;89.00
MRK-MSPI-Owned;Regular;661-13574;"Battery, iPhone 11";F8Y5165C3YZM6YND6;;2025-10-06;1;89.00;89.00
MRK-MSPI-Owned;Regular;661-13574;"Battery, iPhone 11";F8Y5165C0K6M6YND7;;2025-10-06;1;89.00;89.00
MRK-MSPI-Owned;Regular;661-13574;"Battery, iPhone 11";F8Y5165C0CRM6YND99;;2026-02-07;1;89.00;89.00
MRK-MSPI-Owned;Regular;661-13624;"Battery, iPhone 11 Pro Max";F8Y4425C1Y9MD2CB7;;2025-10-06;1;89.00;89.00
MRK-MSPI-Owned;Regular;661-13624;"Battery, iPhone 11 Pro Max";F8Y4475C19EMD2CBN;;2025-10-06;1;89.00;89.00
MRK-MSPI-Owned;Regular;661-13624;"Battery, iPhone 11 Pro Max";F8Y4425C2KKMD2CB1;;2025-10-06;1;89.00;89.00
MRK-MSPI-Owned;Regular;661-13624;"Battery, iPhone 11 Pro Max";F8Y4475C18XMD2CB8;;2025-10-06;1;89.00;89.00
MRK-MSPI-Owned;Regular;661-13624;"Battery, iPhone 11 Pro Max";F8Y4445C22KMD2CBC;;2025-10-06;1;89.00;89.00
MRK-MSPI-Owned;Regular;661-14096;"Display, iPhone 11 Pro";G9P9317R2KDJMPM59;;2025-10-06;1;279.00;279.00
MRK-MSPI-Owned;Regular;661-14096;"Display, iPhone 11 Pro";G9P9323Q548JMPM5S;;2025-10-06;1;279.00;279.00
MRK-MSPI-Owned;Regular;661-14096;"Display, iPhone 11 Pro";G9P1193A18WJMPM66;;2025-10-06;1;279.00;279.00
MRK-MSPI-Owned;Regular;661-14096;"Display, iPhone 11 Pro";G9P1185AF9ZJMPM6M;;2025-10-06;1;279.00;279.00
MRK-MSPI-Owned;Regular;661-14098;"Display, iPhone 11";DKH3292K2SE04FPAU;;2025-10-06;1;199.00;199.00
MRK-MSPI-Owned;Regular;661-14098;"Display, iPhone 11";DKH4017K38Q04FPAM;;2025-10-06;1;199.00;199.00
MRK-MSPI-Owned;Regular;661-14098;"Display, iPhone 11";DKH4032F65K04FPA9;;2025-10-06;1;199.00;199.00
MRK-MSPI-Owned;Regular;661-14098;"Display, iPhone 11";F7C4114C0E0KV27AX;;2025-10-06;1;199.00;199.00
MRK-MSPI-Owned;Regular;661-14098;"Display, iPhone 11";DKH5145G0UR04FPAV;;2025-10-06;1;199.00;199.00
MRK-MSPI-Owned;Regular;661-14099;"Display, iPhone 11 Pro Max";G9N9323MASEJMPN5S;;2025-10-06;1;329.00;329.00
MRK-MSPI-Owned;Regular;661-14099;"Display, iPhone 11 Pro Max";G9N9277NNHLJMPNAZ;;2025-10-06;1;329.00;329.00
MRK-MSPI-Owned;Regular;661-14099;"Display, iPhone 11 Pro Max";G9P0465CG76JMPN5M;;2025-10-06;1;329.00;329.00
MRK-MSPI-Owned;Regular;661-17940;"Display, iPhone 12 mini";G9Q0416KPSELQHJA7;;2025-10-06;1;229.00;229.00
MRK-MSPI-Owned;Regular;661-18503;"Display, iPhone 12";GVH31379JYGLQHMAM;;2025-10-06;1;279.00;279.00
MRK-MSPI-Owned;Regular;661-18504;"Display, iPhone 12 Pro";GVH2494C4DRLQHMAR;;2025-10-06;1;279.00;279.00
MRK-MSPI-Owned;Regular;661-18466;"Display, iPhone 12 Pro Max";G9Q4106AP49MRY1AZ;;2025-10-06;1;329.00;329.00
MRK-MSPI-Owned;Regular;661-17921;"Camera, iPhone 12";F6D1314120GMFGR7L;;2025-10-06;1;169.00;169.00
MRK-MSPI-Owned;Regular;661-17921;"Camera, iPhone 12";DNL24020E26MFGR39;;2025-10-06;1;169.00;169.00
MRK-MSPI-Owned;Regular;661-17922;"Camera, iPhone 12 Pro";GCF05343383MFGVBU;;2025-10-06;1;199.00;199.00
MRK-MSPI-Owned;Regular;661-17922;"Camera, iPhone 12 Pro";GCF1334EAYKMFGVB1;;2025-10-06;1;199.00;199.00
MRK-MSPI-Owned;Regular;923-05011;"Speaker, iPhone 12 mini";DXY04023G3MNR5T5T;;2025-10-06;1;67.00;67.00
MRK-MSPI-Owned;Regular;923-05011;"Speaker, iPhone 12 mini";DXY04013G4SNR5T5L;;2025-10-06;1;67.00;67.00
MRK-MSPI-Owned;Regular;923-04915;"Speaker, iPhone 12 and 12 Pro";DTV03774C5LNR6D5Q;;2025-10-06;1;67.00;67.00
MRK-MSPI-Owned;Regular;923-04915;"Speaker, iPhone 12 and 12 Pro";DTV03774B7HNR6D5N;;2025-10-06;1;67.00;67.00
MRK-MSPI-Owned;Regular;923-05104;"Speaker, iPhone 12 Pro Max";DTV0363280RNR6N58;;2025-10-06;1;67.00;67.00
MRK-MSPI-Owned;Regular;923-05104;"Speaker, iPhone 12 Pro Max";DTV036326TTNR6N5V;;2025-10-06;1;67.00;67.00
ZAM-MSPI-Owned;Regular;661-32232;"Rear Camera, iPhone 13/mini, MICN";GCF33045N4VQ59TBF;;2025-10-06;1;169.00;169.00
MRK-MSPI-Owned;Regular;"661-21992 / 661-32232";"CAMERA, IPHONE 13 AND 13 MINI";GCF42213JDCQ59TAD;;2025-10-06;1;150.89;150.89
MRK-MSPI-Owned;Regular;"661-21992 / 661-32232";"CAMERA, IPHONE 13 AND 13 MINI";DNL21550B35Q7172S;;2025-10-06;1;150.89;150.89
MRK-MSPI-Owned;Regular;661-22293;"Camera, iPhone 13 Pro and 13 Pro Max";DN82184DNYCQ1NMDL;;2025-10-06;1;199.00;199.00
MRK-MSPI-Owned;Regular;661-22293;"Camera, iPhone 13 Pro and 13 Pro Max";DN82253B2HYQ1NMDC;;2025-10-06;1;199.00;199.00
MRK-MSPI-Owned;Regular;923-06692;"Bottom Speaker, iPhone 13 mini";DTV1317198G07YR49;;2025-10-06;1;67.00;67.00
MRK-MSPI-Owned;Regular;923-06692;"Bottom Speaker, iPhone 13 mini";DTV131717A807YR4D;;2025-10-06;1;67.00;67.00
MRK-MSPI-Owned;Regular;923-06235;"Bottom Speaker, iPhone 13";DTV1317339D08036J;;2025-10-06;1;67.00;67.00
MRK-MSPI-Owned;Regular;923-06235;"Bottom Speaker, iPhone 13";DTV131736YP080364;;2025-10-06;1;67.00;67.00
MRK-MSPI-Owned;Regular;923-06256;"Bottom Speaker, iPhone 13 Pro";CTH1347DKUJ080D59;;2025-10-06;1;67.00;67.00
MRK-MSPI-Owned;Regular;923-06256;"Bottom Speaker, iPhone 13 Pro";CTH1363B1FY080D5N;;2025-10-06;1;67.00;67.00
MRK-MSPI-Owned;Regular;923-06648;"Bottom Speaker, iPhone 13 Pro Max";CTH13812BJB080T35;;2025-10-06;1;67.00;67.00
MRK-MSPI-Owned;Regular;923-06648;"Bottom Speaker, iPhone 13 Pro Max";CTH137535V2080T3H;;2025-10-06;1;67.00;67.00
MRK-MSPI-Owned;Regular;923-06682;"Taptic Engine, iPhone 13 mini";GH913172E5Y080984;;2025-10-06;1;67.00;67.00
MRK-MSPI-Owned;Regular;923-06682;"Taptic Engine, iPhone 13 mini";GH9131624DK080984;;2025-10-06;1;67.00;67.00
MRK-MSPI-Owned;Regular;923-06237;"Taptic Engine, iPhone 13";FTN12634HM103398Q;;2025-10-06;1;67.00;67.00
MRK-MSPI-Owned;Regular;923-06237;"Taptic Engine, iPhone 13";FTN12634G0F033986;;2025-10-06;1;67.00;67.00
MRK-MSPI-Owned;Regular;923-06258;"Taptic Engine, iPhone 13 Pro";GH713425J9Z074286;;2025-10-06;1;67.00;67.00
MRK-MSPI-Owned;Regular;923-06258;"Taptic Engine, iPhone 13 Pro";GH71343560Q07428K;;2025-10-06;1;67.00;67.00
MRK-MSPI-Owned;Regular;923-06643;"Taptic Engine, iPhone 13 Pro Max";GH713247GBY07478W;;2025-10-06;1;67.00;67.00
MRK-MSPI-Owned;Regular;923-06643;"Taptic Engine, iPhone 13 Pro Max";GH713244HFR07478Z;;2025-10-06;1;67.00;67.00
POD_MSPI-Owned;Regular;661-22309;"Display, iPhone 13 Pro Max";G9P5352MJ78PQCLAJ;;2025-10-07;1;329.00;329.00
NPM-MSPI-Owned;Regular;661-17939;"Battery, iPhone 12 mini";F8Y5321C43302JNBD;;2025-10-10;1;46.00;46.00
NPM-MSPI-Owned;Regular;661-13569;"Battery, iPhone 11 Pro";F5D51531001LTDMBB;;2025-10-10;1;46.00;46.00
MRK-MSPI-Owned;Regular;661-38768;"Touch ID Board, MBP (14-in, M3 Pro/Max, 2023)";;;2025-10-20;1;87.00;87.00
POD_MSPI-Owned;Regular;661-22294;"Battery, iPhone 13 Pro Max";F8Y5274C1JW13XCBW;;2025-10-14;1;89.00;89.00
POD_MSPI-Owned;Regular;661-22309;"Display, iPhone 13 Pro Max";G9P5185MPHPPQCLAS;;2025-12-29;1;329.00;329.00
MRK-MSPI-Owned;Regular;661-15412;"Touch ID";;;2025-10-25;1;61.00;61.00
FES-MSPI-Owned;Regular;661-40577;"Touch ID Board, Silver/Space Gray/Starlight, MBA (15-in, M3, 2024)";;;2025-10-15;1;61.00;61.00
POD_MSPI-Owned;Regular;661-21993;"Display, iPhone 13 Pro";G9P5264LDMYPQCKAR;;2025-12-29;1;279.00;279.00
ABR-MSPI-Owned;Regular;661-22293;"Camera, iPhone 13 Pro and 13 Pro Max";DN85075A00UQ1NMDP;;2025-10-16;1;199.00;199.00
ZAM-MSPI-Owned;Regular;661-13569;"Battery, iPhone 11 Pro";F5D52440R1ULTDMBU;;2025-10-18;1;89.00;89.00
ZAM-MSPI-Owned;Regular;661-13569;"Battery, iPhone 11 Pro";F5D524317A2LTDMB9;;2025-10-18;1;89.00;89.00
ZAM-MSPI-Owned;Regular;923-00412;"SVC, ASSY, PCBA, LIO-BOARD";;;2025-10-18;1;;
POD_MSPI-Owned;Regular;661-22309;"Display, iPhone 13 Pro Max";G9P5351M7NVPQCLAY;;2025-10-22;1;329.00;329.00
VER_MSPI-Owned;Regular;661-32232;"Rear Camera, iPhone 13/mini, MICN";GCF52850LNZQ59TBC;;2025-10-22;1;169.00;169.00
FES-MSPI-Owned;Regular;MXY13ZP/A;"iPhone 16 Plus 256GB Pink";MXTH6LY9MX;;2025-10-24;1;71240.50;71240.50
MRK-MSPI-Owned;Regular;661-44956;"TrueDepth Camera, iPhone 16 Pro Max";20010703;;2025-10-25;1;199.00;199.00
CEB-MSPI-Owned;Regular;ZP661-39831;"Starlight, iPad Air 13-inch (M2), 256GB, Wi-Fi, I TP";M000000001;;2025-10-25;1;45520.00;45520.00
CEB-MSPI-Owned;Regular;661-18503;"Display, iPhone 12";G9N4293CPJ9LQHKAT;;2025-10-28;1;279.00;279.00
NES_MSPI-Owned;Regular;661-36915;"Display, iPhone 15 Pro Max";GH335110NG01PHTAE;;2025-10-28;1;379.00;379.00
NES_MSPI-Owned;Regular;661-37213;"Display, iPhone 15 Plus";G9Q4185SKEQ1PHMA8;;2025-10-28;1;329.00;329.00
NES_MSPI-Owned;Regular;661-36706;"Display, iPhone 15";G9Q3251ML8A21KHAJ;;2025-10-28;1;279.00;279.00
NES_MSPI-Owned;Regular;661-44797;"Display, iPhone 16";G9QH7H2066700004Y7;;2025-10-28;1;279.00;279.00
NES_MSPI-Owned;Regular;661-44955;"Display, iPhone 16 Pro Max";00;;2025-12-13;1;379.00;379.00
NES_MSPI-Owned;Regular;661-42845;"Camera, iPhone 16 Plus";DNMHCP004DA00005LS;;2025-10-28;1;169.00;169.00
NES_MSPI-Owned;Regular;661-44799;"Camera, iPhone 16";GCFH7R002AL00005LT;;2025-10-28;1;169.00;169.00
NES_MSPI-Owned;Regular;661-44798;"TrueDepth Camera, iPhone 16";DNPH9000H040000FER;;2025-10-28;1;199.00;199.00
NES_MSPI-Owned;Regular;661-37214;"TrueDepth Camera, iPhone 15 Plus";F6WH6B009Y400001MB;;2025-10-28;1;199.00;199.00
NES_MSPI-Owned;Regular;661-42837;"Battery, iPhone 16 Plus";F8YH89000TH0000RSS;;2025-10-28;1;99.00;99.00
NES_MSPI-Owned;Regular;661-44954;"Battery, iPhone 16 Pro Max";F8YH96H090X0000UMK;;2025-10-28;1;119.00;119.00
NES_MSPI-Owned;Regular;661-37207;"Battery, iPhone 15 Plus";F8YGYK10HA800006U2;;2025-10-28;1;99.00;99.00
NES_MSPI-Owned;Regular;661-30394;"Battery, iPhone 14 Plus";F8Y2364009H211P3G;;2025-10-28;1;99.00;99.00
NES_MSPI-Owned;Regular;661-30373;"Battery, iPhone 14";F8Y232706MX217X7Z;;2025-10-28;1;99.00;99.00
NES_MSPI-Owned;Regular;661-25890;"Battery, iPhone SE 3rd generation";F5D20732UZ11KLF8C;;2025-10-28;1;69.00;69.00
POD_MSPI-Owned;Regular;661-22294;"Battery, iPhone 13 Pro Max";F8Y5275C2YK13XCBX;;2025-10-30;1;89.00;89.00
POD_MSPI-Owned;Regular;661-22309;"Display, iPhone 13 Pro Max";G9P5352MEBSPQCLAS;;2025-12-29;1;329.00;329.00
ILO-MSPI-Owned;Regular;661-07285;"Space Gray, Display, iPhone 6s, DH";C119052MEN6G191T7;;2025-11-02;1;149.00;149.00
ILO-MSPI-Owned;Regular;661-07286;"Silver, Display, iPhone 6s, DH";C117445M0PAG192TF;;2025-11-02;1;149.00;149.00
ILO-MSPI-Owned;Regular;661-07287;"Gold, Display, iPhone 6s, DH";C117383M156G192TV;;2025-11-02;1;149.00;149.00
ILO-MSPI-Owned;Regular;661-07288;"Rose Gold, Display, iPhone 6s, DH";C119076M18NG192T1;;2025-11-02;1;149.00;149.00
ILO-MSPI-Owned;Regular;661-07289;"Space Gray, Display, iPhone 6s Plus, DH";F7C9357J4AHG8W9T1;;2025-11-02;1;169.00;169.00
ILO-MSPI-Owned;Regular;661-07290;"Silver, Display, iPhone 6s Plus, DH";F7C7334DBRYG8WCTV;;2025-11-02;1;169.00;169.00
ILO-MSPI-Owned;Regular;661-07291;"Gold, Display, iPhone 6s Plus, DH";F7C9351JD88G8WCTA;;2025-11-02;1;169.00;169.00
ILO-MSPI-Owned;Regular;661-07292;"Rose Gold, Display, iPhone 6s Plus, DH";F7C9044JC09G8WCT3;;2025-11-02;1;169.00;169.00
ILO-MSPI-Owned;Regular;661-07293;"Black, Display, iPhone 7, DH";FVQ8314H1TUH1NGAR;;2025-11-02;1;149.00;149.00
ILO-MSPI-Owned;Regular;661-07294;"Silver, Display, iPhone 7, DH";FVQ8433C040H1NHAV;;2025-11-02;1;149.00;149.00
ILO-MSPI-Owned;Regular;661-07295;"Gold, Display, iPhone 7, DH";FVQ8291G0R9H1NHAZ;;2025-11-02;1;149.00;149.00
ILO-MSPI-Owned;Regular;661-07296;"Rose Gold, Display, iPhone 7, DH";FVQ8374H3LBH1NHA8;;2025-11-02;1;149.00;149.00
ILO-MSPI-Owned;Regular;661-07297;"Black/Jet Black, Display, iPhone 7 Plus, DH";C3F0467M1KHH1FQAL;;2025-11-02;1;169.00;169.00
ILO-MSPI-Owned;Regular;661-07297;"Black/Jet Black, Display, iPhone 7 Plus, DH";C3F0246Q3CLH1FQA2;;2025-11-02;1;169.00;169.00
ILO-MSPI-Owned;Regular;661-07298;"Silver, Display, iPhone 7 Plus, DH";C3F0437M1D0H1FMAZ;;2025-11-02;1;169.00;169.00
ILO-MSPI-Owned;Regular;661-07299;"Gold, Display, iPhone 7 Plus, DH";C3F9453Q3FYH1FMAP;;2025-11-02;1;169.00;169.00
ILO-MSPI-Owned;Regular;661-07300;"Rose Gold, Display, iPhone 7 Plus, DH";C3F9454Q9G6H1FMA5;;2025-11-02;1;169.00;169.00
ILO-MSPI-Owned;Regular;661-07300;"Rose Gold, Display, iPhone 7 Plus, DH";C3F0373M0BUH1FMA5;;2025-11-02;1;169.00;169.00
ILO-MSPI-Owned;Regular;923-05011;"Speaker, iPhone 12 mini";DTV041133CDNR5Q53;;2025-11-02;1;67.00;67.00
ILO-MSPI-Owned;Regular;923-04915;"Speaker, iPhone 12 and 12 Pro";DTV03774905NR6D5P;;2025-11-02;1;67.00;67.00
ILO-MSPI-Owned;Regular;923-05104;"Speaker, iPhone 12 Pro Max";DTV0363165NNR6N51;;2025-11-02;1;67.00;67.00
ILO-MSPI-Owned;Regular;923-06692;"Bottom Speaker, iPhone 13 mini";DTV131610ZU07YR40;;2025-11-02;1;67.00;67.00
ILO-MSPI-Owned;Regular;923-06235;"Bottom Speaker, iPhone 13";DTV13173G21080364;;2025-11-02;1;67.00;67.00
ILO-MSPI-Owned;Regular;923-06256;"Bottom Speaker, iPhone 13 Pro";CTH1363BE2K080D5T;;2025-11-02;1;67.00;67.00
ILO-MSPI-Owned;Regular;923-06648;"Bottom Speaker, iPhone 13 Pro Max";CTH138119UR080T30;;2025-11-02;1;67.00;67.00
ILO-MSPI-Owned;Regular;661-17921;"Camera, iPhone 12";DNL04973BESMFGR5H;;2025-11-02;1;169.00;169.00
ILO-MSPI-Owned;Regular;661-17922;"Camera, iPhone 12 Pro";GCF10251VDQMFGVBA;;2025-11-02;1;199.00;199.00
ILO-MSPI-Owned;Regular;661-22293;"Camera, iPhone 13 Pro and 13 Pro Max";DN83227A4PVQ1NMA9;;2025-11-02;1;199.00;199.00
ILO-MSPI-Owned;Regular;923-06237;"Taptic Engine, iPhone 13";FTN12644T6Y03398T;;2025-11-02;1;67.00;67.00
ILO-MSPI-Owned;Regular;923-06258;"Taptic Engine, iPhone 13 Pro";GH713425HLM07428L;;2025-11-02;1;67.00;67.00
ILO-MSPI-Owned;Regular;923-06643;"Taptic Engine, iPhone 13 Pro Max";GH71324414V07478A;;2025-11-02;1;67.00;67.00
ILO-MSPI-Owned;Regular;923-06682;"Taptic Engine, iPhone 13 mini";GH9132121TT08098T;;2025-11-02;1;67.00;67.00
VER_MSPI-Owned;Regular;661-13569;"Battery, iPhone 11 Pro";F5D52770S5VLTDMB2;;2025-11-03;1;46.00;46.00
MRK-MSPI-Owned;Regular;661-14741;"Logic Board, 1.1GHZ 2C, 8GB, 256GB";FV901120877MYC3AP;;2025-11-04;1;307.00;307.00
POD_MSPI-Owned;Regular;661-21996;"Battery, iPhone 13 Pro";F8Y5212CCUD13RHC2;;2025-12-09;1;46.00;46.00
VER_MSPI-Owned;Regular;661-22309;"Display, iPhone 13 Pro Max";G9P5352MHBBPQCLA4;;2025-11-05;1;329.00;329.00
POD_MSPI-Owned;Regular;661-22294;"Battery, iPhone 13 Pro Max";F8Y5337C8R013XCB6;;2025-11-05;1;46.00;46.00
VER_MSPI-Owned;Regular;661-18466;"Display, iPhone 12 Pro Max";G9Q5066B7BHMRY1AX;;2025-11-05;1;276.00;276.00
POD_MSPI-Owned;Regular;661-21991;"Battery, iPhone 13";F8Y5373C6RH18FKBK;;2025-12-29;1;89.00;89.00
VER_MSPI-Owned;Regular;661-21993;"Display, iPhone 13 Pro";G9P5265L53LPQCKAW;;2025-11-06;1;279.00;279.00
MRK-MSPI-Owned;Regular;ZP661-50226;"iPad (A16) Wi-Fi, 128GB, Silver, CI/AR, CN";FV4D3CHXQV;;2025-11-07;1;284.00;284.00
ILO-MSPI-Owned;Regular;661-13574;"Battery, iPhone 11";F8Y5262CAKQM6YNDF;;2025-11-10;1;46.00;46.00
VER_MSPI-Owned;Regular;923-05104;"Speaker, iPhone 12 Pro Max";DTV509610UVNR6NAU;;2025-11-11;1;67.00;67.00
ZAM-MSPI-Owned;Regular;661-08917;"Battery, iPhone 8 Plus";F5D2485B8BNHY5GBF;;2025-11-11;1;69.00;69.00
ZAM-MSPI-Owned;Regular;661-08917;"Battery, iPhone 8 Plus";F5D24867TWAHY5GBW;;2025-11-11;1;69.00;69.00
ZAM-MSPI-Owned;Regular;661-08917;"Battery, iPhone 8 Plus";F5D304602FWHY5GBC;;2025-11-11;1;69.00;69.00
ZAM-MSPI-Owned;Regular;661-04479;"Battery Kit, iPhone SE";F5D70132HPGGKK75G;;2026-06-05;1;43.75;43.75
ZAM-MSPI-Owned;Regular;661-04479;"Battery Kit, iPhone SE";F5D70132W1TGKK75Q;;2026-06-05;1;43.75;43.75
POD_MSPI-Owned;Regular;661-21988;"Display, iPhone 13";G9Q5155P3C5PR5QAV;;2025-12-29;1;279.00;279.00
VER_MSPI-Owned;Regular;661-21993;"Display, iPhone 13 Pro";G9P5265L85UPQCKAD;;2025-11-17;1;279.00;279.00
POD_MSPI-Owned;Regular;661-17920;"Battery, iPhone 12 and 12 Pro";F8Y5266C85GQ687BB;;2025-12-09;1;46.00;46.00
POD_MSPI-Owned;Regular;661-22309;"Display, iPhone 13 Pro Max";G9P5351MNGEPQCLAG;;2025-11-18;1;329.00;329.00
POD_MSPI-Owned;Regular;661-21991;"Battery, iPhone 13";F8Y5396C4JR18FKBR;;2025-11-19;1;89.00;89.00
MRK-MSPI-Owned;Regular;661-13569;"Battery, iPhone 11 Pro";F5D5322084RLTDMBC;;2025-11-19;1;46.00;46.00
VER_MSPI-Owned;Regular;661-22309;"Display, iPhone 13 Pro Max";G9P5351M04HPQCLA3;;2026-06-08;1;329.00;329.00
ABR-MSPI-Owned;Regular;661-13574;"Battery, iPhone 11";F8Y5406C5MVM6YNDM;;2025-11-21;1;89.00;89.00
ABR-MSPI-Owned;Regular;661-18503;"Display, iPhone 12";GVH3105307HLQHMA6;;2025-11-25;1;279.00;279.00
NPM-MSPI-Owned;Regular;661-13569;"Battery, iPhone 11 Pro";F5D53170GQ5LTDMBW;;2025-11-28;1;46.00;46.00
POD_MSPI-Owned;Regular;661-13569;"Battery, iPhone 11 Pro";F5D53170H6ZLTDMBM;;2025-12-01;1;46.00;46.00
POD_MSPI-Owned;Regular;661-22309;"Display, iPhone 13 Pro Max";G9P5186MK38PQCLAJ;;2025-12-01;1;329.00;329.00
POD_MSPI-Owned;Regular;661-22309;"Display, iPhone 13 Pro Max";G9P5351MHGFPQCLAL;;2025-12-01;1;329.00;329.00
NES_MSPI-Owned;Regular;661-21993;"Display, iPhone 13 Pro";G9P5265L217PQCKAJ;;2025-12-02;1;279.00;279.00
NES_MSPI-Owned;Regular;661-13569;"Battery, iPhone 11 Pro";F5D531416XBLTDMBD;;2025-12-08;1;89.00;89.00
MRK-MSPI-Owned;Regular;661-13574;"Battery, iPhone 11";F8Y5433CCFAM6YNDB;;2026-04-23;1;46.00;46.00
ABR-MSPI-Owned;Regular;661-17920;"Battery, iPhone 12 and 12 Pro";F8Y5366CCHBQ687B9;;2025-12-12;1;89.00;89.00
NPM-MSPI-Owned;Regular;661-22309;"Display, iPhone 13 Pro Max";G9P5133MP5GPQCLAJ;;2025-12-12;1;329.00;329.00
GL5_MSPI-Owned;Regular;661-18466;"Display, iPhone 12 Pro Max";G9Q5244BJ6RMRY1AZ;;2025-12-15;1;276.00;276.00
POD_MSPI-Owned;Regular;661-21993;"Display, iPhone 13 Pro";G9P5265LN6TPQCKAX;;2025-12-16;1;279.00;279.00
VER_MSPI-Owned;Regular;661-21988;"Display, iPhone 13";GVH53310940PR5PA9;;2025-12-16;1;279.00;279.00
VER_MSPI-Owned;Regular;661-21993;"Display, iPhone 13 Pro";G9P5263L9RTPQCKAP;;2025-12-16;1;279.00;279.00
POD_MSPI-Owned;Regular;661-22294;"Battery, iPhone 13 Pro Max";F8Y5433C0Q713XCBD;;2025-12-17;1;89.00;89.00
POD_MSPI-Owned;Regular;661-22309;"Display, iPhone 13 Pro Max";G9P5347MGL1PQCLAL;;2025-12-19;1;329.00;329.00
VER_MSPI-Owned;Regular;661-21988;"Display, iPhone 13";G9P5254C79ZPR5QA6;;2026-06-08;1;279.00;279.00
POD_MSPI-Owned;Regular;661-14098;"Display, iPhone 11";DKH5443F0NU04FPAC;;2026-01-12;1;199.00;199.00
VER_MSPI-Owned;Regular;661-21993;"Display, iPhone 13 Pro";G9P5263L149PQCKAA;;2025-12-23;1;279.00;279.00
POD_MSPI-Owned;Regular;661-14098;"Display, iPhone 11";DKH5443F09K04FPAS;;2025-12-26;1;169.00;169.00
POD_MSPI-Owned;Regular;661-22309;"Display, iPhone 13 Pro Max";G9P5384MMPHPQCLAF;;2025-12-26;1;329.00;329.00
POD_MSPI-Owned;Regular;661-22293;"Camera, iPhone 13 Pro and 13 Pro Max";DN85075AB49Q1NMDK;;2025-12-26;1;199.00;199.00
FES-MSPI-Owned;Regular;661-22294;"Battery, iPhone 13 Pro Max";F8Y4446C21N13XCBU;;2025-12-27;1;89.00;89.00
FES-MSPI-Owned;Regular;661-22374;"Battery, iPhone 13 mini";F8Y4352C4H914LWC4;;2025-12-27;1;89.00;89.00
FES-MSPI-Owned;Regular;661-10608;"Display, iPhone Xs";G9P105727PMJC465D;;2025-12-27;1;279.00;279.00
FES-MSPI-Owned;Regular;661-10608;"Display, iPhone Xs";G9P1152232TJC465A;;2025-12-27;1;279.00;279.00
FES-MSPI-Owned;Regular;661-10608;"Display, iPhone Xs";G9P11472KRMJC465X;;2025-12-27;1;279.00;279.00
FES-MSPI-Owned;Regular;661-11037;"Display, iPhone Xs Max";G9N9346ZNHXJ4F843;;2025-12-27;1;329.00;329.00
FES-MSPI-Owned;Regular;661-11037;"Display, iPhone Xs Max";G9P1187DD8KJ4F84M;;2025-12-27;1;329.00;329.00
FES-MSPI-Owned;Regular;661-22311;"Display, iPhone 13 mini";GVC25252W7VQ2PHAV;;2025-12-27;1;229.00;229.00
FES-MSPI-Owned;Regular;661-22311;"Display, iPhone 13 mini";GVC34335DETQ2PHAF;;2025-12-27;1;229.00;229.00
FES-MSPI-Owned;Regular;661-22311;"Display, iPhone 13 mini";GVC34362BREQ2PHA3;;2025-12-27;1;229.00;229.00
FES-MSPI-Owned;Regular;661-21993;"Display, iPhone 13 Pro";G9P5171LD0BPQCKA8;;2025-12-27;1;279.00;279.00
FES-MSPI-Owned;Regular;661-21993;"Display, iPhone 13 Pro";G9P4057L98ZPQCKA4;;2025-12-27;1;279.00;279.00
FES-MSPI-Owned;Regular;661-14096;"Display, iPhone 11 Pro";G9P0141W495JMPM6K;;2025-12-27;1;279.00;279.00
FES-MSPI-Owned;Regular;661-14096;"Display, iPhone 11 Pro";G9P0071WERGJMPM6A;;2025-12-27;1;279.00;279.00
FES-MSPI-Owned;Regular;661-14096;"Display, iPhone 11 Pro";G9P0021QH8VJMPM6A;;2025-12-27;1;279.00;279.00
FES-MSPI-Owned;Regular;661-14096;"Display, iPhone 11 Pro";G9P1183A2NQJMPM66;;2025-12-27;1;279.00;279.00
FES-MSPI-Owned;Regular;661-14096;"Display, iPhone 11 Pro";G9P1181AF5HJMPM6K;;2025-12-27;1;279.00;279.00
FES-MSPI-Owned;Regular;661-14098;"Display, iPhone 11";DKH5027G0E104FPAY;;2025-12-27;1;199.00;199.00
FES-MSPI-Owned;Regular;661-14098;"Display, iPhone 11";DKH4473F2QJ04FPA8;;2025-12-27;1;199.00;199.00
FES-MSPI-Owned;Regular;661-14098;"Display, iPhone 11";F7C4213D3LTKV27AE;;2025-12-27;1;199.00;199.00
FES-MSPI-Owned;Regular;661-14098;"Display, iPhone 11";F7C4174C1QJKV27AY;;2025-12-27;1;199.00;199.00
FES-MSPI-Owned;Regular;661-14098;"Display, iPhone 11";F7C4075D5K8KV27AG;;2025-12-27;1;199.00;199.00
FES-MSPI-Owned;Regular;661-14098;"Display, iPhone 11";F7C4213D78SKV27AD;;2025-12-27;1;199.00;199.00
FES-MSPI-Owned;Regular;661-18504;"Display, iPhone 12 Pro";GVH3112FTW4LQHMAP;;2025-12-27;1;279.00;279.00
FES-MSPI-Owned;Regular;661-18503;"Display, iPhone 12";GVH3137K9GCLQHMAJ;;2025-12-27;1;279.00;279.00
FES-MSPI-Owned;Regular;661-18466;"Display, iPhone 12 Pro Max";G9N0425P07HMRY1A6;;2026-05-17;1;329.00;329.00
FES-MSPI-Owned;Regular;661-17940;"Display, iPhone 12 mini";G9N0393G4KGLQHJA2;;2025-12-27;1;229.00;229.00
FES-MSPI-Owned;Regular;661-14099;"Display, iPhone 11 Pro Max";G9P1512C9K2JMPN5A;;2025-12-27;1;329.00;329.00
FES-MSPI-Owned;Regular;661-14099;"Display, iPhone 11 Pro Max";G9P2263CLNBJMPN5Z;;2025-12-27;1;329.00;329.00
FES-MSPI-Owned;Regular;661-14099;"Display, iPhone 11 Pro Max";G9P0463C1ALJMPN5F;;2025-12-27;1;329.00;329.00
FES-MSPI-Owned;Regular;661-14099;"Display, iPhone 11 Pro Max";G9P1526C0HHJMPN53;;2025-12-27;1;329.00;329.00
FES-MSPI-Owned;Regular;661-11232;"Display, iPhone XR";F7C2134T4H2JH41AL;;2025-12-27;1;199.00;199.00
FES-MSPI-Owned;Regular;661-11232;"Display, iPhone XR";C3F1277SALTJLNMA7;;2025-12-27;1;199.00;199.00
FES-MSPI-Owned;Regular;661-11232;"Display, iPhone XR";C3F2023GD7TJLNMAP;;2025-12-27;1;199.00;199.00
FES-MSPI-Owned;Regular;661-11232;"Display, iPhone XR";F7C2264T6BPJH41A5;;2025-12-27;1;199.00;199.00
FES-MSPI-Owned;Regular;661-13114;"Display, iPhone X";FXV95066MRKJ6DX9B;;2025-12-27;1;279.00;279.00
FES-MSPI-Owned;Regular;661-13114;"Display, iPhone X";FXV00957B83J6DX9P;;2025-12-27;1;279.00;279.00
FES-MSPI-Owned;Regular;661-13114;"Display, iPhone X";FXV01138UZWJ6DX9U;;2025-12-27;1;279.00;279.00
FES-MSPI-Owned;Regular;661-13114;"Display, iPhone X";FXV01112F8JJ6DX9C;;2025-12-27;1;279.00;279.00
FES-MSPI-Owned;Regular;661-13114;"Display, iPhone X";FXV01266MK1J6DX94;;2025-12-27;1;279.00;279.00
FES-MSPI-Owned;Regular;661-13114;"Display, iPhone X";FXV01326WN5J6DX9H;;2025-12-27;1;279.00;279.00
FES-MSPI-Owned;Regular;661-13114;"Display, iPhone X";FXV01066NVCJ6DX92;;2025-12-27;1;279.00;279.00
ZAM-MSPI-Owned;Regular;661-22294;"Battery, iPhone 13 Pro Max";F8Y5451C3KV13XCBZ;;2025-12-30;1;46.00;46.00
VER_MSPI-Owned;Regular;661-21996;"Battery, iPhone 13 Pro";F8Y5286C0GP13RHCF;;2026-06-08;1;46.00;46.00
CEB-MSPI-Owned;Regular;661-13569;"Battery, iPhone 11 Pro";F5D538609S8LTDMB8;;2025-12-30;1;89.00;89.00
POD_MSPI-Owned;Regular;661-22293;"Camera, iPhone 13 Pro and 13 Pro Max";DN85076A4F5Q1NMDW;;2026-01-03;1;199.00;199.00
VER_MSPI-Owned;Regular;661-13569;"Battery, iPhone 11 Pro";F5D53170H24LTDMBU;;2026-01-05;1;89.00;89.00
VER_MSPI-Owned;Regular;661-21988;"Display, iPhone 13";G9P5372CG20PR5QAC;;2026-01-05;1;279.00;279.00
POD_MSPI-Owned;Regular;661-22293;"Camera, iPhone 13 Pro and 13 Pro Max";DN84196FSL5Q1NMD8;;2026-01-06;1;151.00;151.00
NPM-MSPI-Owned;Regular;661-22311;"Display, iPhone 13 mini";G9Q5305BELRPRRDA8;;2026-01-07;1;192.00;192.00
VER_MSPI-Owned;Regular;661-13569;"Battery, iPhone 11 Pro";F5D53130SFYLTDMBQ;;2026-01-08;1;46.00;46.00
VER_MSPI-Owned;Regular;661-21993;"Display, iPhone 13 Pro";G9P5305LBGJPQCKA4;;2026-01-08;1;279.00;279.00
POD_MSPI-Owned;Regular;661-21996;"Battery, iPhone 13 Pro";F8Y5475CCLA13RHC6;;2026-01-12;1;46.00;46.00
ZAM-MSPI-Owned;Regular;661-21993;"Display, iPhone 13 Pro";G9P5264LGN2PQCKAF;;2026-01-12;1;279.00;279.00
NES_MSPI-Owned;Regular;661-13624;"Battery, iPhone 11 Pro Max";F8Y5364C2N6MD2CBS;;2026-01-13;1;89.00;89.00
VER_MSPI-Owned;Regular;661-13574;"Battery, iPhone 11";F8Y544C0WSM6YNDU;;2026-01-15;1;89.00;89.00
ILO-MSPI-Owned;Regular;661-21988;"Display, iPhone 13";"FOR DELETE";;2026-01-17;1;;
VER_MSPI-Owned;Regular;661-21993;"Display, iPhone 13 Pro";G9P5264L8L1PQCKAW;;2026-01-20;1;279.00;279.00
ZAM-MSPI-Owned;Regular;661-13574;"Battery, iPhone 11";F8Y5433CDPWM6YND0;;2026-01-20;1;46.00;46.00
ZAM-MSPI-Owned;Regular;661-13574;"Battery, iPhone 11";F8Y5393C125M6YNDF;;2026-01-20;1;46.00;46.00
VER_MSPI-Owned;Regular;661-21993;"Display, iPhone 13 Pro";G9P4465L0LYPQCKA7;;2026-01-20;1;279.00;279.00
POD_MSPI-Owned;Regular;661-21991;"Battery, iPhone 13";F8Y5447C5Q318FKB7;;2026-02-13;1;46.00;46.00
POD_MSPI-Owned;Regular;661-22374;"Battery, iPhone 13 mini";F8Y5372C4PS14LWCU;;2026-02-13;1;46.00;46.00
POD_MSPI-Owned;Regular;661-22311;"Display, iPhone 13 mini";G9Q5305B3HKPRRDA0;;2026-01-27;1;192.00;192.00
POD_MSPI-Owned;Regular;661-21996;"Battery, iPhone 13 Pro";F8Y5475CB1D13RHCT;;2026-02-13;1;46.00;46.00
SMS_MSPI-Owned;Regular;661-22294;"Battery, iPhone 13 Pro Max";F8Y5275C3DH13XCBM;;2026-01-28;1;46.00;46.00
POD_MSPI-Owned;Regular;661-22294;"Battery, iPhone 13 Pro Max";F8Y5441C34113XCB7;;2026-01-30;1;46.00;46.00
ABR-MSPI-Owned;Regular;661-17939;"Battery, iPhone 12 mini";F8Y5496C4G302JNBF;;2026-01-31;1;89.00;89.00
POD_MSPI-Owned;Regular;661-21991;"Battery, iPhone 13";F8Y5506CJ2118FKB6;;2026-02-03;1;46.00;46.00
NES_MSPI-Owned;Regular;661-05755;"Battery, iPhone 7 Plus";F8Y416202VFH86CBA;;2026-02-12;1;69.00;69.00
NES_MSPI-Owned;Regular;661-05755;"Battery, iPhone 7 Plus";F8Y3097B3S3H86CBM;;2026-02-12;1;69.00;69.00
NES_MSPI-Owned;Regular;661-05755;"Battery, iPhone 7 Plus";F8Y3097B3D2H86CBT;;2026-02-12;1;69.00;69.00
NES_MSPI-Owned;Regular;661-05755;"Battery, iPhone 7 Plus";F8Y3097B2KAH86CB2;;2026-02-12;1;69.00;69.00
NES_MSPI-Owned;Regular;661-05421;"BATTERY IPHONE 7";F5D308320AFH885BM;;2026-02-12;1;69.00;69.00
NES_MSPI-Owned;Regular;661-05421;"BATTERY IPHONE 7";F5D30276A7DH885BQ;;2026-02-12;1;69.00;69.00
NES_MSPI-Owned;Regular;661-05421;"BATTERY IPHONE 7";F5D30276669H885B1;;2026-02-12;1;69.00;69.00
NES_MSPI-Owned;Regular;661-05421;"BATTERY IPHONE 7";F5D219641WFH885BJ;;2026-02-12;1;69.00;69.00
POD_MSPI-Owned;Regular;661-37207;"Battery, iPhone 15 Plus";F8YHNVC03KD00006U0;;2026-02-13;1;99.00;99.00
POD_MSPI-Owned;Regular;661-37207;"Battery, iPhone 15 Plus";F8YHNVC00NV00006U0;;2026-02-13;1;99.00;99.00
POD_MSPI-Owned;Regular;661-30373;"Battery, iPhone 14";F8Y5514C13P231LB6;;2026-02-13;1;99.00;99.00
ABR-MSPI-Owned;Regular;661-32232;"Rear Camera, iPhone 13/mini, MICN";GCF516607U4Q59TB8;;2026-02-16;1;169.00;169.00
ABR-MSPI-Owned;Regular;661-32232;"Rear Camera, iPhone 13/mini, MICN";GCF51660TGLQ59TB8;;2026-02-16;1;169.00;169.00
FES-MSPI-Owned;Regular;661-21996;"Battery, iPhone 13 Pro";F8Y5503C1CW13RHC9;;2026-02-18;1;46.00;46.00
CEB-MSPI-Owned;Regular;661-11232;"Display, iPhone XR";C3F5125G0MEJLNMAV;;2026-02-19;1;199.00;199.00
NES_MSPI-Owned;Regular;661-30401;"Display, iPhone 14 Pro Max";G9P5181N9A614YDAA;;2026-02-21;1;379.00;379.00
NES_MSPI-Owned;Regular;661-30390;"Display, iPhone 14 Plus";G9P4415BP4M1C9FA6;;2026-02-21;1;329.00;329.00
NES_MSPI-Owned;Regular;661-30366;"Display, iPhone 14";G9Q5181E8C41502A0;;2026-02-21;1;279.00;279.00
NES_MSPI-Owned;Regular;661-29370;"Display, iPhone 14 Pro";G9P5271P54614YCAY;;2026-02-21;1;329.00;329.00
ILO-MSPI-Owned;Regular;661-22374;"Battery, iPhone 13 mini";661-22374;;2026-02-21;1;46.00;46.00
ILO-MSPI-Owned;Regular;661-17939;"Battery, iPhone 12 mini";F8Y5496C34F02JNB6;;2026-02-21;1;89.00;89.00
ILO-MSPI-Owned;Regular;661-13624;"Battery, iPhone 11 Pro Max";F8Y5364C0WEMD2CBW;;2026-02-21;1;89.00;89.00
MEG-MSPI-Owned;Regular;661-21993;"Display, iPhone 13 Pro";G9P5162L8A2PQCKAU;;2026-02-21;1;279.00;279.00
MEG-MSPI-Owned;Regular;661-21988;"Display, iPhone 13";G9Q5182F3N8PR5QAE;;2026-02-21;1;279.00;279.00
MEG-MSPI-Owned;Regular;661-21988;"Display, iPhone 13";G9Q5175CJLJPR5QA4;;2026-02-21;1;279.00;279.00
MOA-MSPI-Owned;Regular;661-37213;"Display, iPhone 15 Plus";G9Q5307SE761PHMA1;;2026-02-21;1;329.00;329.00
MOA-MSPI-Owned;Regular;661-37213;"Display, iPhone 15 Plus";G9Q5315SNMS1PHMAY;;2026-02-21;1;329.00;329.00
MOA-MSPI-Owned;Regular;661-35699;"Display, iPhone 15 Pro";G9P5234R62Z1PHPAU;;2026-02-21;1;329.00;329.00
MOA-MSPI-Owned;Regular;661-30390;"Display, iPhone 14 Plus";G9P4416BG1E1C9FAU;;2026-02-21;1;329.00;329.00
TRI-MSPI-Owned;Regular;661-30390;"Display, iPhone 14 Plus";G9P2317EF5T1C9FA1;;2026-02-21;1;329.00;329.00
TRI-MSPI-Owned;Regular;661-29370;"Display, iPhone 14 Pro";G9P5267PBEV14YCA4;;2026-02-21;1;329.00;329.00
TRI-MSPI-Owned;Regular;661-21993;"Display, iPhone 13 Pro";G9P5162LL3PPQCKAG;;2026-02-21;1;279.00;279.00
POD_MSPI-Owned;Regular;661-37213;"Display, iPhone 15 Plus";G9Q5315S1C51PHMAZ;;2026-02-21;1;329.00;329.00
POD_MSPI-Owned;Regular;661-36706;"Display, iPhone 15";G9Q5392UKKC21KHAB;;2026-02-21;1;279.00;279.00
POD_MSPI-Owned;Regular;661-36706;"Display, iPhone 15";G9Q5345UL1A21KHAA;;2026-02-21;1;279.00;279.00
POD_MSPI-Owned;Regular;661-35699;"Display, iPhone 15 Pro";G9P5234RBKA1PHPAV;;2026-02-21;1;329.00;329.00
POD_MSPI-Owned;Regular;661-35699;"Display, iPhone 15 Pro";G9P5233R3431PHPAN;;2026-02-21;1;329.00;329.00
POD_MSPI-Owned;Regular;661-29370;"Display, iPhone 14 Pro";G9P5271P61Y14YCAE;;2026-02-21;1;329.00;329.00
POD_MSPI-Owned;Regular;661-29370;"Display, iPhone 14 Pro";G9P5267PNGV14YCAM;;2026-02-21;1;329.00;329.00
POD_MSPI-Owned;Regular;661-21988;"Display, iPhone 13";G9Q5173PPEYPR5QA6;;2026-02-21;1;279.00;279.00
FES-MSPI-Owned;Regular;661-29370;"Display, iPhone 14 Pro";G9P5267PM9814YCAW;;2026-02-21;1;329.00;329.00
FES-MSPI-Owned;Regular;661-21993;"Display, iPhone 13 Pro";G9P5162LP6GPQCKAB;;2026-02-21;1;279.00;279.00
FES-MSPI-Owned;Regular;661-36915;"Display, iPhone 15 Pro Max";G9P5322QAKL1PHRAR;;2026-02-21;1;379.00;379.00
FES-MSPI-Owned;Regular;661-36915;"Display, iPhone 15 Pro Max";G9P5317Q67Y1PHRAH;;2026-02-21;1;379.00;379.00
FES-MSPI-Owned;Regular;661-36706;"Display, iPhone 15";G9Q5375UE8U21KHA2;;2026-02-21;1;279.00;279.00
FES-MSPI-Owned;Regular;661-36706;"Display, iPhone 15";G9Q5392UFG121KHA1;;2026-02-21;1;279.00;279.00
FES-MSPI-Owned;Regular;661-35699;"Display, iPhone 15 Pro";G9P5235R3QB1PHPAL;;2026-02-21;1;329.00;329.00
FES-MSPI-Owned;Regular;661-35699;"Display, iPhone 15 Pro";G9P5267R1PW1PHPAV;;2026-02-21;1;329.00;329.00
FES-MSPI-Owned;Regular;661-30390;"Display, iPhone 14 Plus";G9P4422B6FV1C9FAG;;2026-02-21;1;329.00;329.00
VER_MSPI-Owned;Regular;661-30390;"Display, iPhone 14 Plus";G9P4417BA3L1C9FAM;;2026-02-21;1;329.00;329.00
VER_MSPI-Owned;Regular;661-30390;"Display, iPhone 14 Plus";G9P5175BPHF1C9FAP;;2026-02-21;1;329.00;329.00
VER_MSPI-Owned;Regular;661-29370;"Display, iPhone 14 Pro";G9P5262PH9B14YCA2;;2026-02-21;1;329.00;329.00
VER_MSPI-Owned;Regular;661-21988;"Display, iPhone 13";G9Q5172PPKLPR5QA4;;2026-02-21;1;279.00;279.00
VER_MSPI-Owned;Regular;661-22309;"Display, iPhone 13 Pro Max";G9P5384MG7GPQCLA1;;2026-02-21;1;329.00;329.00
VER_MSPI-Owned;Regular;661-22309;"Display, iPhone 13 Pro Max";G9P5351MPK7PQCLAD;;2026-02-21;1;329.00;329.00
ANX-MSPI-Owned;Regular;661-30390;"Display, iPhone 14 Plus";G9Q2377W05T1C9FAH;;2026-02-21;1;329.00;329.00
GL5_MSPI-Owned;Regular;661-36915;"Display, iPhone 15 Pro Max";G9P5295QG8L1PHRAV;;2026-02-22;1;379.00;379.00
GL5_MSPI-Owned;Regular;661-35699;"Display, iPhone 15 Pro";G9P5232R10H1PHPAP;;2026-02-22;1;329.00;329.00
GL5_MSPI-Owned;Regular;661-30390;"Display, iPhone 14 Plus";G9Q2337T89A1C9FA1;;2026-02-22;1;329.00;329.00
GL5_MSPI-Owned;Regular;661-21988;"Display, iPhone 13";G9Q5183P0RXPR5QAU;;2026-03-16;1;139.50;139.50
MAG-MSPI-Owned;Regular;661-30390;"Display, iPhone 14 Plus";G9Q3111XJM71C9FAR;;2026-02-22;1;329.00;329.00
GB3-MSPI-Owned;Regular;661-21993;"Display, iPhone 13 Pro";G9P5162LJ4HPQCKAM;;2026-02-22;1;279.00;279.00
SMS_MSPI-Owned;Regular;661-29370;"Display, iPhone 14 Pro";G9P5215P07Q14YCAQ;;2026-02-22;1;329.00;329.00
SMS_MSPI-Owned;Regular;661-29370;"Display, iPhone 14 Pro";G9P5217P75714YCA4;;2026-02-22;1;329.00;329.00
SMS_MSPI-Owned;Regular;661-37213;"Display, iPhone 15 Plus";G9Q5312S3D71PHMAV;;2026-02-22;1;329.00;329.00
SMS_MSPI-Owned;Regular;661-37213;"Display, iPhone 15 Plus";G9Q5217S5A91PHMAW;;2026-02-22;1;329.00;329.00
SMS_MSPI-Owned;Regular;661-36915;"Display, iPhone 15 Pro Max";G9P5321Q7551PHRAJ;;2026-02-22;1;379.00;379.00
SMS_MSPI-Owned;Regular;661-36706;"Display, iPhone 15";G9Q5393UG2N21KHAL;;2026-02-22;1;279.00;279.00
SMS_MSPI-Owned;Regular;661-35699;"Display, iPhone 15 Pro";G9P5271RDMD1PHPA9;;2026-02-22;1;329.00;329.00
SMS_MSPI-Owned;Regular;661-35699;"Display, iPhone 15 Pro";G9P5234RK2C1PHPA2;;2026-02-22;1;329.00;329.00
SMS_MSPI-Owned;Regular;661-30401;"Display, iPhone 14 Pro Max";G9P5182NPRJ14YDA6;;2026-02-22;1;379.00;379.00
SMS_MSPI-Owned;Regular;661-30401;"Display, iPhone 14 Pro Max";G9P5183NKN114YDA1;;2026-02-22;1;379.00;379.00
MRK-MSPI-Owned;Regular;661-36706;"Display, iPhone 15";G9Q5382UN6V21KHAZ;;2026-02-22;1;279.00;279.00
MRK-MSPI-Owned;Regular;661-30390;"Display, iPhone 14 Plus";G9P4415BN0Z1C9FA7;;2026-02-22;1;329.00;329.00
MRK-MSPI-Owned;Regular;661-30366;"Display, iPhone 14";G9Q5173EN661502A3;;2026-02-22;1;279.00;279.00
MRK-MSPI-Owned;Regular;661-21993;"Display, iPhone 13 Pro";G9P5162LP96PQCKAC;;2026-02-22;1;279.00;279.00
MRK-MSPI-Owned;Regular;661-21988;"Display, iPhone 13";G9Q5174FGHUPR5QAX;;2026-02-22;1;279.00;279.00
MRK-MSPI-Owned;Regular;661-21988;"Display, iPhone 13";G9Q5182PMN2PR5QAC;;2026-02-22;1;279.00;279.00
MRK-MSPI-Owned;Regular;661-18428;"Battery, iPhone 12 Pro Max";F8Y5501C2MGQ4C2BJ;;2026-02-23;1;46.00;46.00
GL5_MSPI-Owned;Regular;661-30397;"Battery, iPhone 14 Pro Max";F8Y5466C0AF20J9B9;;2026-02-23;1;51.00;51.00
SMS_MSPI-Owned;Regular;661-21991;"Battery, iPhone 13";F8Y5456C10R18FKBR;;2026-02-24;1;46.00;46.00
SMS_MSPI-Owned;Regular;661-22374;"Battery, iPhone 13 mini";F8Y5473C64Z14LWC6;;2026-02-24;1;46.00;46.00
POD_MSPI-Owned;Regular;661-21996;"Battery, iPhone 13 Pro";F8Y5497C42W13RHC6;;2026-02-24;1;89.00;89.00
BHS_MSPI-Owned;Regular;661-21993;"Display, iPhone 13 Pro";G9P5162LK8EPQCKAB;;2026-02-25;1;279.00;279.00
TRI-MSPI-Owned;Regular;661-30394;"Battery, iPhone 14 Plus";F8Y6031C3EL237KBQ;;2026-02-26;1;51.00;51.00
SMS_MSPI-Owned;Regular;661-13569;"Battery, iPhone 11 Pro";F5D53870A1JLTDMB3;;2026-02-27;1;46.00;46.00
TRI-MSPI-Owned;Regular;661-30401;"Display, iPhone 14 Pro Max";G9P5256NNEZ14YDAV;;2026-02-27;1;379.00;379.00
TRI-MSPI-Owned;Regular;661-35699;"Display, iPhone 15 Pro";G9P5241R52Y1PHPAW;;2026-02-27;1;329.00;329.00
TRI-MSPI-Owned;Regular;661-36706;"Display, iPhone 15";G9Q5347UCPN21KHA6;;2026-02-27;1;279.00;279.00
TRI-MSPI-Owned;Regular;661-56064;"Battery, iPhone 17";F8YHKQ00VTQ0001510;;2026-02-27;1;99.00;99.00
TRI-MSPI-Owned;Regular;661-56056;"Battery, eSIM, iPhone 17 Pro Max";FG9HKT00T8W00015Y1;;2026-02-27;1;119.00;119.00
TRI-MSPI-Owned;Regular;661-56121;"Battery, pSIM, iPhone 17 Pro";F8YHKT01B7U000161P;;2026-02-27;1;119.00;119.00
TRI-MSPI-Owned;Regular;661-55235;"Battery, iPhone Air";F8YHKKY0J9900017SP;;2026-02-27;1;119.00;119.00
TRI-MSPI-Owned;Regular;661-42720;"Battery, iPhone 16 Pro";F8YHN7A04850000RZ2;;2026-02-27;1;119.00;119.00
TRI-MSPI-Owned;Regular;661-44796;"Battery, iPhone 16";FG9HM5003B80000R3T;;2026-02-27;1;99.00;99.00
TRI-MSPI-Owned;Regular;661-42837;"Battery, iPhone 16 Plus";F8YHLS00LA70000RSS;;2026-02-27;1;99.00;99.00
VER_MSPI-Owned;Regular;661-37213;"Display, iPhone 15 Plus";G9Q5226SA0X1PHMAX;;2026-02-27;1;329.00;329.00
VER_MSPI-Owned;Regular;661-37213;"Display, iPhone 15 Plus";G9Q5313S65W1PHMAS;;2026-02-27;1;329.00;329.00
VER_MSPI-Owned;Regular;661-55235;"Battery, iPhone Air";F8YHKKY0JA100017SP;;2026-02-27;1;119.00;119.00
VER_MSPI-Owned;Regular;661-56121;"Battery, pSIM, iPhone 17 Pro";F8YHKS00ZBN000161P;;2026-02-27;1;119.00;119.00
VER_MSPI-Owned;Regular;661-56056;"Battery, eSIM, iPhone 17 Pro Max";FG9HKT00VCH00015Y1;;2026-02-27;1;119.00;119.00
VER_MSPI-Owned;Regular;661-56064;"Battery, iPhone 17";F8YHKR00B8L0001510;;2026-02-27;1;99.00;99.00
MAG-MSPI-Owned;Regular;661-37213;"Display, iPhone 15 Plus";G9Q5315S1MJ1PHMAT;;2026-02-27;1;329.00;329.00
MAG-MSPI-Owned;Regular;661-37207;"Battery, iPhone 15 Plus";F8YHNVC03M000006U0;;2026-02-27;1;99.00;99.00
MAG-MSPI-Owned;Regular;661-44796;"Battery, iPhone 16";FG9HM5001KZ0000R3T;;2026-02-27;1;99.00;99.00
MAG-MSPI-Owned;Regular;661-42720;"Battery, iPhone 16 Pro";F8YHN7A04810000RZ2;;2026-02-27;1;119.00;119.00
MAG-MSPI-Owned;Regular;661-44954;"Battery, iPhone 16 Pro Max";F8YHLQH030R0000UMJ;;2026-02-27;1;119.00;119.00
MAG-MSPI-Owned;Regular;661-42837;"Battery, iPhone 16 Plus";F8YHLS00KZN0000RSS;;2026-02-27;1;99.00;99.00
MAG-MSPI-Owned;Regular;661-56056;"Battery, eSIM, iPhone 17 Pro Max";FG9HKT00TEU00015Y1;;2026-02-27;1;119.00;119.00
MAG-MSPI-Owned;Regular;661-56121;"Battery, pSIM, iPhone 17 Pro";F8YHKT00YDV000161P;;2026-02-27;1;119.00;119.00
MAG-MSPI-Owned;Regular;661-55235;"Battery, iPhone Air";F8YHKKY006600017SP;;2026-02-27;1;119.00;119.00
NES_MSPI-Owned;Regular;661-36706;"Display, iPhone 15";G9Q5384U56G21KHAT;;2026-02-28;1;279.00;279.00
NES_MSPI-Owned;Regular;661-56121;"Battery, pSIM, iPhone 17 Pro";F8YHKT018QC000161P;;2026-02-28;1;119.00;119.00
NES_MSPI-Owned;Regular;661-56056;"Battery, eSIM, iPhone 17 Pro Max";FG9HKT00TF300015Y1;;2026-02-28;1;119.00;119.00
NES_MSPI-Owned;Regular;661-56064;"Battery, iPhone 17";F8YHKR00B990001510;;2026-02-28;1;99.00;99.00
NES_MSPI-Owned;Regular;661-44796;"Battery, iPhone 16";FG9HM5001KQ0000R3T;;2026-02-28;1;99.00;99.00
NES_MSPI-Owned;Regular;661-42837;"Battery, iPhone 16 Plus";F8YHLS00HFP0000RSS;;2026-02-28;1;99.00;99.00
NES_MSPI-Owned;Regular;661-44954;"Battery, iPhone 16 Pro Max";F8YHLPH01GB0000UMJ;;2026-02-28;1;119.00;119.00
ANX-MSPI-Owned;Regular;661-29370;"Display, iPhone 14 Pro";G9P5216P4P414YCAR;;2026-02-28;1;329.00;329.00
ANX-MSPI-Owned;Regular;661-37213;"Display, iPhone 15 Plus";G9Q5312SD1B1PHMAH;;2026-02-28;1;329.00;329.00
ANX-MSPI-Owned;Regular;661-56056;"Battery, eSIM, iPhone 17 Pro Max";FG9HKT00T9B00015Y1;;2026-02-28;1;119.00;119.00
ANX-MSPI-Owned;Regular;661-56064;"Battery, iPhone 17";F8YHKR00B920001510;;2026-02-28;1;99.00;99.00
ANX-MSPI-Owned;Regular;661-56121;"Battery, pSIM, iPhone 17 Pro";F8YHKT016TY000161P;;2026-02-28;1;119.00;119.00
ANX-MSPI-Owned;Regular;661-55235;"Battery, iPhone Air";F8YHKLY0QWH00017SP;;2026-02-28;1;119.00;119.00
ANX-MSPI-Owned;Regular;661-37207;"Battery, iPhone 15 Plus";F8YHNVC00NK00006U0;;2026-02-28;1;99.00;99.00
ANX-MSPI-Owned;Regular;661-42837;"Battery, iPhone 16 Plus";F8YHLS00HS30000RSS;;2026-02-28;1;99.00;99.00
ANX-MSPI-Owned;Regular;661-42720;"Battery, iPhone 16 Pro";F8YHN7A04870000RZ2;;2026-02-28;1;119.00;119.00
PPM-MSPI-Owned;Regular;661-55235;"Battery, iPhone Air";F8YHKLY0RJ000017SP;;2026-02-28;1;119.00;119.00
PPM-MSPI-Owned;Regular;661-56121;"Battery, pSIM, iPhone 17 Pro";F8YHKT011PY000161P;;2026-02-28;1;119.00;119.00
PPM-MSPI-Owned;Regular;661-30390;"Display, iPhone 14 Plus";G9P4416BBG91C9FAT;;2026-02-28;1;329.00;329.00
PPM-MSPI-Owned;Regular;661-56064;"Battery, iPhone 17";F8YHKR00B4A0001510;;2026-02-28;1;99.00;99.00
PPM-MSPI-Owned;Regular;661-56056;"Battery, eSIM, iPhone 17 Pro Max";FG9HKT00SST00015Y1;;2026-02-28;1;119.00;119.00
PPM-MSPI-Owned;Regular;661-42837;"Battery, iPhone 16 Plus";F8YHLS00L7B0000RSS;;2026-02-28;1;99.00;99.00
PPM-MSPI-Owned;Regular;661-44954;"Battery, iPhone 16 Pro Max";F8YHLQH02Z90000UMJ;;2026-02-28;1;119.00;119.00
POD_MSPI-Owned;Regular;661-56056;"Battery, eSIM, iPhone 17 Pro Max";FG9HKT00TL100015Y1;;2026-02-28;1;119.00;119.00
POD_MSPI-Owned;Regular;661-56064;"Battery, iPhone 17";F8YHKR00B8F0001510;;2026-02-28;1;99.00;99.00
POD_MSPI-Owned;Regular;661-55235;"Battery, iPhone Air";F8YHKLY0QWA00017SP;;2026-02-28;1;119.00;119.00
POD_MSPI-Owned;Regular;661-56121;"Battery, pSIM, iPhone 17 Pro";F8YHKS011H3000161P;;2026-02-28;1;119.00;119.00
POD_MSPI-Owned;Regular;661-44796;"Battery, iPhone 16";FG9HM5003AT0000R3T;;2026-02-28;1;99.00;99.00
POD_MSPI-Owned;Regular;661-44796;"Battery, iPhone 16";FG9HM5003B10000R3T;;2026-02-28;1;99.00;99.00
POD_MSPI-Owned;Regular;661-42720;"Battery, iPhone 16 Pro";F8YHN7A047Z0000RZ2;;2026-02-28;1;119.00;119.00
POD_MSPI-Owned;Regular;661-42837;"Battery, iPhone 16 Plus";F8YHLS00L340000RSS;;2026-02-28;1;99.00;99.00
POD_MSPI-Owned;Regular;661-44954;"Battery, iPhone 16 Pro Max";F8YHLQH03VH0000UMJ;;2026-02-28;1;119.00;119.00
BHS_MSPI-Owned;Regular;661-56064;"Battery, iPhone 17";F8YHKR00B5H0001510;;2026-02-28;1;99.00;99.00
BHS_MSPI-Owned;Regular;661-56056;"Battery, eSIM, iPhone 17 Pro Max";FG9HKT00SSP00015Y1;;2026-02-28;1;119.00;119.00
BHS_MSPI-Owned;Regular;661-56121;"Battery, pSIM, iPhone 17 Pro";F8YHKS00Z83000161P;;2026-02-28;1;119.00;119.00
BHS_MSPI-Owned;Regular;661-55235;"Battery, iPhone Air";F8YHKLY0QYQ00017SP;;2026-02-28;1;119.00;119.00
BHS_MSPI-Owned;Regular;661-37213;"Display, iPhone 15 Plus";G9Q5217S08F1PHMA1;;2026-02-28;1;329.00;329.00
BHS_MSPI-Owned;Regular;661-30366;"Display, iPhone 14";G9Q5181E6E71502AT;;2026-02-28;1;279.00;279.00
BHS_MSPI-Owned;Regular;661-30390;"Display, iPhone 14 Plus";G9P5175B4031C9FA3;;2026-02-28;1;329.00;329.00
BHS_MSPI-Owned;Regular;661-36706;"Display, iPhone 15";G9Q5393UGL921KHAD;;2026-02-28;1;279.00;279.00
BHS_MSPI-Owned;Regular;661-44954;"Battery, iPhone 16 Pro Max";F8YHLQH04YE0000UMJ;;2026-02-28;1;119.00;119.00
BHS_MSPI-Owned;Regular;661-37207;"Battery, iPhone 15 Plus";F8YHNVC03KE00006U0;;2026-02-28;1;99.00;99.00
BHS_MSPI-Owned;Regular;661-42720;"Battery, iPhone 16 Pro";F8YHN7A047Y0000RZ2;;2026-02-28;1;119.00;119.00
BHS_MSPI-Owned;Regular;661-44796;"Battery, iPhone 16";FG9HM5001KJ0000R3T;;2026-02-28;1;99.00;99.00
BHS_MSPI-Owned;Regular;661-42837;"Battery, iPhone 16 Plus";F8YHLS00H6D0000RSS;;2026-02-28;1;99.00;99.00
BHS_MSPI-Owned;Regular;661-30373;"Battery, iPhone 14";F8Y5514C297231LB3;;2026-02-28;1;99.00;99.00
BHS_MSPI-Owned;Regular;661-30394;"Battery, iPhone 14 Plus";F8Y5457C2H8237KBF;;2026-02-28;1;99.00;99.00
MRK-MSPI-Owned;Regular;661-37213;"Display, iPhone 15 Plus";G9Q5225S0QR1PHMAA;;2026-02-28;1;329.00;329.00
MRK-MSPI-Owned;Regular;661-37213;"Display, iPhone 15 Plus";G9Q5313S3HL1PHMA3;;2026-02-28;1;329.00;329.00
MRK-MSPI-Owned;Regular;661-56064;"Battery, iPhone 17";F8YHKR00B850001510;;2026-02-28;1;99.00;99.00
MRK-MSPI-Owned;Regular;661-56056;"Battery, eSIM, iPhone 17 Pro Max";FG9HKT00TKK00015Y1;;2026-02-28;1;119.00;119.00
MRK-MSPI-Owned;Regular;661-56121;"Battery, pSIM, iPhone 17 Pro";F8YHKT016KH000161P;;2026-02-28;1;119.00;119.00
MRK-MSPI-Owned;Regular;661-55235;"Battery, iPhone Air";F8YHKJY108K00017SP;;2026-02-28;1;119.00;119.00
MRK-MSPI-Owned;Regular;661-42720;"Battery, iPhone 16 Pro";F8YHN7A048C0000RZ2;;2026-02-28;1;119.00;119.00
MRK-MSPI-Owned;Regular;661-42837;"Battery, iPhone 16 Plus";F8YHLS00K850000RSS;;2026-02-28;1;99.00;99.00
MRK-MSPI-Owned;Regular;661-22294;"Battery, iPhone 13 Pro Max";F8Y5275C1B313XCB9;;2026-02-28;1;;
GB3-MSPI-Owned;Regular;661-42720;"Battery, iPhone 16 Pro";F8YHN7A04890000RZ2;;2026-02-28;1;119.00;119.00
GB3-MSPI-Owned;Regular;661-44796;"Battery, iPhone 16";FG9HM5003DE0000R3T;;2026-02-28;1;99.00;99.00
GB3-MSPI-Owned;Regular;661-42837;"Battery, iPhone 16 Plus";F8YHLS00KL20000RSS;;2026-02-28;1;99.00;99.00
GB3-MSPI-Owned;Regular;661-56056;"Battery, eSIM, iPhone 17 Pro Max";FG9HKT00VCL00015Y1;;2026-02-28;1;119.00;119.00
GB3-MSPI-Owned;Regular;661-55235;"Battery, iPhone Air";F8YHKMY0AC000017SP;;2026-02-28;1;119.00;119.00
GB3-MSPI-Owned;Regular;661-56121;"Battery, pSIM, iPhone 17 Pro";F8YHKS00VA2000161P;;2026-02-28;1;119.00;119.00
GB3-MSPI-Owned;Regular;661-56064;"Battery, iPhone 17";F8YHKR00B950001510;;2026-02-28;1;99.00;99.00
GB3-MSPI-Owned;Regular;661-30390;"Display, iPhone 14 Plus";G9P4421BFNQ1C9FAS;;2026-02-28;1;329.00;329.00
GB3-MSPI-Owned;Regular;661-30366;"Display, iPhone 14";G9Q5177EC751502A7;;2026-02-28;1;279.00;279.00
GB3-MSPI-Owned;Regular;661-37213;"Display, iPhone 15 Plus";G9Q5314SGAD1PHMAH;;2026-02-28;1;329.00;329.00
GB3-MSPI-Owned;Regular;661-36915;"Display, iPhone 15 Pro Max";G9P5323Q6S01PHRAT;;2026-02-28;1;379.00;379.00
MEG-MSPI-Owned;Regular;661-30390;"Display, iPhone 14 Plus";G9P5082BCJ41C9FA9;;2026-02-28;1;329.00;329.00
MEG-MSPI-Owned;Regular;661-29370;"Display, iPhone 14 Pro";G9P5217PCD114YCAF;;2026-02-28;1;329.00;329.00
MEG-MSPI-Owned;Regular;661-30401;"Display, iPhone 14 Pro Max";G9P5172N2BS14YDAW;;2026-02-28;1;379.00;379.00
MEG-MSPI-Owned;Regular;661-37213;"Display, iPhone 15 Plus";G9Q5311SBKM1PHMAQ;;2026-02-28;1;329.00;329.00
MEG-MSPI-Owned;Regular;661-36706;"Display, iPhone 15";G9Q5395U07G21KHAR;;2026-02-28;1;279.00;279.00
MEG-MSPI-Owned;Regular;661-35699;"Display, iPhone 15 Pro";G9P5267R9ML1PHPA3;;2026-02-28;1;329.00;329.00
MEG-MSPI-Owned;Regular;661-56121;"Battery, pSIM, iPhone 17 Pro";F8YHKS0104K000161P;;2026-02-28;1;119.00;119.00
MEG-MSPI-Owned;Regular;661-56056;"Battery, eSIM, iPhone 17 Pro Max";FG9HKT00TEX00015Y1;;2026-02-28;1;119.00;119.00
MEG-MSPI-Owned;Regular;661-55235;"Battery, iPhone Air";F8YHKLY0QYS00017SP;;2026-02-28;1;119.00;119.00
MEG-MSPI-Owned;Regular;661-37207;"Battery, iPhone 15 Plus";F8YHNVC00NN00006U0;;2026-02-28;1;99.00;99.00
MEG-MSPI-Owned;Regular;661-44796;"Battery, iPhone 16";FG9HM5001JV0000R3T;;2026-02-28;1;99.00;99.00
MEG-MSPI-Owned;Regular;661-42720;"Battery, iPhone 16 Pro";F8YHN7A04880000RZ2;;2026-02-28;1;119.00;119.00
MEG-MSPI-Owned;Regular;661-42837;"Battery, iPhone 16 Plus";F8YHLS00HZL0000RSS;;2026-02-28;1;99.00;99.00
MEG-MSPI-Owned;Regular;661-44954;"Battery, iPhone 16 Pro Max";F8YHLQH02BF0000UMJ;;2026-02-28;1;119.00;119.00
MEG-MSPI-Owned;Regular;661-56064;"Battery, iPhone 17";F8YHKR00B980001510;;2026-02-28;1;99.00;99.00
GL5_MSPI-Owned;Regular;661-44796;"Battery, iPhone 16";FG9HM5003B00000R3T;;2026-02-28;1;99.00;99.00
GL5_MSPI-Owned;Regular;661-44796;"Battery, iPhone 16";FG9HM5003B50000R3T;;2026-02-28;1;99.00;99.00
GL5_MSPI-Owned;Regular;661-56056;"Battery, eSIM, iPhone 17 Pro Max";FG9HKT00SKJ00015Y1;;2026-02-28;1;119.00;119.00
GL5_MSPI-Owned;Regular;661-55235;"Battery, iPhone Air";F8YHKLY0RL200017SP;;2026-02-28;1;119.00;119.00
GL5_MSPI-Owned;Regular;661-56121;"Battery, pSIM, iPhone 17 Pro";F8YHKS0104A000161P;;2026-02-28;1;119.00;119.00
GL5_MSPI-Owned;Regular;661-56064;"Battery, iPhone 17";F8YHKR00B930001510;;2026-02-28;1;99.00;99.00
MOA-MSPI-Owned;Regular;661-29370;"Display, iPhone 14 Pro";G9P5217PGK414YCAQ;;2026-03-01;1;329.00;329.00
MOA-MSPI-Owned;Regular;661-42720;"Battery, iPhone 16 Pro";F8YHN7A047T0000RZ2;;2026-03-01;1;119.00;119.00
MOA-MSPI-Owned;Regular;661-42837;"Battery, iPhone 16 Plus";F8YHLS00L3N0000RSS;;2026-03-01;1;99.00;99.00
MOA-MSPI-Owned;Regular;661-56064;"Battery, iPhone 17";F8YHKR00B8D0001510;;2026-03-01;1;99.00;99.00
MOA-MSPI-Owned;Regular;661-56056;"Battery, eSIM, iPhone 17 Pro Max";FG9HKT00T9L00015Y1;;2026-03-01;1;119.00;119.00
MOA-MSPI-Owned;Regular;661-56121;"Battery, pSIM, iPhone 17 Pro";F8YHKT00Y48000161P;;2026-03-01;1;119.00;119.00
MOA-MSPI-Owned;Regular;661-55235;"Battery, iPhone Air";F8YHKMY0ACA00017SP;;2026-03-01;1;119.00;119.00
SMS_MSPI-Owned;Regular;661-30394;"Battery, iPhone 14 Plus";F8Y5457C6LK237KBR;;2026-06-29;1;99.00;99.00
SMS_MSPI-Owned;Regular;661-30394;"Battery, iPhone 14 Plus";F8Y5457C6KZ237KBE;;2026-03-01;1;99.00;99.00
SMS_MSPI-Owned;Regular;661-42720;"Battery, iPhone 16 Pro";F8YHN7A04800000RZ2;;2026-03-01;1;119.00;119.00
SMS_MSPI-Owned;Regular;661-42837;"Battery, iPhone 16 Plus";F8YHLS00H0Z0000RSS;;2026-03-01;1;99.00;99.00
SMS_MSPI-Owned;Regular;661-44954;"Battery, iPhone 16 Pro Max";F8YHLPH01G50000UMJ;;2026-03-01;1;119.00;119.00
SMS_MSPI-Owned;Regular;661-56056;"Battery, eSIM, iPhone 17 Pro Max";FG9HKT00REX00015Y1;;2026-03-01;1;119.00;119.00
SMS_MSPI-Owned;Regular;661-56121;"Battery, pSIM, iPhone 17 Pro";F8YHKT016VV000161P;;2026-03-01;1;119.00;119.00
SMS_MSPI-Owned;Regular;661-55235;"Battery, iPhone Air";F8YHKMY0ACH00017SP;;2026-03-01;1;119.00;119.00
GL5_MSPI-Owned;Regular;661-21991;"Battery, iPhone 13";F9Y5421C3FS18FKBR;;2026-03-02;1;46.00;46.00
ABR-MSPI-Owned;Regular;661-18428;"Battery, iPhone 12 Pro Max";F8Y5501C2QYQ4C2BT;;2026-03-03;1;89.00;89.00
MEG-MSPI-Owned;Regular;661-30401;"Display, iPhone 14 Pro Max";G9P5233NF6F14YDAK;;2026-03-04;1;379.00;379.00
VER_MSPI-Owned;Regular;661-22309;"Display, iPhone 13 Pro Max";G9P5093MMKMPQCLAQ;;2026-03-04;1;276.00;276.00
POD_MSPI-Owned;Regular;661-22309;"Display, iPhone 13 Pro Max";G9P5134M1DMPQCLAA;;2026-03-26;1;329.00;329.00
MRK-MSPI-Owned;Regular;661-21991;"Battery, iPhone 13";;;2026-03-07;1;;
FES-MSPI-Owned;Regular;661-36918;"Battery, iPhone 15 Pro Max";FG9HP40018L00006TT;;2026-03-08;1;99.00;99.00
SMS_MSPI-Owned;Regular;661-17921;"Camera, iPhone 12";DNL0521092JMFGR25;;2026-03-09;1;169.00;169.00
SMS_MSPI-Owned;Regular;923-06648;"Bottom Speaker, iPhone 13 Pro Max";CTH13812BJF080T31;;2026-03-09;1;67.00;67.00
SMS_MSPI-Owned;Regular;923-06256;"Bottom Speaker, iPhone 13 Pro";CTH1363B4UM080D5R;;2026-03-09;1;67.00;67.00
SMS_MSPI-Owned;Regular;923-06258;"Taptic Engine, iPhone 13 Pro";GH713425AW307428F;;2026-03-09;1;67.00;67.00
SMS_MSPI-Owned;Regular;923-06692;"Bottom Speaker, iPhone 13 mini";DTV131715WG07YR4F;;2026-03-09;1;67.00;67.00
SMS_MSPI-Owned;Regular;923-06235;"Bottom Speaker, iPhone 13";DTV12834AAJ08035M;;2026-03-09;1;67.00;67.00
SMS_MSPI-Owned;Regular;661-22309;"Display, iPhone 13 Pro Max";G9P5352MGMNPQCLAY;;2026-03-09;1;329.00;329.00
VER_MSPI-Owned;Regular;923-06643;"Taptic Engine, iPhone 13 Pro Max";GH713244HF907478F;;2026-03-09;1;67.00;67.00
VER_MSPI-Owned;Regular;923-06258;"Taptic Engine, iPhone 13 Pro";GH71343352T07428H;;2026-03-09;1;67.00;67.00
VER_MSPI-Owned;Regular;923-06682;"Taptic Engine, iPhone 13 mini";GH913232CJK08098F;;2026-03-09;1;67.00;67.00
VER_MSPI-Owned;Regular;923-06237;"Taptic Engine, iPhone 13";GH91294350B033C8K;;2026-03-09;1;67.00;67.00
VER_MSPI-Owned;Regular;923-05104;"Speaker, iPhone 12 Pro Max";DTV0363282DNR6N5E;;2026-03-09;1;67.00;67.00
VER_MSPI-Owned;Regular;923-05011;"Speaker, iPhone 12 mini";DXY04023HE8NR5T56;;2026-03-09;1;67.00;67.00
VER_MSPI-Owned;Regular;661-22293;"Camera, iPhone 13 Pro and 13 Pro Max";DN82102MXKAQ1NMAV;;2026-03-09;1;199.00;199.00
VER_MSPI-Owned;Regular;661-21992;"Camera, iPhone 13 and 13 mini";GCF1353DU3RQ59TBJ;;2026-03-09;1;169.00;169.00
VER_MSPI-Owned;Regular;661-22309;"Display, iPhone 13 Pro Max";G9P5352MB6NPQCLAE;;2026-03-09;1;329.00;329.00
VER_MSPI-Owned;Regular;661-18503;"Display, iPhone 12";GVH3157166TLQHMAG;;2026-03-09;1;279.00;279.00
VER_MSPI-Owned;Regular;661-17939;"Battery, iPhone 12 mini";F8Y429204CH02JNBQ;;2026-03-09;1;89.00;89.00
GL5_MSPI-Owned;Regular;661-17940;"Display, iPhone 12 mini";G9Q0401LGDMLQHJAH;;2026-03-09;1;229.00;229.00
GL5_MSPI-Owned;Regular;923-06237;"Taptic Engine, iPhone 13";GH912943BQP033C8X;;2026-03-09;1;67.00;67.00
GL5_MSPI-Owned;Regular;923-06643;"Taptic Engine, iPhone 13 Pro Max";GH7132461MC074784;;2026-03-09;1;67.00;67.00
GL5_MSPI-Owned;Regular;923-04915;"Speaker, iPhone 12 and 12 Pro";DTV037746FLNR6D50;;2026-03-09;1;67.00;67.00
GL5_MSPI-Owned;Regular;923-05104;"Speaker, iPhone 12 Pro Max";DTV036423ZXNR6N59;;2026-03-09;1;67.00;67.00
GL5_MSPI-Owned;Regular;661-17922;"Camera, iPhone 12 Pro";GCF1336EAK0MFGVBP;;2026-03-09;1;199.00;199.00
MEG-MSPI-Owned;Regular;661-18466;"Display, iPhone 12 Pro Max";G9Q4096A05AMRY1AS;;2026-03-09;1;329.00;329.00
MEG-MSPI-Owned;Regular;661-21988;"Display, iPhone 13";GVH5162055DPR5PAP;;2026-03-09;1;279.00;279.00
MEG-MSPI-Owned;Regular;661-21993;"Display, iPhone 13 Pro";G9P5265LNPTPQCKAE;;2026-03-09;1;279.00;279.00
MEG-MSPI-Owned;Regular;661-17922;"Camera, iPhone 12 Pro";GCF222529L7MFGVAM;;2026-03-09;1;199.00;199.00
MEG-MSPI-Owned;Regular;661-21992;"Camera, iPhone 13 and 13 mini";GCF1374KA55Q59TBR;;2026-03-09;1;169.00;169.00
FES-MSPI-Owned;Regular;923-06235;"Bottom Speaker, iPhone 13";DTV13174AK408036M;;2026-03-17;1;67.00;67.00
FES-MSPI-Owned;Regular;923-06692;"Bottom Speaker, iPhone 13 mini";DTV131712YF07YR4D;;2026-03-17;1;67.00;67.00
FES-MSPI-Owned;Regular;923-06648;"Bottom Speaker, iPhone 13 Pro Max";CTH1381207E080T3C;;2026-03-17;1;67.00;67.00
FES-MSPI-Owned;Regular;661-17921;"Camera, iPhone 12";F6D23850ABDMFGR50;;2026-03-17;1;169.00;169.00
FES-MSPI-Owned;Regular;661-22293;"Camera, iPhone 13 Pro and 13 Pro Max";DN84047AKLUQ1NMDN;;2026-03-17;1;199.00;199.00
FES-MSPI-Owned;Regular;923-04915;"Speaker, iPhone 12 and 12 Pro";DTV037749L4NR6D5Y;;2026-03-17;1;67.00;67.00
FES-MSPI-Owned;Regular;923-05011;"Speaker, iPhone 12 mini";DXY04014AJGNR5T5R;;2026-03-17;1;67.00;67.00
FES-MSPI-Owned;Regular;923-06682;"Taptic Engine, iPhone 13 mini";GH9132122C808098N;;2026-03-17;1;67.00;67.00
SMS_MSPI-Owned;Regular;661-30390;"Display, iPhone 14 Plus";G9P5045BDMF1C9FAX;;2026-03-10;1;329.00;329.00
SMS_MSPI-Owned;Regular;661-21993;"Display, iPhone 13 Pro";G9P5162LE6YPQCKA4;;2026-03-10;1;279.00;279.00
POD_MSPI-Owned;Regular;661-05421;"BATTERY IPHONE 7";F5D53270F5UH885CG;;2026-03-12;1;69.00;69.00
POD_MSPI-Owned;Regular;661-13624;"Battery, iPhone 11 Pro Max";F8Y5135C154MD2CBN;;2026-03-12;1;89.00;89.00
POD_MSPI-Owned;Regular;661-14098;"Display, iPhone 11";DKH5332F0Y704FPA8;;2026-03-12;1;199.00;199.00
POD_MSPI-Owned;Regular;661-22311;"Display, iPhone 13 mini";G9Q5305BK41PRRDA7;;2026-03-12;1;229.00;229.00
POD_MSPI-Owned;Regular;661-22293;"Camera, iPhone 13 Pro and 13 Pro Max";DN85236ASNQQ1NMDC;;2026-03-12;1;199.00;199.00
VER_MSPI-Owned;Regular;661-21993;"Display, iPhone 13 Pro";G9P5353L66UPQCKAG;;2026-03-13;1;234.00;234.00
SMS_MSPI-Owned;Regular;661-30366;"Display, iPhone 14";G9Q5175E9HV1502AS;;2026-03-17;1;279.00;279.00
VER_MSPI-Owned;Regular;661-22309;"Display, iPhone 13 Pro Max";G9P5024MJ0HPQCLA6;;2026-03-17;1;329.00;329.00
NES_MSPI-Owned;Regular;661-55240;"Display, iPhone Air";GVCHKJ00MTB0000HU9;;2026-03-20;1;329.00;329.00
GL5_MSPI-Owned;Regular;661-21988;"Display, iPhone 13";GVH51661CEMPR5PA8;;2026-03-20;1;279.00;279.00
MAG-MSPI-Owned;Regular;661-55240;"Display, iPhone Air";GVCHKF02TZ30000HU9;;2026-03-21;1;329.00;329.00
PPM-MSPI-Owned;Regular;661-55240;"Display, iPhone Air";GVCHKQ009F90000HU9;;2026-03-21;1;329.00;329.00
PPM-MSPI-Owned;Regular;661-56065;"Display, iPhone 17";GVCHNR02PNZ0000U6M;;2026-03-21;1;329.00;329.00
MRK-MSPI-Owned;Regular;661-44955;"Display, iPhone 16 Pro Max";G9PHJHK05V200005DR;;2026-03-21;1;379.00;379.00
MRK-MSPI-Owned;Regular;661-55240;"Display, iPhone Air";GVCHKL02JY30000HU9;;2026-03-21;1;329.00;329.00
POD_MSPI-Owned;Regular;661-55240;"Display, iPhone Air";GVCHKL02GX20000HU9;;2026-03-21;1;329.00;329.00
VER_MSPI-Owned;Regular;661-55240;"Display, iPhone Air";GVCHK8014HS0000HU9;;2026-03-21;1;329.00;329.00
BHS_MSPI-Owned;Regular;661-55240;"Display, iPhone Air";GVCHKB00NUS0000HU9;;2026-03-21;1;329.00;329.00
BHS_MSPI-Owned;Regular;661-56065;"Display, iPhone 17";GVCHP101XCU0000U6M;;2026-03-21;1;329.00;329.00
MOA-MSPI-Owned;Regular;661-55240;"Display, iPhone Air";GVCHKF03FKP0000HU9;;2026-03-21;1;329.00;329.00
GB3-MSPI-Owned;Regular;661-55240;"Display, iPhone Air";GVCHK6000D70000HU9;;2026-03-21;1;329.00;329.00
ANX-MSPI-Owned;Regular;661-56065;"Display, iPhone 17";GVCHP4006440000U6M;;2026-03-21;1;329.00;329.00
GL5_MSPI-Owned;Regular;661-55240;"Display, iPhone Air";GVCHKS050XY0000HU9;;2026-03-21;1;329.00;329.00
TRI-MSPI-Owned;Regular;661-55240;"Display, iPhone Air";GVCHKL01FT70000HU9;;2026-03-21;1;329.00;329.00
ILO-MSPI-Owned;Regular;661-22374;"Battery, iPhone 13 mini";F8Y5493CDRR14LWC6;;2026-03-22;1;89.00;89.00
ILO-MSPI-Owned;Regular;661-32232;"Rear Camera, iPhone 13/mini, MICN";GCF517702BSQ59TB4;;2025-11-02;1;169.00;169.00
ILO-MSPI-Owned;Regular;661-18428;"Battery, iPhone 12 Pro Max";F8Y03871YQXQ4C29Q;;2026-03-22;1;89.00;89.00
ILO-MSPI-Owned;Regular;661-14098;"Display, iPhone 11";DKH5327F0UX04FPAU;;2026-03-22;1;199.00;199.00
FES-MSPI-Owned;Regular;661-56050;"Display, iPhone 17 Pro Max";N;;2026-05-08;1;379.00;379.00
FES-MSPI-Owned;Regular;661-55240;"Display, iPhone Air";GVCHKL03C8Q0000HU9;;2026-03-22;1;329.00;329.00
POD_MSPI-Owned;Regular;923-06235;"Bottom Speaker, iPhone 13";DTV132511TV08036P;;2026-03-23;1;67.00;67.00
NPM-MSPI-Owned;Regular;661-22374;"Battery, iPhone 13 mini";F8Y6046C6G714LWC3;;2026-03-23;1;46.00;46.00
SMS_MSPI-Owned;Regular;661-42726;"Display, iPhone 16 Pro";G9PHKZF0N0P00005DP;;2026-03-23;1;329.00;329.00
SMS_MSPI-Owned;Regular;661-55240;"Display, iPhone Air";GVCHKJ01U0Q0000HU9;;2026-03-23;1;329.00;329.00
SMS_MSPI-Owned;Regular;661-56065;"Display, iPhone 17";GVCHNH018S40000U6M;;2026-03-23;1;329.00;329.00
VER_MSPI-Owned;Regular;661-21988;"Display, iPhone 13";GVH51561U44PR5PA8;;2026-03-23;1;279.00;279.00
SMS_MSPI-Owned;Regular;661-44955;"Display, iPhone 16 Pro Max";G9PHF4J1XZ000005DR;;2026-03-27;1;334.00;334.00
GL5_MSPI-Owned;Regular;661-42843;"Display, iPhone 16 Plus";G9QHMQT0Q7G00004Y9;;2026-03-27;1;329.00;329.00
POD_MSPI-Owned;Regular;661-42843;"Display, iPhone 16 Plus";G9NHHHL17CP00004Y9;;2026-03-28;1;329.00;329.00
VER_MSPI-Owned;Regular;661-22294;"Battery, iPhone 13 Pro Max";F8Y6066C2H813XCBL;;2026-03-30;1;46.00;46.00
MOA-MSPI-Owned;Regular;661-21993;"Display, iPhone 13 Pro";G9P5511M5RWPQCKA1;;2026-03-30;1;279.00;279.00
CEB-MSPI-Owned;Regular;661-11232;"Display, iPhone XR";C3F5125G06VJLNMAR;;2026-04-01;1;199.00;199.00
NPM-MSPI-Owned;Regular;661-21988;"Display, iPhone 13";G9Q5152FKFPPR5QAD;;2026-04-04;1;234.00;234.00
FES-MSPI-Owned;Regular;661-42726;"Display, iPhone 16 Pro";G9PHLFT12P600005DP;;2026-04-04;1;329.00;329.00
NES_MSPI-Owned;Regular;661-30401;"Display, iPhone 14 Pro Max";G9P5331NLG614YDAU;;2026-04-04;1;379.00;379.00
POD_MSPI-Owned;Regular;661-30382;"Battery, iPhone 14 Pro";F8Y6025C6BV217WBB;;2026-05-15;1;51.00;51.00
SMS_MSPI-Owned;Regular;661-22294;"Battery, iPhone 13 Pro Max";F8Y6097C04313XCBN;;2026-04-09;1;46.00;46.00
MOA-MSPI-Owned;Regular;661-22309;"Display, iPhone 13 Pro Max";G9P4444MEM3PQCLAN;;2026-04-09;1;329.00;329.00
POD_MSPI-Owned;Regular;661-44797;"Display, iPhone 16";G9NHQ6218MN00004Y7;;2026-04-09;1;279.00;279.00
POD_MSPI-Owned;Regular;661-42843;"Display, iPhone 16 Plus";G9QHNTT07L000004Y9;;2026-04-09;1;329.00;329.00
MRK-MSPI-Owned;Regular;661-42843;"Display, iPhone 16 Plus";G9QHNXT046T00004Y9;;2026-04-09;1;329.00;329.00
MEG-MSPI-Owned;Regular;661-44797;"Display, iPhone 16";G9QHQ4D085000004Y7;;2026-04-09;1;279.00;279.00
MEG-MSPI-Owned;Regular;661-42843;"Display, iPhone 16 Plus";G9QHNRT04KS00004Y9;;2026-04-09;1;329.00;329.00
GB3-MSPI-Owned;Regular;661-44797;"Display, iPhone 16";G9QHQ2Y02UZ00004Y7;;2026-04-09;1;279.00;279.00
GB3-MSPI-Owned;Regular;661-42843;"Display, iPhone 16 Plus";G9QHNWT05EJ00004Y9;;2026-04-09;1;329.00;329.00
VER_MSPI-Owned;Regular;661-42843;"Display, iPhone 16 Plus";G9QHN9T03AG00004Y9;;2026-04-09;1;329.00;329.00
MOA-MSPI-Owned;Regular;661-44797;"Display, iPhone 16";G9NHQ120PTX00004Y7;;2026-04-09;1;279.00;279.00
BHS_MSPI-Owned;Regular;661-42843;"Display, iPhone 16 Plus";G9QHNAT02W500004Y9;;2026-04-09;1;329.00;329.00
BHS_MSPI-Owned;Regular;661-44797;"Display, iPhone 16";G9QHQ4D03P900004Y7;;2026-04-09;1;279.00;279.00
MAG-MSPI-Owned;Regular;661-42843;"Display, iPhone 16 Plus";G9QHNRT048W00004Y9;;2026-04-09;1;329.00;329.00
FES-MSPI-Owned;Regular;661-44797;"Display, iPhone 16";G9QHPQR0FYK00004Y7;;2026-04-09;1;279.00;279.00
GL5_MSPI-Owned;Regular;661-42843;"Display, iPhone 16 Plus";G9QHNYT0DPJ00004Y9;;2026-04-09;1;329.00;329.00
GL5_MSPI-Owned;Regular;661-42843;"Display, iPhone 16 Plus";G9QHNZT0KJ000004Y9;;2026-04-09;1;329.00;329.00
TRI-MSPI-Owned;Regular;661-42843;"Display, iPhone 16 Plus";G9QHNRT04KG00004Y9;;2026-04-09;1;329.00;329.00
TRI-MSPI-Owned;Regular;661-44797;"Display, iPhone 16";G9QHPXR0VJY00004Y7;;2026-04-09;1;279.00;279.00
ANX-MSPI-Owned;Regular;661-42843;"Display, iPhone 16 Plus";G9QHNTT0B7100004Y9;;2026-04-09;1;329.00;329.00
VER_MSPI-Owned;Regular;661-22309;"Display, iPhone 13 Pro Max";G9P5025MDQHPQCLA6;;2026-04-10;1;329.00;329.00
BHS_MSPI-Owned;Regular;661-35694;"Battery, iPhone 15 Pro";F8YHP7C0GZS00006TP;;2026-04-13;1;51.00;51.00
MEG-MSPI-Owned;Regular;661-30366;"Display, iPhone 14";G9Q5177EGAG1502AH;;2026-04-13;1;234.00;234.00
SMS_MSPI-Owned;Regular;661-35694;"Battery, iPhone 15 Pro";F8YHP8C162H00006TP;;2026-04-13;1;51.00;51.00
GL5_MSPI-Owned;Regular;661-30366;"Display, iPhone 14";G9Q5175WLS81502AV;;2026-04-13;1;279.00;279.00
BHS_MSPI-Owned;Regular;661-21988;"Display, iPhone 13";GVH51672BZ8PR5PAV;;2026-04-15;1;279.00;279.00
CEB-MSPI-Owned;Regular;661-14098;"Display, iPhone 11";F7C4126C4BYKV27AZ;;2026-04-17;1;199.00;199.00
CEB-MSPI-Owned;Regular;661-14098;"Display, iPhone 11";F7C4205C3H7KV27AD;;2026-04-17;1;199.00;199.00
NPM-MSPI-Owned;Regular;661-22374;"Battery, iPhone 13 mini";F8Y5456C1SF14LWC0;;2026-04-17;1;46.00;46.00
SMS_MSPI-Owned;Regular;661-22374;"Battery, iPhone 13 mini";F8Y6046C43J14LWCZ;;2026-04-17;1;46.00;46.00
ZAM-MSPI-Owned;Regular;661-21988;"Display, iPhone 13";G9Q5176P1NBPR5QAN;;2026-04-18;1;279.00;279.00
VER_MSPI-Owned;Regular;661-21988;"Display, iPhone 13";G9Q5181PN5XPR5QA0;;2026-04-20;1;279.00;279.00
VER_MSPI-Owned;Regular;661-21988;"Display, iPhone 13";G9Q5176F55YPR5QA4;;2026-04-20;1;279.00;279.00
NES_MSPI-Owned;Regular;661-42726;"Display, iPhone 16 Pro";G9PHLTT2BA600005DP;;2026-04-21;1;329.00;329.00
LIM_MSPI-Owned;Regular;661-42728;"Camera, iPhone 16 Pro";DN8HKP0392100005KQWRONG;;2026-04-22;1;249.00;249.00
NES_MSPI-Owned;Regular;661-21993;"Display, iPhone 13 Pro";G9P5506MK9ZPQCKAW;;2026-04-22;1;279.00;279.00
FES-MSPI-Owned;Regular;661-30382;"Battery, iPhone 14 Pro";F8Y6122C3CP217WBK;;2026-04-22;1;51.00;51.00
VER_MSPI-Owned;Regular;661-32232;"Rear Camera, iPhone 13/mini, MICN";GCF546603L9Q59TBU;;2026-04-22;1;169.00;169.00
VER_MSPI-Owned;Regular;661-22309;"Display, iPhone 13 Pro Max";G9P5025M851PQCLAG;;2026-04-23;1;329.00;329.00
MAG-MSPI-Owned;Regular;661-56064;"Battery, iPhone 17";F8YHR9000QE0001510;;2026-04-24;1;99.00;99.00
FES-MSPI-Owned;Regular;661-35694;"Battery, iPhone 15 Pro";F8YHN1C0Z5B00006TP;;2026-05-08;1;99.00;99.00
SMS_MSPI-Owned;Regular;661-35885;"Battery, iPhone 15";F8YHRCC0DLV00006TW;;2026-04-24;1;51.00;51.00
ABR-MSPI-Owned;Regular;661-22374;"Battery, iPhone 13 mini";F8Y6046C60L14LWC4;;2026-04-24;1;46.00;46.00
FES-MSPI-Owned;Regular;661-30397;"Battery, iPhone 14 Pro Max";N//A;;2026-04-27;1;51.00;51.00
VER_MSPI-Owned;Regular;661-21988;"Display, iPhone 13";GVH5165220UPR5PAH;;2026-04-27;1;234.00;234.00
SMS_MSPI-Owned;Regular;661-36706;"Display, iPhone 15";G9P6055R36Z21KHAW;;2026-04-27;1;279.00;279.00
POD_MSPI-Owned;Regular;661-30382;"Battery, iPhone 14 Pro";F8Y6117C5NF217WBT;;2026-04-29;1;51.00;51.00
FES-MSPI-Owned;Regular;661-56125;"Display, iPhone 17 Pro";G9QHRGP1DKW0000L4B;;2026-05-01;1;329.00;329.00
FES-MSPI-Owned;Regular;661-13574;"Battery, iPhone 11";F8Y4344017AM6YNDE;;2026-05-01;1;89.00;89.00
VER_MSPI-Owned;Regular;661-22293;"Camera, iPhone 13 Pro and 13 Pro Max";DN85234B0FLQ1NMDU;;2026-05-05;1;199.00;199.00
GL5_MSPI-Owned;Regular;661-22309;"Display, iPhone 13 Pro Max";G9P4443MLKGPQCLAA;;2026-05-05;1;329.00;329.00
MOA-MSPI-Owned;Regular;661-40647;"Display, Midnight, MBA (M2, 2022), AS";F0Y543101ZJ1J87AW;;2026-05-06;1;33575.00;33575.00
FES-MSPI-Owned;Regular;661-21991;"Battery, iPhone 13";F8Y6126C7TD18FKBT;;2026-05-07;1;89.00;89.00
ANX-MSPI-Owned;Regular;661-55240;"Display, iPhone Air";GVCHJD03SAN0000HU9;;2026-05-07;1;329.00;329.00
BHS_MSPI-Owned;Regular;661-21993;"Display, iPhone 13 Pro";G9P5154L1PVPQCKA4;;2026-05-08;1;279.00;279.00
FES-MSPI-Owned;Regular;661-30382;"Battery, iPhone 14 Pro";F8Y5457C262217WBB;;2026-05-08;1;99.00;99.00
FES-MSPI-Owned;Regular;661-35885;"Battery, iPhone 15";F8YHN1C12V700006TW;;2026-05-09;1;99.00;99.00
MRK-MSPI-Owned;Regular;661-21993;"Display, iPhone 13 Pro";G9P5353LC5JPQCKAP;;2026-05-11;1;279.00;279.00
MRK-MSPI-Owned;Regular;661-21988;"Display, iPhone 13";GVH53360DHPPR5PA6;;2026-05-11;1;279.00;279.00
ABR-MSPI-Owned;Regular;661-21996;"Battery, iPhone 13 Pro";F8Y6107C07013RHCJ;;2026-05-12;1;46.00;46.00
MOA-MSPI-Owned;Regular;661-36915;"Display, iPhone 15 Pro Max";G9P5333QJLQ1PHRA6;;2026-05-12;1;318.00;318.00
VER_MSPI-Owned;Regular;661-30394;"Battery, iPhone 14 Plus";F8Y5457C62Z237KBX;;2026-06-08;1;99.00;99.00
TRI-MSPI-Owned;Regular;661-44955;"Display, iPhone 16 Pro Max";G9NHFBS2Z8800005DR;;2026-05-13;1;379.00;379.00
MRK-MSPI-Owned;Regular;661-21988;"Display, iPhone 13";GVH51740LS4PR5PAH;;2026-05-14;1;279.00;279.00
SMS_MSPI-Owned;Regular;661-21988;"Display, iPhone 13";GVH5177029NPR5PAX;;2026-05-14;1;279.00;279.00
SMS_MSPI-Owned;Regular;661-44797;"Display, iPhone 16";G9QHQTY15UH00004Y7;;2026-05-14;1;279.00;279.00
GB3-MSPI-Owned;Regular;661-42837;"Battery, iPhone 16 Plus";F8YHNX008AH0000RSS;;2026-05-15;1;99.00;99.00
GB3-MSPI-Owned;Regular;661-44954;"Battery, iPhone 16 Pro Max";F8YHQ5H06W50000UMK;;2026-05-15;1;119.00;119.00
GB3-MSPI-Owned;Regular;661-42720;"Battery, iPhone 16 Pro";F8YHQMA016L0000RZ2;;2026-05-15;1;119.00;119.00
GB3-MSPI-Owned;Regular;661-56049;"Battery, pSIM, iPhone 17 Pro Max";FG9HL5017Y300015XX;;2026-05-15;1;119.00;119.00
GB3-MSPI-Owned;Regular;661-55240;"Display, iPhone Air";GVCHK90057E0000HU9;;2026-05-15;1;329.00;329.00
GB3-MSPI-Owned;Regular;661-44796;"Battery, iPhone 16";FG9HNM00DLQ0000R3T;;2026-05-15;1;99.00;99.00
TRI-MSPI-Owned;Regular;661-56065;"Display, iPhone 17";GVCHR9011F60000U6M;;2026-05-15;1;329.00;329.00
TRI-MSPI-Owned;Regular;661-42837;"Battery, iPhone 16 Plus";F8YHNX000E80000RSS;;2026-05-15;1;99.00;99.00
TRI-MSPI-Owned;Regular;661-56050;"Display, iPhone 17 Pro Max";GH3HRR01LGU0000MUZ;;2026-05-15;1;379.00;379.00
TRI-MSPI-Owned;Regular;661-42720;"Battery, iPhone 16 Pro";F8YHQMA020Y0000RZ2;;2026-05-15;1;119.00;119.00
TRI-MSPI-Owned;Regular;661-56049;"Battery, pSIM, iPhone 17 Pro Max";FG9HL5018WV00015XX;;2026-05-15;1;119.00;119.00
TRI-MSPI-Owned;Regular;661-55240;"Display, iPhone Air";GVCHKD017DP0000HU9;;2026-05-15;1;329.00;329.00
TRI-MSPI-Owned;Regular;661-44796;"Battery, iPhone 16";FG9HQ200G6X0000R3T;;2026-05-15;1;99.00;99.00
POD_MSPI-Owned;Regular;661-56049;"Battery, pSIM, iPhone 17 Pro Max";FG9HL5018WZ00015XX;;2026-05-15;1;119.00;119.00
ANX-MSPI-Owned;Regular;661-56065;"Display, iPhone 17";GVCHQW032AS0000U6M;;2026-05-15;1;329.00;329.00
ANX-MSPI-Owned;Regular;661-42837;"Battery, iPhone 16 Plus";F8YHNX002Z50000RSS;;2026-05-15;1;99.00;99.00
ANX-MSPI-Owned;Regular;661-44954;"Battery, iPhone 16 Pro Max";F8YHQ5H0HCT0000UMK;;2026-05-15;1;119.00;119.00
ANX-MSPI-Owned;Regular;661-42720;"Battery, iPhone 16 Pro";F8YHQLA004N0000RZ2;;2026-05-15;1;119.00;119.00
ANX-MSPI-Owned;Regular;661-56049;"Battery, pSIM, iPhone 17 Pro Max";FG9HL5014DX00015XX;;2026-05-15;1;119.00;119.00
ANX-MSPI-Owned;Regular;661-55240;"Display, iPhone Air";GVCHKC00DPQ0000HU9;;2026-05-15;1;329.00;329.00
ANX-MSPI-Owned;Regular;661-44796;"Battery, iPhone 16";FG9HNM00DLN0000R3T;;2026-05-15;1;99.00;99.00
BHS_MSPI-Owned;Regular;661-56065;"Display, iPhone 17";GVCHQW01ZN20000U6M;;2026-05-15;1;329.00;329.00
BHS_MSPI-Owned;Regular;661-42837;"Battery, iPhone 16 Plus";F8YHNW00BUR0000RSS;;2026-05-15;1;99.00;99.00
BHS_MSPI-Owned;Regular;661-44954;"Battery, iPhone 16 Pro Max";F8YHQ5H0GZ80000UMK;;2026-05-15;1;119.00;119.00
BHS_MSPI-Owned;Regular;661-42720;"Battery, iPhone 16 Pro";F8YHQLA000Q0000RZ2;;2026-05-15;1;119.00;119.00
BHS_MSPI-Owned;Regular;661-56049;"Battery, pSIM, iPhone 17 Pro Max";FG9HL5014E800015XX;;2026-05-15;1;119.00;119.00
BHS_MSPI-Owned;Regular;661-55240;"Display, iPhone Air";GVCHK403PT00000HU9;;2026-05-15;1;329.00;329.00
BHS_MSPI-Owned;Regular;661-44796;"Battery, iPhone 16";FG9HNM00DLK0000R3T;;2026-05-15;1;99.00;99.00
NES_MSPI-Owned;Regular;661-42843;"Display, iPhone 16 Plus";G9QHNZT06YW00004Y9;;2026-05-15;1;329.00;329.00
NES_MSPI-Owned;Regular;661-56049;"Battery, pSIM, iPhone 17 Pro Max";FG9HL501AEQ00015XX;;2026-05-15;1;119.00;119.00
NES_MSPI-Owned;Regular;661-44797;"Display, iPhone 16";G9QHQ3R1GM100004Y7;;2026-05-15;1;279.00;279.00
MEG-MSPI-Owned;Regular;661-56065;"Display, iPhone 17";GVCHRD0350W0000U6M;;2026-05-15;1;329.00;329.00
MEG-MSPI-Owned;Regular;661-42837;"Battery, iPhone 16 Plus";F8YHNX005X00000RSS;;2026-05-15;1;99.00;99.00
MEG-MSPI-Owned;Regular;661-44954;"Battery, iPhone 16 Pro Max";F8YHQ5H0H510000UMK;;2026-05-15;1;119.00;119.00
MEG-MSPI-Owned;Regular;661-42720;"Battery, iPhone 16 Pro";F8YHR7A06PD0000RZ2;;2026-05-15;1;119.00;119.00
MEG-MSPI-Owned;Regular;661-56125;"Display, iPhone 17 Pro";G9NHQPK1HWE0000L4B;;2026-05-15;1;329.00;329.00
MEG-MSPI-Owned;Regular;661-56049;"Battery, pSIM, iPhone 17 Pro Max";FG9HL5018X800015XX;;2026-05-15;1;119.00;119.00
MEG-MSPI-Owned;Regular;661-55240;"Display, iPhone Air";GVCHKA001C80000HU9;;2026-05-15;1;329.00;329.00
MEG-MSPI-Owned;Regular;661-44796;"Battery, iPhone 16";FG9HNP001310000R3T;;2026-05-15;1;99.00;99.00
GL5_MSPI-Owned;Regular;661-56049;"Battery, pSIM, iPhone 17 Pro Max";FG9HL501A6H00015XX;;2026-05-15;1;119.00;119.00
MAG-MSPI-Owned;Regular;661-56065;"Display, iPhone 17";GVCHRF011970000U6M;;2026-05-16;1;329.00;329.00
MAG-MSPI-Owned;Regular;661-42837;"Battery, iPhone 16 Plus";F8YHNX002YH0000RSS;;2026-05-16;1;99.00;99.00
MAG-MSPI-Owned;Regular;661-44954;"Battery, iPhone 16 Pro Max";F8YHQ5H0H0Q0000UMK;;2026-05-16;1;119.00;119.00
MAG-MSPI-Owned;Regular;661-42720;"Battery, iPhone 16 Pro";F8YHQMA01DB0000RZ2;;2026-05-16;1;119.00;119.00
MAG-MSPI-Owned;Regular;661-56049;"Battery, pSIM, iPhone 17 Pro Max";FG9HL5014DY00015XX;;2026-05-16;1;119.00;119.00
MAG-MSPI-Owned;Regular;661-55240;"Display, iPhone Air";GVCHJD01BK60000HU9;;2026-05-16;1;329.00;329.00
MAG-MSPI-Owned;Regular;661-44796;"Battery, iPhone 16";FG9HNP004W50000R3T;;2026-05-16;1;99.00;99.00
MRK-MSPI-Owned;Regular;661-56049;"Battery, pSIM, iPhone 17 Pro Max";FG9HL5018XJ00015XX;;2026-05-16;1;119.00;119.00
PPM-MSPI-Owned;Regular;661-56065;"Display, iPhone 17";GVCHQU02PBU0000U6M;;2026-05-16;1;329.00;329.00
PPM-MSPI-Owned;Regular;661-42837;"Battery, iPhone 16 Plus";F8YHNX000DR0000RSS;;2026-05-16;1;99.00;99.00
PPM-MSPI-Owned;Regular;661-44954;"Battery, iPhone 16 Pro Max";F8YHQ5H0GEP0000UMK;;2026-05-16;1;119.00;119.00
PPM-MSPI-Owned;Regular;661-42720;"Battery, iPhone 16 Pro";F8YHQMA02F20000RZ2;;2026-05-16;1;119.00;119.00
PPM-MSPI-Owned;Regular;661-55240;"Display, iPhone Air";GVCHKD048DZ0000HU9;;2026-05-16;1;329.00;329.00
PPM-MSPI-Owned;Regular;661-44796;"Battery, iPhone 16";FG9HNM00G350000R3T;;2026-05-16;1;99.00;99.00
MAG-MSPI-Owned;Regular;661-36915;"Display, iPhone 15 Pro Max";G9P5322Q6QY1PHRA2;;2026-05-18;1;318.00;318.00
SMS_MSPI-Owned;Regular;661-30373;"Battery, iPhone 14";F8Y5512C06X231LBS;;2026-05-18;1;99.00;99.00
SMS_MSPI-Owned;Regular;661-30382;"Battery, iPhone 14 Pro";F8Y5473C16L217WBS;;2026-05-18;1;99.00;99.00
BHS_MSPI-Owned;Regular;661-56125;"Display, iPhone 17 Pro";G9PHQTD5KEL0000L4B;;2026-05-19;1;329.00;329.00
MOA-MSPI-Owned;Regular;661-42843;"Display, iPhone 16 Plus";G9QHPST07C300004Y9;;2026-05-19;1;329.00;329.00
FES-MSPI-Owned;Regular;661-21991;"Battery, iPhone 13";F8Y6057CCH518FKBH;;2026-05-19;1;89.00;89.00
NES_MSPI-Owned;Regular;661-56065;"Display, iPhone 17";GVCHRF021K00000U6M;;2026-05-19;1;329.00;329.00
ABR-MSPI-Owned;Regular;661-21993;"Display, iPhone 13 Pro";G9P5264L4K5PQCKAZ;;2026-05-21;1;279.00;279.00
SMS_MSPI-Owned;Regular;661-21988;"Display, iPhone 13";GVH51770VF5PR5PA3;;2026-05-22;1;279.00;279.00
VER_MSPI-Owned;Regular;661-22309;"Display, iPhone 13 Pro Max";G9P4434MD1YPQCLAP;;2026-05-22;1;329.00;329.00
GL5_MSPI-Owned;Regular;661-56050;"Display, iPhone 17 Pro Max";GH3HQF00UY10000MUZ;;2026-05-23;1;379.00;379.00
VER_MSPI-Owned;Regular;661-56049;"Battery, pSIM, iPhone 17 Pro Max";FG9HLP00GY300015XX;;2026-05-25;1;119.00;119.00
CDO-MSPI-Owned;Regular;661-22309;"Display, iPhone 13 Pro Max";G9P4472M117PQCLAG;;2026-05-26;1;329.00;329.00
NES_MSPI-Owned;Regular;661-42843;"Display, iPhone 16 Plus";G9QH84L31A300004Y9;;2026-05-27;1;290.00;290.00
SMS_MSPI-Owned;Regular;661-21988;"Display, iPhone 13";GVH5166260CPR5PAU;;2026-05-28;1;279.00;279.00
NPM-MSPI-Owned;Regular;661-22311;"Display, iPhone 13 mini";G9Q5307B4FBPRRDAB;;2026-05-29;1;192.00;192.00
MAG-MSPI-Owned;Regular;661-35699;"Display, iPhone 15 Pro";G9P5445QG4Y1PHPAA;;2026-05-29;1;276.00;276.00
VER_MSPI-Owned;Regular;661-29370;"Display, iPhone 14 Pro";G9P5064P22D14YCA2;;2026-05-30;1;329.00;329.00
VER_MSPI-Owned;Regular;661-42837;"Battery, iPhone 16 Plus";F8YHLS00K880000RSS;;2026-05-30;1;99.00;99.00
VER_MSPI-Owned;Regular;661-22309;"Display, iPhone 13 Pro Max";G9P5094MNJAPQCLA2;;2026-06-03;1;329.00;329.00
VER_MSPI-Owned;Regular;661-22309;"Display, iPhone 13 Pro Max";G9P5097MN0KPQCLAA;;2026-06-03;1;329.00;329.00
VER_MSPI-Owned;Regular;661-22293;"Camera, iPhone 13 Pro and 13 Pro Max";DN85084A645Q1NMDS;;2026-06-03;1;199.00;199.00
MEG-MSPI-Owned;Regular;661-44955;"Display, iPhone 16 Pro Max";G9PHHWS0Y1000005DR;;2026-06-04;1;379.00;379.00
MOA-MSPI-Owned;Regular;661-42726;"Display, iPhone 16 Pro";G9PHMHT0PNL00005DP;;2026-06-04;1;329.00;329.00
ANX-MSPI-Owned;Regular;661-42726;"Display, iPhone 16 Pro";G9PHLTT30RP00005DP;;2026-06-04;1;329.00;329.00
MRK-MSPI-Owned;Regular;661-04581;"Battery Kit, iPhone 6s";F5D20642YG6G5NYCQ;;2026-06-05;1;69.00;69.00
MRK-MSPI-Owned;Regular;661-13574;"Battery, iPhone 11";F8Y24470SV6M6YNB3;;2026-06-05;1;89.00;89.00
MRK-MSPI-Owned;Regular;661-13569;"Battery, iPhone 11 Pro";F5D531611HALTDMBR;;2026-06-05;1;46.00;46.00
LAN-MSPI-Owned;Regular;661-44796;"Battery, iPhone 16";FG9HNM00DLL0000R3T;;2026-06-05;1;99.00;99.00
LAN-MSPI-Owned;Regular;661-55240;"Display, iPhone Air";GVCHK70058Q0000HU9;;2026-06-05;1;329.00;329.00
LAN-MSPI-Owned;Regular;661-56125;"Display, iPhone 17 Pro";G9NHQGK4EES0000L4B;;2026-06-05;1;329.00;329.00
LAN-MSPI-Owned;Regular;661-42720;"Battery, iPhone 16 Pro";F8YHQMA020V0000RZ2;;2026-06-05;1;119.00;119.00
LAN-MSPI-Owned;Regular;661-44954;"Battery, iPhone 16 Pro Max";F8YHQ5H0GZ90000UMK;;2026-06-05;1;119.00;119.00
LAN-MSPI-Owned;Regular;661-56050;"Display, iPhone 17 Pro Max";GH3HRQ00HMS0000MUZ;;2026-06-05;1;379.00;379.00
LAN-MSPI-Owned;Regular;661-42837;"Battery, iPhone 16 Plus";F8YHNX003NX0000RSS;;2026-06-05;1;99.00;99.00
NES_MSPI-Owned;Regular;661-05421;"BATTERY IPHONE 7";F5D21634XLWH885BF;;2026-06-08;1;69.00;69.00
NES_MSPI-Owned;Regular;661-05421;"BATTERY IPHONE 7";F5D21632F65H885B2;;2026-06-08;1;69.00;69.00
NES_MSPI-Owned;Regular;661-05421;"BATTERY IPHONE 7";F5D310653BEH885BT;;2026-06-08;1;69.00;69.00
NES_MSPI-Owned;Regular;661-05421;"BATTERY IPHONE 7";F5D310619LRH885BV;;2026-06-08;1;69.00;69.00
NES_MSPI-Owned;Regular;661-05755;"Battery, iPhone 7 Plus";F8Y224501Y1H86CBQ;;2026-06-08;1;69.00;69.00
NES_MSPI-Owned;Regular;661-05755;"Battery, iPhone 7 Plus";F8Y210305A4H86CBW;;2026-06-08;1;69.00;69.00
ANX-MSPI-Owned;Regular;661-56050;"Display, iPhone 17 Pro Max";GH3HR701RZ00000MUZ;;2026-06-08;1;379.00;379.00
ANX-MSPI-Owned;Regular;661-30401;"Display, iPhone 14 Pro Max";G9P5207NNJZ14YDAX;;2026-06-08;1;379.00;379.00
ABR-MSPI-Owned;Regular;661-21988;"Display, iPhone 13";G9P5483CC8QPR5QA3;;2026-06-10;1;279.00;279.00
MEG-MSPI-Owned;Regular;661-56050;"Display, iPhone 17 Pro Max";GH3HS900ZLA0000MUZ;;2026-06-10;1;379.00;379.00
ANX-MSPI-Owned;Regular;661-56125;"Display, iPhone 17 Pro";G9NHQ6H28AD0000L4B;;2026-06-11;1;329.00;329.00
VER_MSPI-Owned;Regular;661-29367;"True Depth Camera, iPhone 14 Pro";FK13382012F1KQ7A8;;2026-06-11;1;199.00;199.00
VER_MSPI-Owned;Regular;661-29369;"Camera, iPhone 14 Pro";DN83253ARHB12J523;;2026-06-11;1;219.00;219.00
VER_MSPI-Owned;Regular;661-30370;"Camera, iPhone 14";DNL339563B817RRBS;;2026-06-11;1;169.00;169.00
VER_MSPI-Owned;Regular;661-30401;"Display, iPhone 14 Pro Max";G9P4173NB1K14YDAS;;2026-06-11;1;379.00;379.00
VER_MSPI-Owned;Regular;661-42720;"Battery, iPhone 16 Pro";F8YH93F0L3B0000RZ2;;2026-06-11;1;119.00;119.00
CEB-MSPI-Owned;Regular;661-30394;"Battery, iPhone 14 Plus";F8Y5457C0B8237KB1;;2026-06-11;1;99.00;99.00
MRK-MSPI-Owned;Regular;661-30373;"Battery, iPhone 14";F8Y6176C1Z7231LBF;;2026-06-13;1;99.00;99.00
MRK-MSPI-Owned;Regular;661-44796;"Battery, iPhone 16";FG9HQ200HWY0000R3T;;2026-06-13;1;99.00;99.00
MRK-MSPI-Owned;Regular;661-44796;"Battery, iPhone 16";FG9HQ200HQZ0000R3T;;2026-06-13;1;99.00;99.00
BHS_MSPI-Owned;Regular;661-30373;"Battery, iPhone 14";F8Y6177C2M2231LBL;;2026-06-13;1;99.00;99.00
BHS_MSPI-Owned;Regular;661-30373;"Battery, iPhone 14";F8Y6177C7G4231LBU;;2026-06-13;1;99.00;99.00
SMS_MSPI-Owned;Regular;661-35694;"Battery, iPhone 15 Pro";F8YHSFD0S5L00006TP;;2026-06-13;1;99.00;99.00
SMS_MSPI-Owned;Regular;661-21996;"Battery, iPhone 13 Pro";F8Y6155C28M13RHCD;;2026-06-13;1;89.00;89.00
SMS_MSPI-Owned;Regular;661-22294;"Battery, iPhone 13 Pro Max";F8Y6144C0ZF13XCB8;;2026-06-13;1;89.00;89.00
SMS_MSPI-Owned;Regular;661-21996;"Battery, iPhone 13 Pro";F8Y6155C5T613RHC2;;2026-06-13;1;89.00;89.00
SMS_MSPI-Owned;Regular;661-22294;"Battery, iPhone 13 Pro Max";F8Y6066C4XX13XCBM;;2026-06-13;1;89.00;89.00
SMS_MSPI-Owned;Regular;661-22294;"Battery, iPhone 13 Pro Max";F8Y6066C12S13XCBE;;2026-06-13;1;89.00;89.00
SMS_MSPI-Owned;Regular;661-35694;"Battery, iPhone 15 Pro";F8YHSFD0XTE00006TP;;2026-06-13;1;99.00;99.00
MOA-MSPI-Owned;Regular;661-44954;"Battery, iPhone 16 Pro Max";F8YHLQH04FR0000UMJ;;2026-06-13;1;119.00;119.00
MOA-MSPI-Owned;Regular;661-44954;"Battery, iPhone 16 Pro Max";F8YHLQH022R0000UMJ;;2026-06-13;1;119.00;119.00
POD_MSPI-Owned;Regular;661-30397;"Battery, iPhone 14 Pro Max";F8Y6153C97X20J9BZ;;2026-06-13;1;99.00;99.00
MEG-MSPI-Owned;Regular;661-30382;"Battery, iPhone 14 Pro";F8Y6156C9ZY217WBW;;2026-06-13;1;99.00;99.00
FES-MSPI-Owned;Regular;661-22309;"Display, iPhone 13 Pro Max";G9P5094MADTPQCLAC;;2026-06-15;1;329.00;329.00
FES-MSPI-Owned;Regular;661-30373;"Battery, iPhone 14";F8Y6177C6DV231LBD;;2026-06-15;1;99.00;99.00
FES-MSPI-Owned;Regular;661-21996;"Battery, iPhone 13 Pro";F8Y6155C16G13RHCR;;2026-06-15;1;89.00;89.00
FES-MSPI-Owned;Regular;661-21996;"Battery, iPhone 13 Pro";F8Y6155C0V813RHCZ;;2026-06-15;1;89.00;89.00
FES-MSPI-Owned;Regular;661-21996;"Battery, iPhone 13 Pro";F8Y6155C58S13RHC5;;2026-06-15;1;89.00;89.00
FES-MSPI-Owned;Regular;661-22294;"Battery, iPhone 13 Pro Max";F8Y6134C83X13XCB9;;2026-06-15;1;89.00;89.00
FES-MSPI-Owned;Regular;661-21996;"Battery, iPhone 13 Pro";F8Y6155C69413RHCP;;2026-06-15;1;89.00;89.00
FES-MSPI-Owned;Regular;661-21996;"Battery, iPhone 13 Pro";F8Y6155C5T413RHC4;;2026-06-15;1;89.00;89.00
BHS_MSPI-Owned;Regular;661-22309;"Display, iPhone 13 Pro Max";G9P4442MP1UPQCLAG;;2026-06-15;1;276.00;276.00
NES_MSPI-Owned;Regular;661-22294;"Battery, iPhone 13 Pro Max";F8Y6066C3DE13XCBR;;2026-06-15;1;89.00;89.00
NES_MSPI-Owned;Regular;661-22309;"Display, iPhone 13 Pro Max";G9P4444M98UPQCLA7;;2026-06-15;1;329.00;329.00
VER_MSPI-Owned;Regular;661-22309;"Display, iPhone 13 Pro Max";G9P4327M59YPQCLA8;;2026-06-15;1;329.00;329.00
VER_MSPI-Owned;Regular;661-22309;"Display, iPhone 13 Pro Max";G9P4437MG2JPQCLAU;;2026-06-15;1;329.00;329.00
VER_MSPI-Owned;Regular;661-22309;"Display, iPhone 13 Pro Max";G9P4442MK67PQCLAS;;2026-06-15;1;276.00;276.00
ABR-MSPI-Owned;Regular;661-21993;"Display, iPhone 13 Pro";G9P5163L7LYPQCKA2;;2026-06-15;1;279.00;279.00
MOA-MSPI-Owned;Regular;661-44955;"Display, iPhone 16 Pro Max";G9PHJBK0E9800005DR;;2026-06-16;1;379.00;379.00
SMS_MSPI-Owned;Regular;661-37207;"Battery, iPhone 15 Plus";F8YHRNC007S00006U0;;2026-06-16;1;51.00;51.00
VER_MSPI-Owned;Regular;661-21993;"Display, iPhone 13 Pro";G9P5224LCKBPQCKAX;;2026-06-17;1;279.00;279.00
MOA-MSPI-Owned;Regular;661-55240;"Display, iPhone Air";GVCHJT01AM60000HU9;;2026-06-18;1;329.00;329.00
MOA-MSPI-Owned;Regular;661-56049;"Battery, pSIM, iPhone 17 Pro Max";FG9HL501AEP00015XX;;2026-06-18;1;119.00;119.00
MOA-MSPI-Owned;Regular;661-44954;"Battery, iPhone 16 Pro Max";F8YHQ5H0F3V0000UMK;;2026-06-18;1;119.00;119.00
MOA-MSPI-Owned;Regular;661-42837;"Battery, iPhone 16 Plus";F8YHNX0046B0000RSS;;2026-06-18;1;99.00;99.00
MOA-MSPI-Owned;Regular;661-44796;"Battery, iPhone 16";FG9HNM00GFA0000R3T;;2026-06-18;1;99.00;99.00
MOA-MSPI-Owned;Regular;661-42720;"Battery, iPhone 16 Pro";F8YHQLA006F0000RZ2;;2026-06-18;1;119.00;119.00
GL5_MSPI-Owned;Regular;661-55240;"Display, iPhone Air";GVCHJM005JK0000HU9;;2026-06-18;1;329.00;329.00
SMS_MSPI-Owned;Regular;661-56049;"Battery, pSIM, iPhone 17 Pro Max";FG9HL501A6900015XX;;2026-06-18;1;119.00;119.00
FES-MSPI-Owned;Regular;661-55240;"Display, iPhone Air";GVCHKB00VQL0000HU9;;2026-06-18;1;329.00;329.00
FES-MSPI-Owned;Regular;661-56049;"Battery, pSIM, iPhone 17 Pro Max";FG9HL5014E600015XX;;2026-06-18;1;119.00;119.00
FES-MSPI-Owned;Regular;661-44954;"Battery, iPhone 16 Pro Max";F8YHQ5H0GZB0000UMK;;2026-06-18;1;119.00;119.00
FES-MSPI-Owned;Regular;661-42837;"Battery, iPhone 16 Plus";F8YHNW00A550000RSS;;2026-06-18;1;99.00;99.00
FES-MSPI-Owned;Regular;661-44796;"Battery, iPhone 16";FG9HNP000050000R3T;;2026-06-18;1;99.00;99.00
FES-MSPI-Owned;Regular;661-42720;"Battery, iPhone 16 Pro";F8YHQMA02F40000RZ2;;2026-06-18;1;119.00;119.00
GL5_MSPI-Owned;Regular;661-21993;"Display, iPhone 13 Pro";G9P5224LMQ4PQCKAE;;2026-06-18;1;279.00;279.00
GB3-MSPI-Owned;Regular;661-56065;"Display, iPhone 17";GVCHQF017Y50000U6M;;2026-06-19;1;329.00;329.00
GB3-MSPI-Owned;Regular;661-42726;"Display, iPhone 16 Pro";G9PHRCT2GZG00005DP;;2026-06-19;1;329.00;329.00
NES_MSPI-Owned;Regular;661-22309;"Display, iPhone 13 Pro Max";G9P4523M697PQCLA0;;2026-06-19;1;329.00;329.00
NES_MSPI-Owned;Regular;661-42726;"Display, iPhone 16 Pro";G9PHLTT0C6Q00005DP;;2026-06-19;1;329.00;329.00
MRK-MSPI-Owned;Regular;661-35699;"Display, iPhone 15 Pro";G9P5446Q1LV1PHPAD;;2026-06-19;1;276.00;276.00
POD_MSPI-Owned;Regular;661-56050;"Display, iPhone 17 Pro Max";GH3HS301ABA0000MUZ;;2026-06-19;1;379.00;379.00
MAG-MSPI-Owned;Regular;661-56065;"Display, iPhone 17";GVCHRG034QY0000U6M;;2026-06-22;1;313.00;313.00
GB3-MSPI-Owned;Regular;661-42726;"Display, iPhone 16 Pro";G9PHLZT2TSS00005DP;;2026-06-22;1;329.00;329.00
GB3-MSPI-Owned;Regular;661-22311;"Display, iPhone 13 mini";G9Q4523A26UPRRDAR;;2026-06-22;1;192.00;192.00
TRI-MSPI-Owned;Regular;661-22311;"Display, iPhone 13 mini";G9Q5306BLAUPRRDAU;;2026-08-13;1;229.00;229.00
MRK-MSPI-Owned;Regular;661-22309;"Display, iPhone 13 Pro Max";G9P4224MJR1PQCLAG;;2026-06-23;1;329.00;329.00
CDO-MSPI-Owned;Regular;661-21991;"Battery, iPhone 13";F8Y6184C1AZ18FKBE;;2026-06-24;1;89.00;89.00
NES_MSPI-Owned;Regular;661-04580;"Battery, iPhone 6 Plus";F8Y904601RWFTHLD4;;2026-06-24;1;61.61;61.61
NES_MSPI-Owned;Regular;661-04580;"Battery, iPhone 6 Plus";F8Y9035037RFTHLDX;;2026-06-24;1;61.61;61.61
NES_MSPI-Owned;Regular;661-04581;"Battery Kit, iPhone 6s";F5D51150VC7G5NYDB;;2026-06-24;1;69.00;69.00
NES_MSPI-Owned;Regular;661-04479;"Battery Kit, iPhone SE";F5D1496K3A9GKK7AX;;2026-06-24;1;43.75;43.75
GL5_MSPI-Owned;Regular;661-21988;"Display, iPhone 13";G9P5483C1D2PR5QAM;;2026-06-24;1;279.00;279.00
SMS_MSPI-Owned;Regular;661-21993;"Display, iPhone 13 Pro";G9P5263L5FNPQCKAU;;2026-06-25;1;279.00;279.00
ZAM-MSPI-Owned;Regular;661-22309;"Display, iPhone 13 Pro Max";G9P5186MGNPPQCLAH;;2026-06-26;1;329.00;329.00
NES_MSPI-Owned;Regular;661-44955;"Display, iPhone 16 Pro Max";G9PHFBK3P6Q00005DR;;2026-06-26;1;334.00;334.00
GL5_MSPI-Owned;Regular;661-22309;"Display, iPhone 13 Pro Max";G9P5386M9PPPQCLAK;;2026-06-26;1;276.00;276.00
ABR-MSPI-Owned;Regular;661-22309;"Display, iPhone 13 Pro Max";G9P5386MLKHPQCLAS;;2026-06-27;1;276.00;276.00
MRK-MSPI-Owned;Regular;661-42726;"Display, iPhone 16 Pro";G9PHK9G2GXG00005DP;;2026-07-01;1;329.00;329.00
MOA-MSPI-Owned;Regular;661-56065;"Display, iPhone 17";GVCHRN0078M0000U6M;;2026-07-01;1;329.00;329.00
GB3-MSPI-Owned;Regular;661-30394;"Battery, iPhone 14 Plus";F8Y6233C4GL237KBD;;2026-07-01;1;99.00;99.00
GB3-MSPI-Owned;Regular;661-56050;"Display, iPhone 17 Pro Max";GH3HS600CT30000MUZ;;2026-07-01;1;379.00;379.00
ANX-MSPI-Owned;Regular;661-44797;"Display, iPhone 16";G9QHQYY15KD00004Y7;;2026-07-01;1;279.00;279.00
GL5_MSPI-Owned;Regular;661-56121;"Battery, pSIM, iPhone 17 Pro";F8YHKFY0LTZ000161P;;2026-07-01;1;119.00;119.00
GL5_MSPI-Owned;Regular;661-37207;"Battery, iPhone 15 Plus";F8YHTCC00VY00006U0;;2026-07-01;1;99.00;99.00
GL5_MSPI-Owned;Regular;661-44955;"Display, iPhone 16 Pro Max";G9PHJ4U0V9X00005DR;;2026-07-01;1;379.00;379.00
NPM-MSPI-Owned;Regular;661-21993;"Display, iPhone 13 Pro";G9P5385LL1LPQCKAE;;2026-07-02;1;234.00;234.00
SMS_MSPI-Owned;Regular;661-22309;"Display, iPhone 13 Pro Max";G9P4443MFLEPQCLAE;;2026-07-02;1;329.00;329.00
MRK-MSPI-Owned;Regular;661-21993;"Display, iPhone 13 Pro";G9P5507M6GFPQCKA5;;2026-07-02;1;279.00;279.00
GL5_MSPI-Owned;Regular;661-21988;"Display, iPhone 13";GVH51910XNXPR5PAN;;2026-07-03;1;234.00;234.00
NES_MSPI-Owned;Regular;661-49431;"Display, iPhone 16e";G9Q5385XM721502AF;;2026-07-03;1;229.00;229.00
NES_MSPI-Owned;Regular;661-55240;"Display, iPhone Air";GVCHJW03K690000HU9;;2026-07-03;1;329.00;329.00
NES_MSPI-Owned;Regular;661-56049;"Battery, pSIM, iPhone 17 Pro Max";FG9HL501A3T00015XX;;2026-07-03;1;119.00;119.00
NES_MSPI-Owned;Regular;661-44796;"Battery, iPhone 16";FG9HNM00F190000R3T;;2026-07-03;1;99.00;99.00
NES_MSPI-Owned;Regular;661-44796;"Battery, iPhone 16";FG9HNM00DN50000R3T;;2026-07-03;1;99.00;99.00
MAG-MSPI-Owned;Regular;661-44955;"Display, iPhone 16 Pro Max";G9PHJEK06LB00005DR;;2026-07-04;1;379.00;379.00
MEG-MSPI-Owned;Regular;661-30382;"Battery, iPhone 14 Pro";F8Y6162C5A0217WB0;;2026-07-04;1;99.00;99.00
POD_MSPI-Owned;Regular;661-44955;"Display, iPhone 16 Pro Max";G9PHJ3U09PA00005DR;;2026-07-04;1;379.00;379.00
POD_MSPI-Owned;Regular;661-36706;"Display, iPhone 15";G9Q5481UA3V21KHAL;;2026-07-04;1;279.00;279.00
SMS_MSPI-Owned;Regular;661-44955;"Display, iPhone 16 Pro Max";G9PHJ0U0N8N00005DR;;2026-07-04;1;379.00;379.00
SMS_MSPI-Owned;Regular;661-30401;"Display, iPhone 14 Pro Max";G9P5181NGQY14YDA3;;2026-07-04;1;379.00;379.00
SMS_MSPI-Owned;Regular;661-21991;"Battery, iPhone 13";F8Y6211C12018FKBS;;2026-07-04;1;89.00;89.00
SMS_MSPI-Owned;Regular;661-30397;"Battery, iPhone 14 Pro Max";F8Y6166C85A20J9BM;;2026-07-04;1;99.00;99.00
SMS_MSPI-Owned;Regular;661-21996;"Battery, iPhone 13 Pro";F8Y6165C4BA13RHCA;;2026-07-04;1;89.00;89.00
SMS_MSPI-Owned;Regular;661-21991;"Battery, iPhone 13";F8Y6211C4J418FKB5;;2026-07-04;1;89.00;89.00
SMS_MSPI-Owned;Regular;661-21991;"Battery, iPhone 13";F8Y6211C05018FKBJ;;2026-07-04;1;89.00;89.00
SMS_MSPI-Owned;Regular;661-44797;"Display, iPhone 16";G9NHQV21ACG00004Y7;;2026-07-04;1;279.00;279.00
SMS_MSPI-Owned;Regular;661-42726;"Display, iPhone 16 Pro";G9PHRDT22KA00005DP;;2026-07-04;1;329.00;329.00
TRI-MSPI-Owned;Regular;661-56064;"Battery, iPhone 17";F8YHKR00GSM0001510;;2026-07-04;1;99.00;99.00
TRI-MSPI-Owned;Regular;661-37207;"Battery, iPhone 15 Plus";F8YHRLC01CN00006U0;;2026-07-04;1;99.00;99.00
BHS_MSPI-Owned;Regular;661-30394;"Battery, iPhone 14 Plus";F8Y6233C5Y6237KBC;;2026-07-04;1;99.00;99.00
BHS_MSPI-Owned;Regular;661-44796;"Battery, iPhone 16";FG9HNM00DNN0000R3T;;2026-07-04;1;99.00;99.00
VER_MSPI-Owned;Regular;661-44954;"Battery, iPhone 16 Pro Max";F8YHQ5H08ES0000UMK;;2026-07-04;1;119.00;119.00
VER_MSPI-Owned;Regular;661-21988;"Display, iPhone 13";G9P5491C38FPR5QAL;;2026-07-04;1;279.00;279.00
VER_MSPI-Owned;Regular;661-30366;"Display, iPhone 14";G9Q5495VA1E1502A0;;2026-07-04;1;279.00;279.00
VER_MSPI-Owned;Regular;661-42726;"Display, iPhone 16 Pro";G9PHRCT0D0V00005DP;;2026-07-04;1;329.00;329.00
VER_MSPI-Owned;Regular;661-42720;"Battery, iPhone 16 Pro";F8YHT8A0AJ80000RZ2;;2026-07-04;1;119.00;119.00
VER_MSPI-Owned;Regular;661-37207;"Battery, iPhone 15 Plus";F8YHTCC00NX00006U0;;2026-07-04;1;99.00;99.00
MRK-MSPI-Owned;Regular;661-56050;"Display, iPhone 17 Pro Max";G9PHSAE49920000MUY;;2026-07-04;1;379.00;379.00
MRK-MSPI-Owned;Regular;661-44955;"Display, iPhone 16 Pro Max";G9PHHWK1EZ900005DR;;2026-07-04;1;379.00;379.00
MRK-MSPI-Owned;Regular;661-21988;"Display, iPhone 13";G9P5491C1E8PR5QAB;;2026-07-04;1;279.00;279.00
MRK-MSPI-Owned;Regular;661-30366;"Display, iPhone 14";G9Q5486VB891502AK;;2026-07-04;1;279.00;279.00
FES-MSPI-Owned;Regular;661-21988;"Display, iPhone 13";G9P5487CCGBPR5QAN;;2026-07-05;1;279.00;279.00
FES-MSPI-Owned;Regular;661-42726;"Display, iPhone 16 Pro";G9PHMGT0VST00005DP;;2026-07-05;1;329.00;329.00
FES-MSPI-Owned;Regular;661-30397;"Battery, iPhone 14 Pro Max";F8Y6166C1JC20J9BM;;2026-07-05;1;99.00;99.00
FES-MSPI-Owned;Regular;661-22294;"Battery, iPhone 13 Pro Max";F8Y6175C97113XCBD;;2026-07-05;1;89.00;89.00
FES-MSPI-Owned;Regular;661-30394;"Battery, iPhone 14 Plus";F8Y6233C4GK237KBE;;2026-07-05;1;99.00;99.00
FES-MSPI-Owned;Regular;661-30394;"Battery, iPhone 14 Plus";F8Y6234C11F237KBX;;2026-07-05;1;99.00;99.00
NES_MSPI-Owned;Regular;661-42843;"Display, iPhone 16 Plus";G9QHQUT0YSF00004Y9;;2026-07-06;1;329.00;329.00
NES_MSPI-Owned;Regular;661-30394;"Battery, iPhone 14 Plus";F8Y6233C6J7237KBJ;;2026-07-06;1;99.00;99.00
FES-MSPI-Owned;Regular;661-30394;"Battery, iPhone 14 Plus";F8Y6234C119237KB3;;2026-07-06;1;99.00;99.00
FES-MSPI-Owned;Regular;661-30394;"Battery, iPhone 14 Plus";F8Y6234C0V2237KBV;;2026-07-06;1;99.00;99.00
FES-MSPI-Owned;Regular;661-30394;"Battery, iPhone 14 Plus";F8Y6233C3ZB237KB6;;2026-07-06;1;99.00;99.00
ABR-MSPI-Owned;Regular;661-22309;"Display, iPhone 13 Pro Max";G9P4444M3QEPQCLAD;;2026-07-06;1;329.00;329.00
LIM_MSPI-Owned;Regular;661-21988;"Display, iPhone 13";G9P5486CC8ZPR5QAR;;2026-07-07;1;279.00;279.00
TRI-MSPI-Owned;Regular;661-42726;"Display, iPhone 16 Pro";G9PHRPT20GS00005DP;;2026-07-07;1;329.00;329.00
NPM-MSPI-Owned;Regular;661-42726;"Display, iPhone 16 Pro";G9PHMET1VG800005DP;;2026-07-07;1;329.00;329.00
NPM-MSPI-Owned;Regular;661-44797;"Display, iPhone 16";G9QHQUD0K0W00004Y7;;2026-07-07;1;279.00;279.00
NPM-MSPI-Owned;Regular;661-36915;"Display, iPhone 15 Pro Max";G9P5385Q51A1PHRA5;;2026-07-07;1;379.00;379.00
NPM-MSPI-Owned;Regular;661-21988;"Display, iPhone 13";G9P5491CPRJPR5QAE;;2026-07-07;1;279.00;279.00
VER_MSPI-Owned;Regular;661-44796;"Battery, iPhone 16";FG9HLV0017E0000R3T;;2026-07-07;1;99.00;99.00
NES_MSPI-Owned;Regular;661-56125;"Display, iPhone 17 Pro";G9QHTCP3C1R0000L4B;;2026-07-08;1;329.00;329.00
NES_MSPI-Owned;Regular;661-42726;"Display, iPhone 16 Pro";G9PHRDT01RA00005DP;;2026-07-08;1;290.00;290.00
NES_MSPI-Owned;Regular;661-55235;"Battery, iPhone Air";F8YHKKY0RCB00017SP;;2026-07-08;1;119.00;119.00
GB3-MSPI-Owned;Regular;661-56125;"Display, iPhone 17 Pro";G9PHTFD4YZ00000L4B;;2026-07-08;1;329.00;329.00
GL5_MSPI-Owned;Regular;661-42726;"Display, iPhone 16 Pro";G9PHRAT2R3E00005DP;;2026-07-08;1;329.00;329.00
TRI-MSPI-Owned;Regular;661-37213;"Display, iPhone 15 Plus";G9Q5194SD181PHMAW;;2026-07-08;1;329.00;329.00
VER_MSPI-Owned;Regular;661-44956;"TrueDepth Camera, iPhone 16 Pro Max";G0NHLH00AMA0000HKZ;;2026-07-08;1;199.00;199.00
VER_MSPI-Owned;Regular;661-21993;"Display, iPhone 13 Pro";G9P5507M79FPQCKAR;;2026-07-08;1;279.00;279.00
ABR-MSPI-Owned;Regular;661-21996;"Battery, iPhone 13 Pro";F8Y6165C05X13RHCB;;2026-07-09;1;89.00;89.00
CDO-MSPI-Owned;Regular;661-21993;"Display, iPhone 13 Pro";G9P5385L4BDPQCKA7;;2026-07-09;1;279.00;279.00
GB3-MSPI-Owned;Regular;661-44955;"Display, iPhone 16 Pro Max";G9PHHXS06AV00005DR;;2026-07-09;1;379.00;379.00
GB3-MSPI-Owned;Regular;661-56125;"Display, iPhone 17 Pro";G9QHTDK5EB50000L4B;;2026-07-09;1;329.00;329.00
PPM-MSPI-Owned;Regular;661-56125;"Display, iPhone 17 Pro";G9PHTFY0MFM0000L4B;;2026-07-13;1;313.00;313.00
PPM-MSPI-Owned;Regular;661-44955;"Display, iPhone 16 Pro Max";G9PHFCH0KH300005DR;;2026-07-13;1;379.00;379.00
PPM-MSPI-Owned;Regular;661-42726;"Display, iPhone 16 Pro";G9PHLUT2GH700005DP;;2026-07-13;1;329.00;329.00
VER_MSPI-Owned;Regular;661-21988;"Display, iPhone 13";G9P5473C96UPR5QAB;;2026-07-13;1;279.00;279.00
MOA-MSPI-Owned;Regular;661-36706;"Display, iPhone 15";G9Q6045SEAP21KHAG;;2026-07-14;1;279.00;279.00
NES_MSPI-Owned;Regular;661-21988;"Display, iPhone 13";G9P5491C6LBPR5QAK;;2026-07-14;1;279.00;279.00
APPILO_MSPI-Owned;Regular;661-44796;"Battery, iPhone 16";FG9HNM00ES90000R3T;;2026-07-14;1;99.00;99.00
APPILO_MSPI-Owned;Regular;661-55240;"Display, iPhone Air";GVCHJD031FQ0000HU9;;2026-07-14;1;329.00;329.00
APPILO_MSPI-Owned;Regular;661-56125;"Display, iPhone 17 Pro";G9QHRFP3ZU00000L4B;;2026-07-14;1;329.00;329.00
APPILO_MSPI-Owned;Regular;661-42720;"Battery, iPhone 16 Pro";F8YHQMA01ZZ0000RZ2;;2026-07-14;1;119.00;119.00
APPILO_MSPI-Owned;Regular;661-44954;"Battery, iPhone 16 Pro Max";F8YHQ5H0HZD0000UMK;;2026-07-14;1;119.00;119.00
APPILO_MSPI-Owned;Regular;661-56050;"Display, iPhone 17 Pro Max";GH3HRS00JES0000MUZ;;2026-07-14;1;379.00;379.00
APPILO_MSPI-Owned;Regular;661-42837;"Battery, iPhone 16 Plus";F8YHNW00A5E0000RSS;;2026-07-14;1;99.00;99.00
APPILO_MSPI-Owned;Regular;661-56065;"Display, iPhone 17";GVCHR801C3W0000U6M;;2026-07-14;1;329.00;329.00
ILO-MSPI-Owned;Regular;661-13574;"Battery, iPhone 11";F8Y6136C9CWM6YND0;;2026-07-15;1;46.00;46.00
CDO-MSPI-Owned;Regular;661-21996;"Battery, iPhone 13 Pro";F8Y6177C8KW13RHCR;;2026-07-15;1;89.00;89.00
SMS_MSPI-Owned;Regular;661-30394;"Battery, iPhone 14 Plus";F8Y6046C0GP237KBA;;2026-07-15;1;99.00;99.00
SMS_MSPI-Owned;Regular;661-21996;"Battery, iPhone 13 Pro";F8Y6177C94A13RHCM;;2026-07-15;1;89.00;89.00
SMS_MSPI-Owned;Regular;661-30397;"Battery, iPhone 14 Pro Max";F8Y6183C4QZ20J9BA;;2026-07-15;1;99.00;99.00
SMS_MSPI-Owned;Regular;661-22294;"Battery, iPhone 13 Pro Max";F8Y6225C5ZM13XCB1;;2026-07-15;1;89.00;89.00
MRK-MSPI-Owned;Regular;661-21991;"Battery, iPhone 13";F8Y6226C0PU18FKBW;;2026-07-15;1;89.00;89.00
MRK-MSPI-Owned;Regular;661-21991;"Battery, iPhone 13";F8Y6227C44Q18FKBJ;;2026-07-15;1;89.00;89.00
MAG-MSPI-Owned;Regular;661-56064;"Battery, iPhone 17";F8YHKR0044M0001510;;2026-07-15;1;99.00;99.00
GB3-MSPI-Owned;Regular;661-56065;"Display, iPhone 17";GVCHSK01GE30000U6M;;2026-07-15;1;329.00;329.00
VER_MSPI-Owned;Regular;661-22309;"Display, iPhone 13 Pro Max";G9P5386MD01PQCLA4;;2026-07-15;1;329.00;329.00
GB3-MSPI-Owned;Regular;661-21996;"Battery, iPhone 13 Pro";F8Y6133C88R13RHCB;;2026-07-15;1;89.00;89.00
GB3-MSPI-Owned;Regular;661-22294;"Battery, iPhone 13 Pro Max";F8Y6195C2MD13XCBU;;2026-07-15;1;89.00;89.00
GB3-MSPI-Owned;Regular;661-30373;"Battery, iPhone 14";F8Y6192C7GV231LB2;;2026-07-15;1;99.00;99.00
GB3-MSPI-Owned;Regular;661-30394;"Battery, iPhone 14 Plus";F8Y6233C6J3237KBN;;2026-07-15;1;99.00;99.00
MRK-MSPI-Owned;Regular;661-56065;"Display, iPhone 17";GVCHSB02P700000U6M;;2026-07-16;1;329.00;329.00
POD_MSPI-Owned;Regular;661-30366;"Display, iPhone 14";G9Q5143EJR71502AS;;2026-07-16;1;279.00;279.00
POD_MSPI-Owned;Regular;661-42726;"Display, iPhone 16 Pro";G9PHMET1RMK00005DP;;2026-07-16;1;329.00;329.00
NES_MSPI-Owned;Regular;661-56125;"Display, iPhone 17 Pro";G9PHREU1R6T0000L4B;;2026-07-16;1;329.00;329.00
NES_MSPI-Owned;Regular;661-56125;"Display, iPhone 17 Pro";G9NHQEH2HBY0000L4B;;2026-07-16;1;329.00;329.00
NES_MSPI-Owned;Regular;661-42843;"Display, iPhone 16 Plus";G9QHNZT08CP00004Y9;;2026-07-16;1;329.00;329.00
NES_MSPI-Owned;Regular;661-56065;"Display, iPhone 17";GVCHSA01QF50000U6M;;2026-07-16;1;329.00;329.00
NES_MSPI-Owned;Regular;661-44955;"Display, iPhone 16 Pro Max";G9PHJ4U097300005DR;;2026-07-16;1;379.00;379.00
NES_MSPI-Owned;Regular;661-30382;"Battery, iPhone 14 Pro";F8Y6197C1DE217WB1;;2026-07-16;1;99.00;99.00
FES-MSPI-Owned;Regular;661-17939;"Battery, iPhone 12 mini";F8Y4412C2CJ02JNBB;;2026-07-16;1;89.00;89.00
VER_MSPI-Owned;Regular;661-21993;"Display, iPhone 13 Pro";G9P5386LAFSPQCKA9;;2026-07-17;1;234.00;234.00
CEB-MSPI-Owned;Regular;661-44954;"Battery, iPhone 16 Pro Max";F8YHQ5H08260000UMK;;2026-07-19;1;119.00;119.00
CEB-MSPI-Owned;Regular;661-30394;"Battery, iPhone 14 Plus";F8Y6233C3XD237KBA;;2026-07-19;1;99.00;99.00
PPM-MSPI-Owned;Regular;661-56050;"Display, iPhone 17 Pro Max";G9PHS0V00JL0000MUY;;2026-07-19;1;379.00;379.00
NPM-MSPI-Owned;Regular;661-56125;"Display, iPhone 17 Pro";G9PHTFD37SX0000L4B;;2026-07-19;1;329.00;329.00
NES_MSPI-Owned;Regular;661-36915;"Display, iPhone 15 Pro Max";G9P6053Q8NZ1PHRAV;;2026-07-20;1;379.00;379.00
MRK-MSPI-Owned;Regular;661-22311;"Display, iPhone 13 mini";G9P5523BGJ9PRRDAP;;2026-07-20;1;229.00;229.00
MRK-MSPI-Owned;Regular;661-22374;"Battery, iPhone 13 mini";F8Y6245CBK614LWCP;;2026-07-20;1;46.00;46.00
TRI-MSPI-Owned;Regular;661-56125;"Display, iPhone 17 Pro";G9PHTMY64LD0000L4B;;2026-07-20;1;329.00;329.00
GB3-MSPI-Owned;Regular;661-36706;"Display, iPhone 15";G9Q6041SEGG21KHA9;;2026-07-21;1;279.00;279.00
POD_MSPI-Owned;Regular;661-21993;"Display, iPhone 13 Pro";G9P5264L5P3PQCKAN;;2026-07-21;1;279.00;279.00
ANX-MSPI-Owned;Regular;661-56050;"Display, iPhone 17 Pro Max";G9PHSBG2P5W0000MUY;;2026-07-21;1;379.00;379.00
MAG-MSPI-Owned;Regular;661-21996;"Battery, iPhone 13 Pro";F8Y6177C1DD13RHCZ;;2026-07-22;1;89.00;89.00
GL5_MSPI-Owned;Regular;661-42726;"Display, iPhone 16 Pro";G9PHS4T07PW00005DP;;2026-07-22;1;329.00;329.00
BHS_MSPI-Owned;Regular;661-44955;"Display, iPhone 16 Pro Max";G9PHJ1S0C6R00005DR;;2026-07-23;1;334.00;334.00
CDO-MSPI-Owned;Regular;661-22311;"Display, iPhone 13 mini";G9P5523BH9BPRRDAD;;2026-07-24;1;229.00;229.00
MRK-MSPI-Owned;Regular;661-22309;"Display, iPhone 13 Pro Max";G9P3392MH34PQCLAV;;2026-07-24;1;329.00;329.00
POD_MSPI-Owned;Regular;661-21991;"Battery, iPhone 13";F8Y6263CAD018FKB1;;2026-07-25;1;89.00;89.00
GL5_MSPI-Owned;Regular;661-22311;"Display, iPhone 13 mini";G9Q5315B18BPRRDA0;;2026-07-25;1;192.00;192.00
MOA-MSPI-Owned;Regular;661-56065;"Display, iPhone 17";GVCHR900A970000U6M;;2026-07-27;1;329.00;329.00
POD_MSPI-Owned;Regular;661-21991;"Battery, iPhone 13";F8Y6264C55518FKBQ;;2026-07-27;1;89.00;89.00
ANX-MSPI-Owned;Regular;661-21988;"Display, iPhone 13";G9P5485CA7BPR5QAK;;2026-07-28;1;279.00;279.00
FES-MSPI-Owned;Regular;661-35699;"Display, iPhone 15 Pro";G9P5232RKD51PHPAC;;2026-07-29;1;329.00;329.00
FES-MSPI-Owned;Regular;661-37207;"Battery, iPhone 15 Plus";F8YHNVC021000006U0;;2026-07-29;1;99.00;99.00
FES-MSPI-Owned;Regular;661-44796;"Battery, iPhone 16";FG9HM5003AR0000R3T;;2026-07-29;1;99.00;99.00
FES-MSPI-Owned;Regular;661-42720;"Battery, iPhone 16 Pro";F8YHN7A04830000RZ2;;2026-07-29;1;119.00;119.00
FES-MSPI-Owned;Regular;661-42837;"Battery, iPhone 16 Plus";F8YHLS00LEX0000RSS;;2026-07-29;1;99.00;99.00
FES-MSPI-Owned;Regular;661-44954;"Battery, iPhone 16 Pro Max";F8YHLPH00B10000UMJ;;2026-07-29;1;119.00;119.00
FES-MSPI-Owned;Regular;661-56064;"Battery, iPhone 17";F8YHKR00B890001510;;2026-07-29;1;99.00;99.00
FES-MSPI-Owned;Regular;661-56056;"Battery, eSIM, iPhone 17 Pro Max";FG9HKT00ST900015Y1;;2026-07-29;1;119.00;119.00
FES-MSPI-Owned;Regular;661-56121;"Battery, pSIM, iPhone 17 Pro";F8YHKT011RY000161P;;2026-07-29;1;119.00;119.00
FES-MSPI-Owned;Regular;661-55235;"Battery, iPhone Air";F8YHKLY0RK400017SP;;2026-07-29;1;119.00;119.00
GL5_MSPI-Owned;Regular;661-21996;"Battery, iPhone 13 Pro";F8Y6207C05T13RHCW;;2026-07-29;1;89.00;89.00
GL5_MSPI-Owned;Regular;661-22374;"Battery, iPhone 13 mini";F8Y6245C71R14LWCU;;2026-07-29;1;89.00;89.00
GL5_MSPI-Owned;Regular;661-56050;"Display, iPhone 17 Pro Max";G9NHS1M23LL0000MUY;;2026-07-29;1;379.00;379.00
GL5_MSPI-Owned;Regular;661-29370;"Display, iPhone 14 Pro";G9P5074P50114YCAE;;2026-07-29;1;329.00;329.00
GL5_MSPI-Owned;Regular;661-44955;"Display, iPhone 16 Pro Max";G9PHJ4K0ASN00005DR;;2026-07-29;1;379.00;379.00
GL5_MSPI-Owned;Regular;661-42726;"Display, iPhone 16 Pro";G9PHRJT2CMD00005DP;;2026-07-29;1;329.00;329.00
VER_MSPI-Owned;Regular;661-21988;"Display, iPhone 13";G9P5472CGN2PR5QAH;;2026-07-29;1;234.00;234.00
GB3-MSPI-Owned;Regular;661-30394;"Battery, iPhone 14 Plus";F8Y6234C3SU237KB9;;2026-07-30;1;99.00;99.00
GB3-MSPI-Owned;Regular;661-22294;"Battery, iPhone 13 Pro Max";F8Y6195C4VX13XCBJ;;2026-07-30;1;89.00;89.00
GB3-MSPI-Owned;Regular;661-30397;"Battery, iPhone 14 Pro Max";F8Y6237C3KP20J9BC;;2026-07-30;1;99.00;99.00
GB3-MSPI-Owned;Regular;661-56125;"Display, iPhone 17 Pro";G9QHSLK1YXG0000L4B;;2026-07-30;1;329.00;329.00
GB3-MSPI-Owned;Regular;661-56065;"Display, iPhone 17";JLNHSN00GLB0000U6M;;2026-07-30;1;329.00;329.00
GB3-MSPI-Owned;Regular;661-44955;"Display, iPhone 16 Pro Max";G9PHHXS159P00005DR;;2026-07-30;1;379.00;379.00
GB3-MSPI-Owned;Regular;661-36706;"Display, iPhone 15";G9Q6041S5S321KHA1;;2026-07-30;1;279.00;279.00
VER_MSPI-Owned;Regular;661-21988;"Display, iPhone 13";GVH54810460PR5PAS;;2026-07-30;1;234.00;234.00
VER_MSPI-Owned;Regular;661-42720;"Battery, iPhone 16 Pro";F8YHNUA02QV0000RZ2;;2026-07-30;1;119.00;119.00
VER_MSPI-Owned;Regular;661-21988;"Display, iPhone 13";G9P5472C44GPR5QA1;;2026-07-30;1;279.00;279.00
VER_MSPI-Owned;Regular;661-30366;"Display, iPhone 14";G9Q5492V2AL1502AC;;2026-07-30;1;279.00;279.00
NES_MSPI-Owned;Regular;661-21996;"Battery, iPhone 13 Pro";F8Y6207CAR113RHCL;;2026-07-30;1;89.00;89.00
NES_MSPI-Owned;Regular;661-22294;"Battery, iPhone 13 Pro Max";F8Y6144C0YT13XCBZ;;2026-06-15;1;89.00;89.00
SMS_MSPI-Owned;Regular;661-21991;"Battery, iPhone 13";F8Y6244C8BS18FKBN;;2026-07-30;1;89.00;89.00
SMS_MSPI-Owned;Regular;661-21991;"Battery, iPhone 13";F8Y6245C0WQ18FKB8;;2026-07-30;1;89.00;89.00
SMS_MSPI-Owned;Regular;661-21991;"Battery, iPhone 13";F8Y6262C8YJ18FKBX;;2026-07-30;1;89.00;89.00
SMS_MSPI-Owned;Regular;661-22294;"Battery, iPhone 13 Pro Max";F8Y6225C39Z13XCBV;;2026-07-30;1;89.00;89.00
SMS_MSPI-Owned;Regular;661-21996;"Battery, iPhone 13 Pro";F8Y6207C05Q13RHCZ;;2026-07-30;1;89.00;89.00
SMS_MSPI-Owned;Regular;661-30397;"Battery, iPhone 14 Pro Max";F8Y6183C8J520J9BJ;;2026-07-30;1;99.00;99.00
SMS_MSPI-Owned;Regular;661-30366;"Display, iPhone 14";G9Q5492VJJG1502AA;;2026-07-30;1;279.00;279.00
SMS_MSPI-Owned;Regular;661-30401;"Display, iPhone 14 Pro Max";G9P6056N65H14YDAK;;2026-07-30;1;379.00;379.00
SMS_MSPI-Owned;Regular;661-30401;"Display, iPhone 14 Pro Max";G9P5435N6PQ14YDAY;;2026-07-30;1;379.00;379.00
SMS_MSPI-Owned;Regular;661-21988;"Display, iPhone 13";G9P5471C9CRPR5QAY;;2026-07-30;1;279.00;279.00
SMS_MSPI-Owned;Regular;661-36915;"Display, iPhone 15 Pro Max";G9P5384QEG91PHRAM;;2026-07-30;1;379.00;379.00
SMS_MSPI-Owned;Regular;661-36706;"Display, iPhone 15";G9Q6041S7Q121KHA7;;2026-07-30;1;279.00;279.00
POD_MSPI-Owned;Regular;661-21991;"Battery, iPhone 13";F8Y6263CABR18FKBG;;2026-07-30;1;89.00;89.00
POD_MSPI-Owned;Regular;661-21996;"Battery, iPhone 13 Pro";F8Y6207CBMK13RHCD;;2026-07-30;1;89.00;89.00
POD_MSPI-Owned;Regular;661-21996;"Battery, iPhone 13 Pro";F8Y6222C3NF13RHCM;;2026-07-30;1;89.00;89.00
POD_MSPI-Owned;Regular;661-22294;"Battery, iPhone 13 Pro Max";F8Y6225C3A613XCBK;;2026-07-30;1;89.00;89.00
POD_MSPI-Owned;Regular;661-56050;"Display, iPhone 17 Pro Max";G9PHSHX2RZV0000MUY;;2026-07-30;1;379.00;379.00
POD_MSPI-Owned;Regular;661-22374;"Battery, iPhone 13 mini";F8Y5426C0C014LWCZ;;2026-07-30;1;89.00;89.00
NPM-MSPI-Owned;Regular;661-21988;"Display, iPhone 13";G9P5486CBP9PR5QA5;;2026-07-31;1;234.00;234.00
ABR-MSPI-Owned;Regular;661-56050;"Display, iPhone 17 Pro Max";G9PHS0F2KKV0000MUY;;2026-07-31;1;379.00;379.00
VER_MSPI-Owned;Regular;661-21988;"Display, iPhone 13";G9P5522CNBAPR5QAG;;2026-07-31;1;234.00;234.00
VER_MSPI-Owned;Regular;661-21988;"Display, iPhone 13";G9P5516CDPVPR5QA3;;2026-07-31;1;279.00;279.00
MOA-MSPI-Owned;Regular;661-26216;"Lid Angle Sensor, MBA (M2, 2022)";;;2026-08-01;2;1419.50;2839.00
MOA-MSPI-Owned;Regular;661-40224;"Lid Angle Sensor, MBA (13-in, M3, 2024)";;;2026-08-01;2;1419.50;2839.00
MOA-MSPI-Owned;Regular;923-05157;"USB-C to Lightning Cable, 1m, White";;;2026-08-01;1;1628.00;1628.00
MOA-MSPI-Owned;Regular;661-17061;"Logic Board , M1, 8-core, 16GB, 256GB";C02140400GGQ8LMAS;;2026-08-01;1;83681.00;83681.00
ILO-MSPI-Owned;Regular;661-21993;"Display, iPhone 13 Pro";G9P5086L19CPQCKAK;;2026-08-01;1;279.00;279.00
POD_MSPI-Owned;Regular;661-30401;"Display, iPhone 14 Pro Max";G9P5435NJ2Y14YDA7;;2026-08-01;1;379.00;379.00
POD_MSPI-Owned;Regular;661-44955;"Display, iPhone 16 Pro Max";G9PHJ9K0A6W00005DR;;2026-08-01;1;379.00;379.00
POD_MSPI-Owned;Regular;661-35885;"Battery, iPhone 15";F8YHUBC0M5200006TW;;2026-08-01;1;99.00;99.00
POD_MSPI-Owned;Regular;661-35885;"Battery, iPhone 15";F8YHUBC0AKB00006TW;;2026-08-01;1;99.00;99.00
MEG-MSPI-Owned;Regular;661-56050;"Display, iPhone 17 Pro Max";G9PHSSE48490000MUY;;2026-08-01;1;379.00;379.00
MEG-MSPI-Owned;Regular;661-30401;"Display, iPhone 14 Pro Max";G9P5435NNP014YDA6;;2026-08-01;1;379.00;379.00
MEG-MSPI-Owned;Regular;661-44955;"Display, iPhone 16 Pro Max";G9PHJAK06CP00005DR;;2026-08-01;1;379.00;379.00
MEG-MSPI-Owned;Regular;661-22294;"Battery, iPhone 13 Pro Max";F8Y6195C4R213XCBR;;2026-08-01;1;89.00;89.00
MEG-MSPI-Owned;Regular;661-22294;"Battery, iPhone 13 Pro Max";F8Y6195C4V713XCB8;;2026-08-01;1;89.00;89.00
MAG-MSPI-Owned;Regular;661-30366;"Display, iPhone 14";G9Q5485V28L1502AJ;;2026-08-01;1;279.00;279.00
MAG-MSPI-Owned;Regular;661-21988;"Display, iPhone 13";G9P5476CL95PR5QAB;;2026-08-01;1;279.00;279.00
MAG-MSPI-Owned;Regular;661-56049;"Battery, pSIM, iPhone 17 Pro Max";FG9HL1018VU00015XX;;2026-08-01;1;119.00;119.00
MAG-MSPI-Owned;Regular;661-21996;"Battery, iPhone 13 Pro";F8Y6222C3NG13RHCL;;2026-08-01;1;89.00;89.00
MRK-MSPI-Owned;Regular;661-22374;"Battery, iPhone 13 mini";F8Y6245C77814LWCT;;2026-08-01;1;89.00;89.00
BHS_MSPI-Owned;Regular;661-22294;"Battery, iPhone 13 Pro Max";F8Y6225C4UB13XCBT;;2026-08-01;1;89.00;89.00
BHS_MSPI-Owned;Regular;661-30373;"Battery, iPhone 14";F8Y6234CCVB231LBR;;2026-08-01;1;99.00;99.00
BHS_MSPI-Owned;Regular;661-35694;"Battery, iPhone 15 Pro";F8YHUQD001V00006TP;;2026-08-01;1;99.00;99.00
BHS_MSPI-Owned;Regular;661-35694;"Battery, iPhone 15 Pro";F8YHUQD00AE00006TP;;2026-08-01;1;99.00;99.00
BHS_MSPI-Owned;Regular;661-30397;"Battery, iPhone 14 Pro Max";F8Y6233C0N120J9BY;;2026-08-01;1;99.00;99.00
GL5_MSPI-Owned;Regular;661-37207;"Battery, iPhone 15 Plus";F8YHRNC03MS00006U0;;2026-08-01;1;99.00;99.00
PPM-MSPI-Owned;Regular;661-56064;"Battery, iPhone 17";F8YHRP00LVK0001510;;2026-08-01;1;99.00;99.00
PPM-MSPI-Owned;Regular;661-56125;"Display, iPhone 17 Pro";G9QHQRP5RYX0000L4B;;2026-08-01;1;329.00;329.00
VER_MSPI-Owned;Regular;661-56125;"Display, iPhone 17 Pro";G9QHSMP502P0000L4B;;2026-08-01;1;329.00;329.00
VER_MSPI-Owned;Regular;661-29370;"Display, iPhone 14 Pro";G9P5127P7FL14YCAT;;2026-08-01;1;329.00;329.00
VER_MSPI-Owned;Regular;661-36706;"Display, iPhone 15";G9P6087RH9R21KHA4;;2026-08-01;1;279.00;279.00
VER_MSPI-Owned;Regular;661-44797;"Display, iPhone 16";G9QHQVD0UGL00004Y7;;2026-08-01;1;279.00;279.00
MOA-MSPI-Owned;Regular;661-22294;"Battery, iPhone 13 Pro Max";F8Y6195C0C013XCB2;;2026-08-01;1;89.00;89.00
MOA-MSPI-Owned;Regular;661-22294;"Battery, iPhone 13 Pro Max";F8Y6225C3A513XCBL;;2026-08-01;1;89.00;89.00
MOA-MSPI-Owned;Regular;661-22294;"Battery, iPhone 13 Pro Max";F8Y6225C5DC13XCB2;;2026-08-01;1;89.00;89.00
MOA-MSPI-Owned;Regular;661-36915;"Display, iPhone 15 Pro Max";G9P5392QBC81PHRA2;;2026-08-01;1;379.00;379.00
FES-MSPI-Owned;Regular;661-30366;"Display, iPhone 14";G9Q5485VFMP1502AX;;2026-08-01;1;279.00;279.00
FES-MSPI-Owned;Regular;661-21988;"Display, iPhone 13";G9P5486C3R0PR5QAG;;2026-08-01;1;279.00;279.00
FES-MSPI-Owned;Regular;661-21988;"Display, iPhone 13";G9P5487C905PR5QAB;;2026-08-01;1;279.00;279.00
FES-MSPI-Owned;Regular;661-30397;"Battery, iPhone 14 Pro Max";F8Y6237C5TE20J9BV;;2026-08-01;1;99.00;99.00
FES-MSPI-Owned;Regular;661-22374;"Battery, iPhone 13 mini";F8Y6245C0SH14LWC2;;2026-08-01;1;89.00;89.00
TRI-MSPI-Owned;Regular;661-56125;"Display, iPhone 17 Pro";G9QHSMK044H0000L4B;;2026-08-01;1;329.00;329.00
TRI-MSPI-Owned;Regular;661-56050;"Display, iPhone 17 Pro Max";GH3HRR01T0P0000MUZ;;2026-08-01;1;379.00;379.00
TRI-MSPI-Owned;Regular;661-35699;"Display, iPhone 15 Pro";G9P5502QP3J1PHPA0;;2026-08-01;1;329.00;329.00
TRI-MSPI-Owned;Regular;661-44955;"Display, iPhone 16 Pro Max";G9PHJ2S0LDF00005DR;;2026-08-01;1;379.00;379.00
SMS_MSPI-Owned;Regular;661-35885;"Battery, iPhone 15";F8YHUBC0GU800006TW;;2026-08-01;1;99.00;99.00
SMS_MSPI-Owned;Regular;661-30397;"Battery, iPhone 14 Pro Max";F8Y6232C6PJ20J9B7;;2026-08-01;1;99.00;99.00
SMS_MSPI-Owned;Regular;661-21996;"Battery, iPhone 13 Pro";F8Y6222C5PA13RHCM;;2026-08-01;1;89.00;89.00
FES-MSPI-Owned;Regular;661-21991;"Battery, iPhone 13";F8Y6264C01018FKBC;;2026-08-01;1;89.00;89.00
ANX-MSPI-Owned;Regular;661-55240;"Display, iPhone Air";GVCHK7034P40000HU9;;2026-08-02;1;329.00;329.00
ANX-MSPI-Owned;Regular;661-56050;"Display, iPhone 17 Pro Max";GH3HRV00VLY0000MUZ;;2026-08-02;1;379.00;379.00
ANX-MSPI-Owned;Regular;661-21993;"Display, iPhone 13 Pro";G9P5224LJNLPQCKA7;;2026-08-02;1;279.00;279.00
ANX-MSPI-Owned;Regular;661-44797;"Display, iPhone 16";G9NHT720L5D00004Y7;;2026-08-02;1;279.00;279.00
ANX-MSPI-Owned;Regular;661-35885;"Battery, iPhone 15";F8YHUBC0NA800006TW;;2026-08-02;1;99.00;99.00
ANX-MSPI-Owned;Regular;661-30373;"Battery, iPhone 14";F8Y6212C6A5231LB0;;2026-08-02;1;99.00;99.00
ANX-MSPI-Owned;Regular;661-21996;"Battery, iPhone 13 Pro";F8Y6222C2TG13RHC6;;2026-08-02;1;89.00;89.00
VER_MSPI-Owned;Regular;661-21988;"Display, iPhone 13";G9P5483CC3ZPR5QA9;;2026-08-03;1;234.00;234.00
MEG-MSPI-Owned;Regular;661-36915;"Display, iPhone 15 Pro Max";G9P5393QPLJ1PHRAP;;2026-08-03;1;318.00;318.00
SMS_MSPI-Owned;Regular;661-37207;"Battery, iPhone 15 Plus";F8YHRLC01JN00006U0;;2026-08-04;1;51.00;51.00
ANX-MSPI-Owned;Regular;661-56125;"Display, iPhone 17 Pro";G9QHTTP0R130000L4B;;2026-08-04;1;329.00;329.00
ANX-MSPI-Owned;Regular;661-44796;"Battery, iPhone 16";FG9HRX0061N0000R3T;;2026-08-04;1;99.00;99.00
NES_MSPI-Owned;Regular;661-21991;"Battery, iPhone 13";F8Y6271C2V518FKBP;;2026-08-05;1;89.00;89.00
POD_MSPI-Owned;Regular;661-56050;"Display, iPhone 17 Pro Max";G9NHS9Z16KS0000MUY;;2026-08-05;1;379.00;379.00
MEG-MSPI-Owned;Regular;661-56050;"Display, iPhone 17 Pro Max";G9PHS9G4G7L0000MUY;;2026-08-05;1;360.00;360.00
TRI-MSPI-Owned;Regular;661-21993;"Display, iPhone 13 Pro";G9P5114LLKJPQCKAL;;2026-08-05;1;279.00;279.00
VER_MSPI-Owned;Regular;661-30373;"Battery, iPhone 14";F8Y6234CFTD231LBS;;2026-08-05;1;99.00;99.00
ABR-MSPI-Owned;Regular;661-18428;"Battery, iPhone 12 Pro Max";F8Y6184C51YQ4C2BZ;;2026-08-06;1;46.00;46.00
SMS_MSPI-Owned;Regular;661-56050;"Display, iPhone 17 Pro Max";GH3HRJ01VD80000MUZ;;2026-08-06;1;379.00;379.00
POD_MSPI-Owned;Regular;661-22309;"Display, iPhone 13 Pro Max";G9P5385MMBAPQCLAP;;2026-08-06;1;329.00;329.00
FES-MSPI-Owned;Regular;661-21991;"Battery, iPhone 13";F8Y6281C6QV18FKB7;;2026-08-06;1;89.00;89.00
VER_MSPI-Owned;Regular;661-21988;"Display, iPhone 13";G9P5485C67CPR5QAN;;2026-08-06;1;234.00;234.00
VER_MSPI-Owned;Regular;661-42726;"Display, iPhone 16 Pro";G9PHR7T176M00005DP;;2026-08-06;1;329.00;329.00
MOA-MSPI-Owned;Regular;661-21991;"Battery, iPhone 13";F8Y6276C6YN18FKBN;;2026-08-07;1;89.00;89.00
FES-MSPI-Owned;Regular;661-56125;"Display, iPhone 17 Pro";G9QHTMP0RDF0000L4B;;2026-08-07;1;329.00;329.00
ILO-MSPI-Owned;Regular;661-32232;"Rear Camera, iPhone 13/mini, MICN";GCF6021052ZQ59TB6;;2026-08-07;1;169.00;169.00
POD_MSPI-Owned;Regular;661-56050;"Display, iPhone 17 Pro Max";GH3HS801B6D0000MUZ;;2026-08-07;1;379.00;379.00
FES-MSPI-Owned;Regular;661-56050;"Display, iPhone 17 Pro Max";GH3HS800KQ20000MUZ;;2026-08-07;1;379.00;379.00
GL5_MSPI-Owned;Regular;661-30401;"Display, iPhone 14 Pro Max";G9P5434NJFK14YDAG;;2026-08-07;1;318.00;318.00
VER_MSPI-Owned;Regular;661-44797;"Display, iPhone 16";G9QHSEY0NED00004Y7;;2026-08-07;1;246.00;246.00
PPM-MSPI-Owned;Regular;661-56125;"Display, iPhone 17 Pro";G9QHTEM0WL40000L4B;;2026-08-08;1;329.00;329.00
PPM-MSPI-Owned;Regular;661-56050;"Display, iPhone 17 Pro Max";GH3HS800QS90000MUZ;;2026-08-08;1;379.00;379.00
MAG-MSPI-Owned;Regular;661-35885;"Battery, iPhone 15";F8YHUBC0J8T00006TW;;2026-08-08;1;99.00;99.00
MAG-MSPI-Owned;Regular;661-35699;"Display, iPhone 15 Pro";G9P5503Q4PS1PHPAJ;;2026-08-08;1;329.00;329.00
MRK-MSPI-Owned;Regular;661-21991;"Battery, iPhone 13";F8Y6281C1E318FKB0;;2026-08-08;1;89.00;89.00
POD_MSPI-Owned;Regular;661-21996;"Battery, iPhone 13 Pro";F8Y6252C2UY13RHCC;;2026-08-08;1;89.00;89.00
POD_MSPI-Owned;Regular;661-21996;"Battery, iPhone 13 Pro";F8Y6252C2VB13RHCW;;2026-08-08;1;89.00;89.00
POD_MSPI-Owned;Regular;661-22374;"Battery, iPhone 13 mini";F8Y6271C7R414LWC6;;2026-08-08;1;89.00;89.00
POD_MSPI-Owned;Regular;661-30397;"Battery, iPhone 14 Pro Max";F8Y6183C8X120J9BH;;2026-08-08;1;99.00;99.00
POD_MSPI-Owned;Regular;661-30397;"Battery, iPhone 14 Pro Max";F8Y6183C8WV20J9BS;;2026-08-08;1;99.00;99.00
POD_MSPI-Owned;Regular;661-35885;"Battery, iPhone 15";F8YHUBC0KZB00006TW;;2026-08-08;1;99.00;99.00
POD_MSPI-Owned;Regular;661-30397;"Battery, iPhone 14 Pro Max";F8Y6184C7RX20J9B5;;2026-08-08;1;99.00;99.00
POD_MSPI-Owned;Regular;661-21993;"Display, iPhone 13 Pro";G9P5154L11ZPQCKAY;;2026-08-08;1;279.00;279.00
POD_MSPI-Owned;Regular;661-44797;"Display, iPhone 16";G9QHSJY0RTK00004Y7;;2026-08-08;1;279.00;279.00
POD_MSPI-Owned;Regular;661-56050;"Display, iPhone 17 Pro Max";GH3HS801XJV0000MUZ;;2026-08-08;1;379.00;379.00
BHS_MSPI-Owned;Regular;661-56125;"Display, iPhone 17 Pro";G9QHTAP62Q60000L4B;;2026-08-08;1;329.00;329.00
BHS_MSPI-Owned;Regular;661-56065;"Display, iPhone 17";GVCHRP0347Z0000U6M;;2026-08-08;1;329.00;329.00
TRI-MSPI-Owned;Regular;661-35885;"Battery, iPhone 15";F8YHUBC0K9000006TW;;2026-08-08;1;99.00;99.00
GL5_MSPI-Owned;Regular;661-56050;"Display, iPhone 17 Pro Max";GH3HS801A1T0000MUZ;;2026-08-08;1;379.00;379.00
GL5_MSPI-Owned;Regular;661-56050;"Display, iPhone 17 Pro Max";GH3HRK006Y40000MUZ;;2026-08-08;1;379.00;379.00
GL5_MSPI-Owned;Regular;661-29370;"Display, iPhone 14 Pro";G9P5093P66V14YCAW;;2026-08-08;1;329.00;329.00
GL5_MSPI-Owned;Regular;661-42726;"Display, iPhone 16 Pro";G9PHRPT0WXZ00005DP;;2026-08-08;1;329.00;329.00
GL5_MSPI-Owned;Regular;661-44955;"Display, iPhone 16 Pro Max";G9PHJ1S0T7D00005DR;;2026-08-08;1;379.00;379.00
GL5_MSPI-Owned;Regular;661-37207;"Battery, iPhone 15 Plus";F8YHRLC00WC00006U0;;2026-08-08;1;99.00;99.00
FES-MSPI-Owned;Regular;661-35699;"Display, iPhone 15 Pro";G9P5504Q3A11PHPAE;;2026-08-08;1;329.00;329.00
ANX-MSPI-Owned;Regular;661-30373;"Battery, iPhone 14";F8Y6262C4E3231LBB;;2026-08-08;1;99.00;99.00
ANX-MSPI-Owned;Regular;661-22294;"Battery, iPhone 13 Pro Max";F8Y6276C1UP13XCB2;;2026-08-08;1;89.00;89.00
ANX-MSPI-Owned;Regular;661-21988;"Display, iPhone 13";G9P5482C5E9PR5QA8;;2026-08-08;1;279.00;279.00
SMS_MSPI-Owned;Regular;661-21996;"Battery, iPhone 13 Pro";F8Y6252C2V913RHCY;;2026-08-08;1;89.00;89.00
SMS_MSPI-Owned;Regular;661-21996;"Battery, iPhone 13 Pro";F8Y6252C2V513RHC2;;2026-08-08;1;89.00;89.00
MOA-MSPI-Owned;Regular;661-56050;"Display, iPhone 17 Pro Max";GVCHS30283A0000MUZ;;2026-08-08;1;379.00;379.00
MOA-MSPI-Owned;Regular;661-42726;"Display, iPhone 16 Pro";G9PHS4T0A4R00005DP;;2026-08-08;1;329.00;329.00
VER_MSPI-Owned;Regular;661-22294;"Battery, iPhone 13 Pro Max";F8Y6276C1U213XCBP;;2026-08-08;1;89.00;89.00
VER_MSPI-Owned;Regular;661-35885;"Battery, iPhone 15";F8YHUBC0HDY00006TW;;2026-08-08;1;99.00;99.00
VER_MSPI-Owned;Regular;661-37207;"Battery, iPhone 15 Plus";F8YHRNC01CT00006U0;;2026-08-08;1;99.00;99.00
VER_MSPI-Owned;Regular;661-56064;"Battery, iPhone 17";F8YHUR00M190001510;;2026-08-08;1;99.00;99.00
VER_MSPI-Owned;Regular;661-21988;"Display, iPhone 13";G9P5497CGFZPR5QAW;;2026-08-08;1;279.00;279.00
VER_MSPI-Owned;Regular;661-21988;"Display, iPhone 13";G9P5516CG90PR5QA3;;2026-08-08;1;279.00;279.00
VER_MSPI-Owned;Regular;661-36706;"Display, iPhone 15";G9Q6106UH8Q21KHAN;;2026-08-08;1;279.00;279.00
VER_MSPI-Owned;Regular;661-36915;"Display, iPhone 15 Pro Max";G9P6051QBDC1PHRA8;;2026-08-08;1;379.00;379.00
NES_MSPI-Owned;Regular;661-22309;"Display, iPhone 13 Pro Max";G9N1373NLFCPQCLAR;;2026-08-08;1;329.00;329.00
GB3-MSPI-Owned;Regular;661-56125;"Display, iPhone 17 Pro";G9QHT3N4L1Z0000L4B;;2026-08-08;1;329.00;329.00
GB3-MSPI-Owned;Regular;661-42726;"Display, iPhone 16 Pro";G9PHRKT04GD00005DP;;2026-08-08;1;329.00;329.00
GB3-MSPI-Owned;Regular;661-35885;"Battery, iPhone 15";F8YHUBC0JLU00006TW;;2026-08-08;1;99.00;99.00
GB3-MSPI-Owned;Regular;661-30382;"Battery, iPhone 14 Pro";F8Y6234C4EP217WB6;;2026-08-08;1;99.00;99.00
NES_MSPI-Owned;Regular;661-22294;"Battery, iPhone 13 Pro Max";F8Y6276C1VE13XCB8;;2026-08-08;1;89.00;89.00
NES_MSPI-Owned;Regular;661-22294;"Battery, iPhone 13 Pro Max";F8Y6276C1ER13XCB8;;2026-08-08;1;89.00;89.00
MEG-MSPI-Owned;Regular;661-30397;"Battery, iPhone 14 Pro Max";F8Y6184C6NY20J9BE;;2026-08-09;1;99.00;99.00
MEG-MSPI-Owned;Regular;661-30373;"Battery, iPhone 14";F8Y6262C3TK231LBR;;2026-08-09;1;99.00;99.00
MEG-MSPI-Owned;Regular;661-21996;"Battery, iPhone 13 Pro";F8Y6253C1N013RHCU;;2026-08-09;1;89.00;89.00
MEG-MSPI-Owned;Regular;661-22294;"Battery, iPhone 13 Pro Max";F8Y6276C1UC13XCBD;;2026-08-09;1;89.00;89.00
MAG-MSPI-Owned;Regular;661-17939;"Battery, iPhone 12 mini";F8Y32870JHR02JNAR;;2026-08-10;1;89.00;89.00
ABR-MSPI-Owned;Regular;661-56125;"Display, iPhone 17 Pro";G9QHTNP55FM0000L4B;;2026-08-10;1;329.00;329.00
MAG-MSPI-Owned;Regular;661-56050;"Display, iPhone 17 Pro Max";GH3HRS000MZ0000MUZ;;2026-08-10;1;379.00;379.00
ABR-MSPI-Owned;Regular;661-21988;"Display, iPhone 13";G9P5516C8J4PR5QAE;;2026-08-10;1;279.00;279.00
GL5_MSPI-Owned;Regular;661-21996;"Battery, iPhone 13 Pro";F8Y6263C1AG13RHCB;;2026-08-10;1;89.00;89.00
GL5_MSPI-Owned;Regular;661-21993;"Display, iPhone 13 Pro";G9P5114LP01PQCKAP;;2026-08-10;1;279.00;279.00
FES-MSPI-Owned;Regular;661-56065;"Display, iPhone 17";GVCHSC038PM0000U6M;;2026-08-10;1;329.00;329.00
SMS_MSPI-Owned;Regular;661-42726;"Display, iPhone 16 Pro";G9PHRET1G1G00005DP;;2026-08-12;1;329.00;329.00
MEG-MSPI-Owned;Regular;661-22309;"Display, iPhone 13 Pro Max";G9P5386M09WPQCLAV;;2026-08-12;1;329.00;329.00
MEG-MSPI-Owned;Regular;661-42726;"Display, iPhone 16 Pro";G9PHRLT10XW00005DP;;2026-08-12;1;329.00;329.00
CEB-MSPI-Owned;Regular;661-22309;"Display, iPhone 13 Pro Max";G9P5384MBH3PQCLAP;;2026-08-12;1;329.00;329.00
MRK-MSPI-Owned;Regular;661-44955;"Display, iPhone 16 Pro Max";G9PHJ3K0FH400005DR;;2026-08-12;1;334.00;334.00
ANX-MSPI-Owned;Regular;661-44955;"Display, iPhone 16 Pro Max";G9PHHXU0H6W00005DR;;2026-08-12;1;379.00;379.00
LIM_MSPI-Owned;Regular;661-36706;"Display, iPhone 15";G9Q6106UC8621KHAB;;2026-08-13;1;279.00;279.00
ABR-MSPI-Owned;Regular;661-21991;"Battery, iPhone 13";F8Y6253C3KU18FKBZ;;2026-08-13;1;89.00;89.00
ABR-MSPI-Owned;Regular;661-60211;"SVC, IPHONE 17E, DISPLAY";GVH604221DK2FRVA2;;2026-08-13;1;229.00;229.00
VER_MSPI-Owned;Regular;661-36706;"Display, iPhone 15";G9Q6105SMFG21KHAC;;2026-08-13;1;279.00;279.00
CEB-MSPI-Owned;Regular;661-30382;"Battery, iPhone 14 Pro";F8Y6247CC0B217WBC;;2026-08-14;1;99.00;99.00
MOA-MSPI-Owned;Regular;661-21991;"Battery, iPhone 13";F8Y6277C6EB18FKBJ;;2026-08-14;1;89.00;89.00
MOA-MSPI-Owned;Regular;661-21991;"Battery, iPhone 13";F8Y6282C6XS18FKBN;;2026-08-14;1;46.00;46.00
MRK-MSPI-Owned;Regular;661-44797;"Display, iPhone 16";G9QHQWX148T00004Y7;;2026-08-14;1;279.00;279.00
MRK-MSPI-Owned;Regular;661-56050;"Display, iPhone 17 Pro Max";G9PHUEV2MR80000MUY;;2026-08-14;1;379.00;379.00
PPM-MSPI-Owned;Regular;661-36915;"Display, iPhone 15 Pro Max";G9P6051QA561PHRA5;;2026-08-14;1;318.00;318.00
NPM-MSPI-Owned;Regular;661-21996;"Battery, iPhone 13 Pro";F8Y6222C61613RHCN;;2026-08-14;1;89.00;89.00
NPM-MSPI-Owned;Regular;661-30373;"Battery, iPhone 14";F8Y6262C65V231LBA;;2026-08-14;1;99.00;99.00
NPM-MSPI-Owned;Regular;661-21996;"Battery, iPhone 13 Pro";F8Y6252C2QP13RHCZ;;2026-08-14;1;89.00;89.00
NAG-MSPI-Owned;Regular;661-49431;"Display, iPhone 16e";G9Q5345XC3Z1502AH;;2026-08-14;1;229.00;229.00
LIM_MSPI-Owned;Regular;661-21988;"Display, iPhone 13";G9P5481CPR7PR5QAU;;2026-08-15;1;279.00;279.00
LIM_MSPI-Owned;Regular;661-49431;"Display, iPhone 16e";G9Q5345X2D71502AP;;2026-08-15;1;229.00;229.00
LIM_MSPI-Owned;Regular;661-36706;"Display, iPhone 15";G9Q6081UHJQ21KHA8;;2026-08-15;1;279.00;279.00
LIM_MSPI-Owned;Regular;661-49431;"Display, iPhone 16e";G9Q5355XHN71502AC;;2026-08-15;1;229.00;229.00
ABR-MSPI-Owned;Regular;661-21991;"Battery, iPhone 13";F8Y6272C4SX18FKB3;;2026-08-15;1;46.00;46.00
FES-MSPI-Owned;Regular;661-30397;"Battery, iPhone 14 Pro Max";F8Y6166C6Z820J9B9;;2026-08-16;1;99.00;99.00
POD_MSPI-Owned;Regular;661-56050;"Display, iPhone 17 Pro Max";G9PHU5V1MQ60000MUY;;2026-08-17;1;379.00;379.00
SMS_MSPI-Owned;Regular;661-56125;"Display, iPhone 17 Pro";G9PHUBY2SAQ0000L4B;;2026-08-17;1;329.00;329.00
BHS_MSPI-Owned;Regular;661-30397;"Battery, iPhone 14 Pro Max";F8Y6273C7E520J9BZ;;2026-08-17;1;51.00;51.00
LAN-MSPI-Owned;Regular;661-56065;"Display, iPhone 17";GVCHSH00VFS0000U6M;;2026-08-18;1;329.00;329.00
POD_MSPI-Owned;Regular;677-26292;"AirPort Time Capsule PowerCord";D01220602CV1FLTA8;;2026-08-18;1;;
GL5_MSPI-Owned;Regular;661-30373;"Battery, iPhone 14";F8Y6281C9DL231LBM;;2026-08-18;1;99.00;99.00
GL5_MSPI-Owned;Regular;661-30382;"Battery, iPhone 14 Pro";F8Y6247CAFZ217WBF;;2026-08-18;1;99.00;99.00
GL5_MSPI-Owned;Regular;661-21996;"Battery, iPhone 13 Pro";F8Y6223C5G313RHCE;;2026-08-18;1;89.00;89.00
GL5_MSPI-Owned;Regular;661-21996;"Battery, iPhone 13 Pro";F8Y6223C51G13RHCC;;2026-08-18;1;89.00;89.00
GL5_MSPI-Owned;Regular;661-21996;"Battery, iPhone 13 Pro";F8Y6223C51Y13RHCW;;2026-08-18;1;89.00;89.00
GL5_MSPI-Owned;Regular;661-22294;"Battery, iPhone 13 Pro Max";F8Y6254C0NJ13XCB0;;2026-08-18;1;89.00;89.00
GL5_MSPI-Owned;Regular;661-30373;"Battery, iPhone 14";F8Y6276C8R6231LBY;;2026-08-18;1;99.00;99.00
GL5_MSPI-Owned;Regular;661-30382;"Battery, iPhone 14 Pro";F8Y6247C0C3217WBW;;2026-08-18;1;99.00;99.00
NES_MSPI-Owned;Regular;661-21991;"Battery, iPhone 13";F8Y6282C4Q918FKBU;;2026-08-18;1;89.00;89.00
NES_MSPI-Owned;Regular;661-55235;"Battery, iPhone Air";F8YHKLY0FAK00017SP;;2026-08-18;1;119.00;119.00
NES_MSPI-Owned;Regular;661-21996;"Battery, iPhone 13 Pro";F8Y6222C52613RHCL;;2026-08-18;1;89.00;89.00
NES_MSPI-Owned;Regular;661-21996;"Battery, iPhone 13 Pro";F8Y6223C3R313RHCP;;2026-08-18;1;89.00;89.00
NES_MSPI-Owned;Regular;661-22294;"Battery, iPhone 13 Pro Max";F8Y6254C1R413XCB4;;2026-08-18;1;89.00;89.00
NES_MSPI-Owned;Regular;661-21991;"Battery, iPhone 13";F8Y6281C1HY18FKBW;;2026-08-18;1;89.00;89.00
NES_MSPI-Owned;Regular;661-21991;"Battery, iPhone 13";F8Y6281C1J718FKBJ;;2026-08-18;1;89.00;89.00
NES_MSPI-Owned;Regular;661-36706;"Display, iPhone 15";G9P6085RN6421KHAX;;2026-08-18;1;279.00;279.00
POD_MSPI-Owned;Regular;661-55240;"Display, iPhone Air";GVCHLX00R650000HU9;;2026-08-18;1;329.00;329.00
POD_MSPI-Owned;Regular;661-56125;"Display, iPhone 17 Pro";G9PHU4U1TNS0000L4B;;2026-08-18;1;329.00;329.00
POD_MSPI-Owned;Regular;661-56050;"Display, iPhone 17 Pro Max";G9NHTYL1TUE0000MUY;;2026-08-18;1;379.00;379.00
POD_MSPI-Owned;Regular;661-56050;"Display, iPhone 17 Pro Max";G9QHU6J4KE60000MUY;;2026-08-18;1;379.00;379.00
POD_MSPI-Owned;Regular;661-30397;"Battery, iPhone 14 Pro Max";F8Y6233C1QP20J9B3;;2026-08-18;1;99.00;99.00
POD_MSPI-Owned;Regular;661-30397;"Battery, iPhone 14 Pro Max";F8Y6233C1QV20J9BX;;2026-08-18;1;99.00;99.00
POD_MSPI-Owned;Regular;661-30397;"Battery, iPhone 14 Pro Max";F8Y6233C2EE20J9B7;;2026-08-18;1;99.00;99.00
POD_MSPI-Owned;Regular;661-30397;"Battery, iPhone 14 Pro Max";F8Y6233C2Q620J9BK;;2026-08-18;1;99.00;99.00
POD_MSPI-Owned;Regular;661-30397;"Battery, iPhone 14 Pro Max";F8Y6233C4QC20J9BB;;2026-08-18;1;99.00;99.00
POD_MSPI-Owned;Regular;661-21996;"Battery, iPhone 13 Pro";F8Y6223C37913RHC3;;2026-08-18;1;89.00;89.00
POD_MSPI-Owned;Regular;661-22294;"Battery, iPhone 13 Pro Max";F8Y6254C1JX13XCBY;;2026-08-18;1;89.00;89.00
POD_MSPI-Owned;Regular;661-30382;"Battery, iPhone 14 Pro";F8Y6247CCA9217WBJ;;2026-08-18;1;99.00;99.00
POD_MSPI-Owned;Regular;661-21996;"Battery, iPhone 13 Pro";F8Y6223C4TD13RHC6;;2026-08-18;1;89.00;89.00
POD_MSPI-Owned;Regular;661-21996;"Battery, iPhone 13 Pro";F8Y6223C4TK13RHC0;;2026-08-18;1;89.00;89.00
POD_MSPI-Owned;Regular;661-30382;"Battery, iPhone 14 Pro";F8Y6247C6QE217WBB;;2026-08-18;1;99.00;99.00
POD_MSPI-Owned;Regular;661-22294;"Battery, iPhone 13 Pro Max";F8Y6254C1RQ13XCBJ;;2026-08-18;1;89.00;89.00
POD_MSPI-Owned;Regular;661-21996;"Battery, iPhone 13 Pro";F8Y6223C3RV13RHCX;;2026-08-18;1;89.00;89.00
POD_MSPI-Owned;Regular;661-30373;"Battery, iPhone 14";F8Y6281C9DE231LBT;;2026-08-18;1;99.00;99.00
POD_MSPI-Owned;Regular;661-35885;"Battery, iPhone 15";F8YHUBC0JWD00006TW;;2026-08-18;1;99.00;99.00
BHS_MSPI-Owned;Regular;661-21991;"Battery, iPhone 13";F8Y6283C2C718FKBZ;;2026-08-18;1;89.00;89.00
BHS_MSPI-Owned;Regular;661-21991;"Battery, iPhone 13";F8Y6283C20N18FKBL;;2026-08-18;1;89.00;89.00
BHS_MSPI-Owned;Regular;661-21991;"Battery, iPhone 13";F8Y6283C1YV18FKBL;;2026-08-18;1;89.00;89.00
BHS_MSPI-Owned;Regular;661-21996;"Battery, iPhone 13 Pro";F8Y6223C51S13RHC2;;2026-08-18;1;89.00;89.00
BHS_MSPI-Owned;Regular;661-21991;"Battery, iPhone 13";F8Y6282C5FT18FKB2;;2026-08-18;1;89.00;89.00
PPM-MSPI-Owned;Regular;661-56064;"Battery, iPhone 17";F8YHUR00FR80001510;;2026-08-18;1;99.00;99.00
PPM-MSPI-Owned;Regular;661-21991;"Battery, iPhone 13";F8Y6283C01518FKB2;;2026-08-18;1;89.00;89.00
MOA-MSPI-Owned;Regular;661-21991;"Battery, iPhone 13";F8Y6283C2GJ18FKBA;;2026-08-18;1;89.00;89.00
MOA-MSPI-Owned;Regular;661-21991;"Battery, iPhone 13";F8Y6282C41818FKBW;;2026-08-18;1;89.00;89.00
MOA-MSPI-Owned;Regular;661-21991;"Battery, iPhone 13";F8Y6283C5XQ18FKBQ;;2026-08-18;1;89.00;89.00
MOA-MSPI-Owned;Regular;661-21991;"Battery, iPhone 13";F8Y6281C4ZU18FKBH;;2026-08-18;1;89.00;89.00
MOA-MSPI-Owned;Regular;661-22294;"Battery, iPhone 13 Pro Max";F8Y6254C05R13XCBA;;2026-08-18;1;89.00;89.00
MOA-MSPI-Owned;Regular;661-30382;"Battery, iPhone 14 Pro";F8Y6247C6QB217WBE;;2026-08-18;1;99.00;99.00
MOA-MSPI-Owned;Regular;661-21991;"Battery, iPhone 13";F8Y6283C3RD18FKBM;;2026-08-18;1;89.00;89.00
MOA-MSPI-Owned;Regular;661-21991;"Battery, iPhone 13";F8Y6282C0CZ18FKBA;;2026-08-18;1;89.00;89.00
GB3-MSPI-Owned;Regular;661-21996;"Battery, iPhone 13 Pro";F8Y6223C6JC13RHCY;;2026-08-18;1;89.00;89.00
ANX-MSPI-Owned;Regular;661-56050;"Display, iPhone 17 Pro Max";G9PHU5X2BR20000MUY;;2026-08-18;1;379.00;379.00
ANX-MSPI-Owned;Regular;661-56050;"Display, iPhone 17 Pro Max";G9NHU5L4HUW0000MUY;;2026-08-18;1;379.00;379.00
ANX-MSPI-Owned;Regular;661-21991;"Battery, iPhone 13";F8Y6283C2RE18FKBM;;2026-08-18;1;89.00;89.00
ANX-MSPI-Owned;Regular;661-21991;"Battery, iPhone 13";F8Y6282C4PW18FKBA;;2026-08-18;1;89.00;89.00
ANX-MSPI-Owned;Regular;661-21991;"Battery, iPhone 13";F8Y6282C40Z18FKB8;;2026-08-18;1;89.00;89.00
ANX-MSPI-Owned;Regular;661-21991;"Battery, iPhone 13";F8Y6283C1BT18FKBH;;2026-08-18;1;89.00;89.00
ANX-MSPI-Owned;Regular;661-30373;"Battery, iPhone 14";F8Y6284C0K3231LBS;;2026-08-18;1;99.00;99.00
ANX-MSPI-Owned;Regular;661-30382;"Battery, iPhone 14 Pro";F8Y6247C0CV217WB4;;2026-08-18;1;99.00;99.00
ANX-MSPI-Owned;Regular;661-30373;"Battery, iPhone 14";F8Y6284C0K2231LBT;;2026-08-18;1;99.00;99.00
ANX-MSPI-Owned;Regular;661-21991;"Battery, iPhone 13";F8Y6283C42N18FKBC;;2026-08-18;1;89.00;89.00
ANX-MSPI-Owned;Regular;661-21991;"Battery, iPhone 13";F8Y6283C4UX18FKBT;;2026-08-18;1;89.00;89.00
TRI-MSPI-Owned;Regular;661-42726;"Display, iPhone 16 Pro";G9PHRWT0G1U00005DP;;2026-08-19;1;329.00;329.00
TRI-MSPI-Owned;Regular;661-44955;"Display, iPhone 16 Pro Max";G9PHJ3K0F1N00005DR;;2026-08-19;1;379.00;379.00
TRI-MSPI-Owned;Regular;661-56050;"Display, iPhone 17 Pro Max";G9QHU6J3BH80000MUY;;2026-08-19;1;379.00;379.00
TRI-MSPI-Owned;Regular;661-56064;"Battery, iPhone 17";F8YHUR00FPB0001510;;2026-08-19;1;99.00;99.00
TRI-MSPI-Owned;Regular;661-30373;"Battery, iPhone 14";F8Y6281C8HZ231LBX;;2026-08-19;1;99.00;99.00
TRI-MSPI-Owned;Regular;661-22294;"Battery, iPhone 13 Pro Max";F8Y6254C02K13XCBR;;2026-08-19;1;89.00;89.00
TRI-MSPI-Owned;Regular;661-35885;"Battery, iPhone 15";F8YHUBC0KQ200006TW;;2026-08-19;1;99.00;99.00
TRI-MSPI-Owned;Regular;661-35885;"Battery, iPhone 15";F8YHUBC0K0Q00006TW;;2026-08-19;1;99.00;99.00
TRI-MSPI-Owned;Regular;661-21991;"Battery, iPhone 13";F8Y6283C1CM18FKBL;;2026-08-19;1;89.00;89.00
TRI-MSPI-Owned;Regular;661-22294;"Battery, iPhone 13 Pro Max";F8Y6254C0HG13XCBH;;2026-08-19;1;89.00;89.00
MEG-MSPI-Owned;Regular;661-30397;"Battery, iPhone 14 Pro Max";F8Y6233C27L20J9BN;;2026-08-19;1;99.00;99.00
MEG-MSPI-Owned;Regular;661-22294;"Battery, iPhone 13 Pro Max";F8Y6254C1MF13XCB5;;2026-08-19;1;89.00;89.00
MEG-MSPI-Owned;Regular;661-30397;"Battery, iPhone 14 Pro Max";F8Y6233C2RS20J9BW;;2026-08-19;1;99.00;99.00
MEG-MSPI-Owned;Regular;661-21996;"Battery, iPhone 13 Pro";F8Y6222C6JJ13RHCT;;2026-08-19;1;89.00;89.00
MEG-MSPI-Owned;Regular;661-30397;"Battery, iPhone 14 Pro Max";F8Y6233C37J20J9BP;;2026-08-19;1;99.00;99.00
MEG-MSPI-Owned;Regular;661-30373;"Battery, iPhone 14";F8Y6284C38X231LBU;;2026-08-19;1;99.00;99.00
MEG-MSPI-Owned;Regular;661-56050;"Display, iPhone 17 Pro Max";G9PHU6E3VLJ0000MUY;;2026-08-19;1;379.00;379.00
VER_MSPI-Owned;Regular;661-21996;"Battery, iPhone 13 Pro";F8Y6223C2RB13RHCG;;2026-08-19;1;89.00;89.00
VER_MSPI-Owned;Regular;661-21996;"Battery, iPhone 13 Pro";F8Y6223C4ZK13RHCG;;2026-08-19;1;89.00;89.00
VER_MSPI-Owned;Regular;661-21996;"Battery, iPhone 13 Pro";F8Y6223C1XH13RHCT;;2026-08-19;1;89.00;89.00
VER_MSPI-Owned;Regular;661-21996;"Battery, iPhone 13 Pro";F8Y6223C2VC13RHC3;;2026-08-19;1;89.00;89.00
VER_MSPI-Owned;Regular;661-22294;"Battery, iPhone 13 Pro Max";F8Y6254C1PY13XCBG;;2026-08-19;1;89.00;89.00
VER_MSPI-Owned;Regular;661-22294;"Battery, iPhone 13 Pro Max";F8Y6254C1RT13XCBF;;2026-08-19;1;89.00;89.00
VER_MSPI-Owned;Regular;661-56049;"Battery, pSIM, iPhone 17 Pro Max";FG9HLP00ERV00015XX;;2026-08-19;1;119.00;119.00
VER_MSPI-Owned;Regular;661-56050;"Display, iPhone 17 Pro Max";G9NHU6M2S030000MUY;;2026-08-19;1;379.00;379.00
VER_MSPI-Owned;Regular;661-56050;"Display, iPhone 17 Pro Max";G9PHU5F64ZB0000MUY;;2026-08-19;1;379.00;379.00
VER_MSPI-Owned;Regular;661-42726;"Display, iPhone 16 Pro";G9PHRVT0V5200005DP;;2026-08-19;1;329.00;329.00
VER_MSPI-Owned;Regular;661-44797;"Display, iPhone 16";G9QHQVD1C2B00004Y7;;2026-08-19;1;279.00;279.00
VER_MSPI-Owned;Regular;661-29370;"Display, iPhone 14 Pro";G9P5083PPBK14YCAB;;2026-08-19;1;329.00;329.00
VER_MSPI-Owned;Regular;661-21996;"Battery, iPhone 13 Pro";F8Y6224C37B13RHC0;;2026-08-19;1;89.00;89.00
VER_MSPI-Owned;Regular;661-22294;"Battery, iPhone 13 Pro Max";F8Y6254C0M713XCBE;;2026-08-19;1;89.00;89.00
VER_MSPI-Owned;Regular;661-22294;"Battery, iPhone 13 Pro Max";F8Y6254C1QZ13XCBC;;2026-08-19;1;89.00;89.00
VER_MSPI-Owned;Regular;661-22294;"Battery, iPhone 13 Pro Max";F8Y6254C1HU13XCB4;;2026-08-19;1;89.00;89.00
VER_MSPI-Owned;Regular;661-21996;"Battery, iPhone 13 Pro";F8Y6222C6JB13RHC0;;2026-08-19;1;89.00;89.00
VER_MSPI-Owned;Regular;661-22294;"Battery, iPhone 13 Pro Max";F8Y6254C1HP13XCB9;;2026-08-19;1;89.00;89.00
VER_MSPI-Owned;Regular;661-37207;"Battery, iPhone 15 Plus";F8YHVAD03E900006U0;;2026-08-19;1;99.00;99.00
MRK-MSPI-Owned;Regular;661-56125;"Display, iPhone 17 Pro";G9PHU9D1SUB0000L4B;;2026-08-19;1;329.00;329.00
MRK-MSPI-Owned;Regular;661-36706;"Display, iPhone 15";G9Q6086SAFL21KHAV;;2026-08-19;1;279.00;279.00
MRK-MSPI-Owned;Regular;661-22294;"Battery, iPhone 13 Pro Max";F8Y6254C1EC13XCBV;;2026-08-19;1;89.00;89.00
MRK-MSPI-Owned;Regular;661-30373;"Battery, iPhone 14";F8Y6281C9DP231LBJ;;2026-08-19;1;99.00;99.00
MRK-MSPI-Owned;Regular;661-30397;"Battery, iPhone 14 Pro Max";F8Y6233C1QT20J9BZ;;2026-08-19;1;99.00;99.00
MRK-MSPI-Owned;Regular;661-21996;"Battery, iPhone 13 Pro";F8Y6222C5AB13RHCR;;2026-08-19;1;89.00;89.00
MRK-MSPI-Owned;Regular;661-30382;"Battery, iPhone 14 Pro";F8Y6247CAFR217WBP;;2026-08-19;1;99.00;99.00
MRK-MSPI-Owned;Regular;661-30401;"Display, iPhone 14 Pro Max";G9P5366NEF714YDAN;;2026-08-19;1;318.00;318.00
VER_MSPI-Owned;Regular;661-21988;"Display, iPhone 13";G9P5476C8KRPR5QA7;;2026-08-19;1;234.00;234.00
VER_MSPI-Owned;Regular;661-22309;"Display, iPhone 13 Pro Max";G9P5386MF5EPQCLA8;;2026-08-19;1;276.00;276.00
TRI-MSPI-Owned;Regular;661-21988;"Display, iPhone 13";G9P5475C103PR5QAS;;2026-08-19;1;279.00;279.00
VER_MSPI-Owned;Regular;661-22309;"Display, iPhone 13 Pro Max";G9P5385M7N4PQCLAA;;2026-08-19;1;276.00;276.00
MAG-MSPI-Owned;Regular;661-56049;"Battery, pSIM, iPhone 17 Pro Max";FG9HLP00J8D00015XX;;2026-08-19;1;119.00;119.00
MAG-MSPI-Owned;Regular;661-42726;"Display, iPhone 16 Pro";G9PHRQT0DUP00005DP;;2026-08-19;1;329.00;329.00
MAG-MSPI-Owned;Regular;661-56064;"Battery, iPhone 17";F8YHUR00FQA0001510;;2026-08-19;1;99.00;99.00
GB3-MSPI-Owned;Regular;661-35699;"Display, iPhone 15 Pro";G9P5455QMJD1PHPAD;;2026-08-19;1;329.00;329.00
FES-MSPI-Owned;Regular;661-56125;"Display, iPhone 17 Pro";G9QHUAP2LB60000L4B;;2026-08-20;1;329.00;329.00
FES-MSPI-Owned;Regular;661-36915;"Display, iPhone 15 Pro Max";G9P6054Q05F1PHRA3;;2026-08-20;1;379.00;379.00
FES-MSPI-Owned;Regular;661-21988;"Display, iPhone 13";G9P5485CN44PR5QAP;;2026-08-20;1;279.00;279.00
FES-MSPI-Owned;Regular;661-21988;"Display, iPhone 13";G9P5523C3DZPR5QA5;;2026-08-20;1;279.00;279.00
FES-MSPI-Owned;Regular;661-30397;"Battery, iPhone 14 Pro Max";F8Y6233C1QW20J9BW;;2026-08-20;1;99.00;99.00
FES-MSPI-Owned;Regular;661-30373;"Battery, iPhone 14";F8Y6281C9DK231LBN;;2026-08-20;1;99.00;99.00
FES-MSPI-Owned;Regular;661-21996;"Battery, iPhone 13 Pro";F8Y6223C0CH13RHCH;;2026-08-20;1;89.00;89.00
FES-MSPI-Owned;Regular;661-21996;"Battery, iPhone 13 Pro";F8Y6223C6J813RHC2;;2026-08-20;1;89.00;89.00
FES-MSPI-Owned;Regular;661-22374;"Battery, iPhone 13 mini";F8Y6176CGP814LWCV;;2026-08-20;1;89.00;89.00
SMS_MSPI-Owned;Regular;661-30366;"Display, iPhone 14";G9Q5491VD0S1502AS;;2026-08-20;1;279.00;279.00
ZAM-MSPI-Owned;Regular;661-21996;"Battery, iPhone 13 Pro";F8Y6165C4D413RHCA;;2026-08-20;1;89.00;89.00
SMS_MSPI-Owned;Regular;661-44955;"Display, iPhone 16 Pro Max";G9PHHZS0G3Q00005DR;;2026-08-20;1;379.00;379.00
SMS_MSPI-Owned;Regular;661-36918;"Battery, iPhone 15 Pro Max";FG9HUB0010100006TT;;2026-08-20;1;99.00;99.00
SMS_MSPI-Owned;Regular;661-21991;"Battery, iPhone 13";F8Y6283C1CQ18FKBH;;2026-08-20;1;89.00;89.00
SMS_MSPI-Owned;Regular;661-35885;"Battery, iPhone 15";F8YHUBC0HQ200006TW;;2026-08-20;1;99.00;99.00
SMS_MSPI-Owned;Regular;661-21996;"Battery, iPhone 13 Pro";F8Y6223C51P13RHC5;;2026-08-20;1;89.00;89.00
SMS_MSPI-Owned;Regular;661-21996;"Battery, iPhone 13 Pro";F8Y6223C51J13RHCA;;2026-08-20;1;89.00;89.00
SMS_MSPI-Owned;Regular;661-22294;"Battery, iPhone 13 Pro Max";F8Y6254C1G813XCBT;;2026-08-20;1;89.00;89.00
SMS_MSPI-Owned;Regular;661-22294;"Battery, iPhone 13 Pro Max";F8Y6254C1RP13XCBK;;2026-08-20;1;89.00;89.00
SMS_MSPI-Owned;Regular;661-30397;"Battery, iPhone 14 Pro Max";F8Y6233C2RD20J9B9;;2026-08-20;1;99.00;99.00
SMS_MSPI-Owned;Regular;661-30397;"Battery, iPhone 14 Pro Max";F8Y6233C1FZ20J9BL;;2026-08-20;1;99.00;99.00
SMS_MSPI-Owned;Regular;661-35885;"Battery, iPhone 15";F8YHUBC0JWE00006TW;;2026-08-20;1;99.00;99.00
SMS_MSPI-Owned;Regular;661-21991;"Battery, iPhone 13";F8Y6282C6X218FKBC;;2026-08-20;1;89.00;89.00
SMS_MSPI-Owned;Regular;661-21991;"Battery, iPhone 13";F8Y6283C5YN18FKBP;;2026-08-20;1;89.00;89.00
SMS_MSPI-Owned;Regular;661-21991;"Battery, iPhone 13";F8Y6283C5YJ18FKBT;;2026-08-20;1;89.00;89.00
MRK-MSPI-Owned;Regular;661-56125;"Display, iPhone 17 Pro";G9PHU0U4SRL0000L4B;;2026-08-20;1;329.00;329.00
GL5_MSPI-Owned;Regular;661-56065;"Display, iPhone 17";GVCHRN01MJ80000U6M;;2026-08-20;1;329.00;329.00
GL5_MSPI-Owned;Regular;661-56050;"Display, iPhone 17 Pro Max";G9NHUCZ0FB80000MUY;;2026-08-20;1;379.00;379.00
GL5_MSPI-Owned;Regular;661-22309;"Display, iPhone 13 Pro Max";G9P5387M452PQCLAW;;2026-08-20;1;329.00;329.00
ILO-MSPI-Owned;Regular;661-56050;"Display, iPhone 17 Pro Max";G9NHU6Z4W4A0000MUY;;2026-08-21;1;379.00;379.00
LIM_MSPI-Owned;Regular;661-30394;"Battery, iPhone 14 Plus";F8Y6292C00H237KBH;;2026-08-22;1;99.00;99.00
LIM_MSPI-Owned;Regular;661-35885;"Battery, iPhone 15";F8YHUBC0KG600006TW;;2026-08-22;1;99.00;99.00
LIM_MSPI-Owned;Regular;661-21988;"Display, iPhone 13";G9P5485C5EUPR5QAL;;2026-08-22;1;279.00;279.00
LIM_MSPI-Owned;Regular;661-21988;"Display, iPhone 13";G9P5515C4BKPR5QAR;;2026-08-22;1;279.00;279.00
LIM_MSPI-Owned;Regular;661-56064;"Battery, iPhone 17";F8YHUR00N3R0001510;;2026-08-22;1;99.00;99.00
NPM-MSPI-Owned;Regular;661-21996;"Battery, iPhone 13 Pro";F8Y6222C6HU13RHCL;;2026-08-22;1;89.00;89.00
NPM-MSPI-Owned;Regular;661-21996;"Battery, iPhone 13 Pro";F8Y6222C29013RHC8;;2026-08-22;1;89.00;89.00
NPM-MSPI-Owned;Regular;661-21991;"Battery, iPhone 13";F8Y6281C1HR18FKB3;;2026-08-22;1;89.00;89.00
PPM-MSPI-Owned;Regular;661-30401;"Display, iPhone 14 Pro Max";G9P5366NN0V14YDA3;;2026-08-23;1;318.00;318.00
LIM_MSPI-Owned;Regular;661-44955;"Display, iPhone 16 Pro Max";G9PHPXT0NLP00005DR;;2026-08-24;1;334.00;334.00
POD_MSPI-Owned;Regular;661-22309;"Display, iPhone 13 Pro Max";G9P5385M8HKPQCLA9;;2026-08-24;1;276.00;276.00
GL5_MSPI-Owned;Regular;661-56050;"Display, iPhone 17 Pro Max";G9PHVGX3XSK0000MUY;;2026-08-24;1;360.00;360.00
GL5_MSPI-Owned;Regular;661-30401;"Display, iPhone 14 Pro Max";G9P5233N68H14YDAL;;2026-08-24;1;318.00;318.00
TRI-MSPI-Owned;Regular;661-21988;"Display, iPhone 13";G9P5516C6KHPR5QA0;;2026-08-24;1;279.00;279.00
TRI-MSPI-Owned;Regular;661-21988;"Display, iPhone 13";G9P5515CAATPR5QAE;;2026-08-24;1;279.00;279.00
MEG-MSPI-Owned;Regular;661-55240;"Display, iPhone Air";G9PHLEX0CQF0000HU8;;2026-08-24;1;313.00;313.00
VER_MSPI-Owned;Regular;661-56050;"Display, iPhone 17 Pro Max";G9PHVJV2LHL0000MUY;;2026-08-24;1;379.00;379.00
VER_MSPI-Owned;Regular;661-21988;"Display, iPhone 13";G9P5516CB1NPR5QAA;;2026-08-24;1;279.00;279.00
SMS_MSPI-Owned;Regular;661-22309;"Display, iPhone 13 Pro Max";G9P5385M3M7PQCLAE;;2026-08-24;1;329.00;329.00
POD_MSPI-Owned;Regular;661-44955;"Display, iPhone 16 Pro Max";G9PHPPT12QL00005DR;;2026-08-25;1;379.00;379.00
SMS_MSPI-Owned;Regular;661-21993;"Display, iPhone 13 Pro";G9P5224LJHPPQCKAK;;2026-08-25;1;279.00;279.00
SMS_MSPI-Owned;Regular;661-21993;"Display, iPhone 13 Pro";G9P5224LJP5PQCKAK;;2026-08-25;1;279.00;279.00
SMS_MSPI-Owned;Regular;661-36915;"Display, iPhone 15 Pro Max";G9P5393QPDH1PHRAB;;2026-08-25;1;318.00;318.00
MAG-MSPI-Owned;Regular;661-30401;"Display, iPhone 14 Pro Max";G9P5434NN0M14YDAM;;2026-08-25;1;318.00;318.00
NAG-MSPI-Owned;Regular;661-21991;"Battery, iPhone 13";F8Y6283C1PS18FKBG;;2026-08-25;1;89.00;89.00
BHS_MSPI-Owned;Regular;661-56125;"Display, iPhone 17 Pro";G9QHUXN0XJN0000L4B;;2026-08-25;1;329.00;329.00
BHS_MSPI-Owned;Regular;661-56050;"Display, iPhone 17 Pro Max";G9PHVGE1H6M0000MUY;;2026-08-25;1;360.00;360.00
GL5_MSPI-Owned;Regular;661-21993;"Display, iPhone 13 Pro";G9P5224LGALPQCKAB;;2026-08-25;1;279.00;279.00
GL5_MSPI-Owned;Regular;661-22311;"Display, iPhone 13 mini";G9P5523BE3PPRRDAN;;2026-08-25;1;192.00;192.00
VER_MSPI-Owned;Regular;661-56050;"Display, iPhone 17 Pro Max";G9PHVJE5ZUF0000MUY;;2026-08-25;1;379.00;379.00
VER_MSPI-Owned;Regular;661-56050;"Display, iPhone 17 Pro Max";G9PHVHX29WL0000MUY;;2026-08-25;1;379.00;379.00
PPM-MSPI-Owned;Regular;661-35694;"Battery, iPhone 15 Pro";F8YHV2D02F200006TP;;2026-08-25;1;99.00;99.00
GL5_MSPI-Owned;Regular;661-22294;"Battery, iPhone 13 Pro Max";F8Y6235C4AJ13XCB3;;2026-08-25;1;89.00;89.00
GL5_MSPI-Owned;Regular;661-35694;"Battery, iPhone 15 Pro";F8YHV2D00YK00006TP;;2026-08-25;1;99.00;99.00
GL5_MSPI-Owned;Regular;661-56125;"Display, iPhone 17 Pro";G9QHUKN3PEV0000L4B;;2026-08-25;1;329.00;329.00
BHS_MSPI-Owned;Regular;661-35694;"Battery, iPhone 15 Pro";F8YHV0D019G00006TP;;2026-08-25;1;99.00;99.00
BHS_MSPI-Owned;Regular;661-22294;"Battery, iPhone 13 Pro Max";F8Y6235C3XZ13XCBU;;2026-08-25;1;89.00;89.00
BHS_MSPI-Owned;Regular;661-30394;"Battery, iPhone 14 Plus";F8Y6292C04T237KBV;;2026-08-25;1;99.00;99.00
GB3-MSPI-Owned;Regular;661-30382;"Battery, iPhone 14 Pro";F8Y6267CB2Q217WBN;;2026-08-25;1;99.00;99.00
GB3-MSPI-Owned;Regular;661-35694;"Battery, iPhone 15 Pro";F8YHV1D008Y00006TP;;2026-08-25;1;99.00;99.00
TRI-MSPI-Owned;Regular;661-30382;"Battery, iPhone 14 Pro";F8Y6267CB2S217WBL;;2026-08-26;1;99.00;99.00
MEG-MSPI-Owned;Regular;661-22294;"Battery, iPhone 13 Pro Max";F8Y6235C3XL13XCB7;;2026-08-26;1;89.00;89.00
VER_MSPI-Owned;Regular;661-56050;"Display, iPhone 17 Pro Max";G9NHUBY3Z5R0000MUY;;2026-08-26;1;379.00;379.00
VER_MSPI-Owned;Regular;661-44955;"Display, iPhone 16 Pro Max";G9PHNYT1GWP00005DR;;2026-08-26;1;379.00;379.00
VER_MSPI-Owned;Regular;661-22294;"Battery, iPhone 13 Pro Max";F8Y6235C4AP13XCBY;;2026-08-26;1;89.00;89.00
ANX-MSPI-Owned;Regular;661-30401;"Display, iPhone 14 Pro Max";G9P5366N9FB14YDAP;;2026-08-26;1;379.00;379.00
ANX-MSPI-Owned;Regular;661-35694;"Battery, iPhone 15 Pro";F8YHV1D050Z00006TP;;2026-08-26;1;99.00;99.00
ANX-MSPI-Owned;Regular;661-35694;"Battery, iPhone 15 Pro";F8YHV1D003M00006TP;;2026-08-26;1;99.00;99.00
SMS_MSPI-Owned;Regular;661-30382;"Battery, iPhone 14 Pro";F8Y6267C44S217WBM;;2026-08-26;1;99.00;99.00
SMS_MSPI-Owned;Regular;661-35694;"Battery, iPhone 15 Pro";F8YHV0D01FU00006TP;;2026-08-26;1;99.00;99.00
SMS_MSPI-Owned;Regular;661-22294;"Battery, iPhone 13 Pro Max";F8Y6235C2JJ13XCBF;;2026-08-26;1;89.00;89.00
SMS_MSPI-Owned;Regular;661-22294;"Battery, iPhone 13 Pro Max";F8Y6235C19013XCBT;;2026-08-26;1;89.00;89.00
SMS_MSPI-Owned;Regular;661-35694;"Battery, iPhone 15 Pro";F8YHV1D00PM00006TP;;2026-08-26;1;99.00;99.00
SMS_MSPI-Owned;Regular;661-37207;"Battery, iPhone 15 Plus";F8YHVAD03DU00006U0;;2026-08-26;1;99.00;99.00
SMS_MSPI-Owned;Regular;661-30401;"Display, iPhone 14 Pro Max";G9P5367N7AB14YDA5;;2026-08-26;1;379.00;379.00
SMS_MSPI-Owned;Regular;661-35694;"Battery, iPhone 15 Pro";F8YHV1D06G700006TP;;2026-08-26;1;99.00;99.00
SMS_MSPI-Owned;Regular;661-35694;"Battery, iPhone 15 Pro";F8YHV1D003900006TP;;2026-08-26;1;99.00;99.00
MRK-MSPI-Owned;Regular;661-56065;"Display, iPhone 17";GVCHSF0380C0000U6M;;2026-08-26;1;329.00;329.00
MRK-MSPI-Owned;Regular;661-36915;"Display, iPhone 15 Pro Max";G9P5383QP101PHRAZ;;2026-08-26;1;379.00;379.00
MRK-MSPI-Owned;Regular;661-29370;"Display, iPhone 14 Pro";G9P5131PL5014YCAZ;;2026-08-26;1;329.00;329.00
MRK-MSPI-Owned;Regular;661-30401;"Display, iPhone 14 Pro Max";G9P5366N6KM14YDA4;;2026-08-26;1;379.00;379.00
MRK-MSPI-Owned;Regular;661-22294;"Battery, iPhone 13 Pro Max";F8Y6235C3XH13XCBA;;2026-08-26;1;89.00;89.00
MRK-MSPI-Owned;Regular;661-30394;"Battery, iPhone 14 Plus";F8Y6282C3Y1237KB5;;2026-08-26;1;99.00;99.00
MRK-MSPI-Owned;Regular;661-37207;"Battery, iPhone 15 Plus";F8YHVAD037E00006U0;;2026-08-26;1;99.00;99.00
MAG-MSPI-Owned;Regular;661-56050;"Display, iPhone 17 Pro Max";G9PHVJX2THX0000MUY;;2026-08-26;1;360.00;360.00
MAG-MSPI-Owned;Regular;661-30397;"Battery, iPhone 14 Pro Max";F8Y6255C66120J9BY;;2026-08-26;1;99.00;99.00
MAG-MSPI-Owned;Regular;661-30394;"Battery, iPhone 14 Plus";F8Y6292C0GM237KBZ;;2026-08-26;1;99.00;99.00
MAG-MSPI-Owned;Regular;661-56050;"Display, iPhone 17 Pro Max";G9QHUBJ0S1X0000MUY;;2026-08-26;1;379.00;379.00
MAG-MSPI-Owned;Regular;661-36706;"Display, iPhone 15";G9Q6087UHM821KHA9;;2026-08-26;1;279.00;279.00
SMS_MSPI-Owned;Regular;661-56050;"Display, iPhone 17 Pro Max";G9PHVJE1M7H0000MUY;;2026-08-26;1;379.00;379.00
POD_MSPI-Owned;Regular;661-30366;"Display, iPhone 14";G9Q5494V0E81502AC;;2026-08-26;1;279.00;279.00
TRI-MSPI-Owned;Regular;661-56125;"Display, iPhone 17 Pro";G9PHSUU0GSE0000L4B;;2026-08-26;1;329.00;329.00
ANX-MSPI-Owned;Regular;661-36915;"Display, iPhone 15 Pro Max";G9P5394Q9LG1PHRA4;;2026-08-26;1;318.00;318.00
FES-MSPI-Owned;Regular;661-56050;"Display, iPhone 17 Pro Max";G9QHUBJ5SCV0000MUY;;2026-08-27;1;379.00;379.00
FES-MSPI-Owned;Regular;661-56050;"Display, iPhone 17 Pro Max";G9PHUBF3YSE0000MUY;;2026-08-27;1;379.00;379.00
FES-MSPI-Owned;Regular;661-56050;"Display, iPhone 17 Pro Max";G9NHUBZ1QW10000MUY;;2026-08-27;1;379.00;379.00
FES-MSPI-Owned;Regular;661-44955;"Display, iPhone 16 Pro Max";G9PHQ2T0NF300005DR;;2026-08-27;1;379.00;379.00
ABR-MSPI-Owned;Regular;661-21988;"Display, iPhone 13";GVH52211SQTPR5PA8;;2026-08-27;1;279.00;279.00
ABR-MSPI-Owned;Regular;661-30366;"Display, iPhone 14";G9Q5487WNLM1502AQ;;2026-08-27;1;279.00;279.00
TRI-MSPI-Owned;Regular;661-56050;"Display, iPhone 17 Pro Max";G9PHVGE3LE10000MUY;;2026-08-27;1;379.00;379.00
ANX-MSPI-Owned;Regular;661-22294;"Battery, iPhone 13 Pro Max";F8Y6235C5X413XCBM;;2026-08-27;1;46.00;46.00
NPM-MSPI-Owned;Regular;661-44955;"Display, iPhone 16 Pro Max";G9PHQ7T0M8500005DR;;2026-08-27;1;334.00;334.00
VER_MSPI-Owned;Regular;661-56050;"Display, iPhone 17 Pro Max";G9PHVHV0BXG0000MUY;;2026-08-27;1;379.00;379.00
NES_MSPI-Owned;Regular;661-21991;"Battery, iPhone 13";F8Y6283C29B18FKB4;;2026-08-27;1;89.00;89.00
NES_MSPI-Owned;Regular;661-21991;"Battery, iPhone 13";F8Y6283C7VP18FKBV;;2026-08-27;1;89.00;89.00
NES_MSPI-Owned;Regular;661-21991;"Battery, iPhone 13";F8Y6283C29C18FKB3;;2026-08-27;1;89.00;89.00
NES_MSPI-Owned;Regular;661-21991;"Battery, iPhone 13";F8Y6283C29718FKB8;;2026-08-27;1;89.00;89.00
NES_MSPI-Owned;Regular;661-21991;"Battery, iPhone 13";F8Y6283C0K818FKBD;;2026-08-27;1;89.00;89.00
NES_MSPI-Owned;Regular;661-56065;"Display, iPhone 17";GVCHSH0094Y0000U6M;;2026-08-27;1;329.00;329.00
NES_MSPI-Owned;Regular;661-56065;"Display, iPhone 17";GVCHSF01ZK70000U6M;;2026-08-27;1;329.00;329.00
NES_MSPI-Owned;Regular;661-22294;"Battery, iPhone 13 Pro Max";F8Y6235C4AG13XCB5;;2026-08-27;1;89.00;89.00
NPM-MSPI-Owned;Regular;661-56125;"Display, iPhone 17 Pro";G9QHU5M1GCG0000L4B;;2026-08-28;1;329.00;329.00
NPM-MSPI-Owned;Regular;661-56125;"Display, iPhone 17 Pro";G9QHUJN4W5D0000L4B;;2026-08-28;1;329.00;329.00
NPM-MSPI-Owned;Regular;661-42726;"Display, iPhone 16 Pro";G9PHRLT17VF00005DP;;2026-08-28;1;329.00;329.00
NPM-MSPI-Owned;Regular;661-21988;"Display, iPhone 13";G9P5483C1H9PR5QA2;;2026-08-28;1;279.00;279.00
NPM-MSPI-Owned;Regular;661-21988;"Display, iPhone 13";G9P5485CMJ8PR5QAC;;2026-08-28;1;279.00;279.00
SMS_MSPI-Owned;Regular;661-21988;"Display, iPhone 13";GVH54640L2FPR5PAA;;2026-08-28;1;279.00;279.00
LAU-MSPI-Owned;Regular;661-42726;"Display, iPhone 16 Pro";G9PHRLT0BM800005DP;;2026-08-28;1;329.00;329.00
LAU-MSPI-Owned;Regular;661-21988;"Display, iPhone 13";G9P5484C2HTPR5QAG;;2026-08-28;1;279.00;279.00
TRI-MSPI-Owned;Regular;661-56065;"Display, iPhone 17";JLNHSN00B680000U6M;;2026-08-28;1;329.00;329.00
VER_MSPI-Owned;Regular;661-21993;"Display, iPhone 13 Pro";G9P5115L38VPQCKAQ;;2026-08-28;1;279.00;279.00
MRK-MSPI-Owned;Regular;661-22309;"Display, iPhone 13 Pro Max";G9P5351MKHBPQCLAK;;2026-08-28;1;329.00;329.00
MRK-MSPI-Owned;Regular;661-30366;"Display, iPhone 14";G9Q5496V12F1502A4;;2026-08-28;1;279.00;279.00
ZAM-MSPI-Owned;Regular;661-21991;"Battery, iPhone 13";F8Y6283C29818FKB7;;2026-08-28;1;89.00;89.00
ZAM-MSPI-Owned;Regular;661-21991;"Battery, iPhone 13";F8Y6282C5DE18FKBM;;2026-08-28;1;89.00;89.00
BHS_MSPI-Owned;Regular;661-56050;"Display, iPhone 17 Pro Max";G9PHVJV471F0000MUY;;2026-08-28;1;379.00;379.00
LIM_MSPI-Owned;Regular;661-56125;"Display, iPhone 17 Pro";G9QHUJP08FF0000L4B;;2026-08-29;1;329.00;329.00
LIM_MSPI-Owned;Regular;661-56065;"Display, iPhone 17";GVCHSE038ME0000U6M;;2026-08-29;1;329.00;329.00
LIM_MSPI-Owned;Regular;661-44797;"Display, iPhone 16";G9NHT620H4000004Y7;;2026-08-29;1;279.00;279.00
LIM_MSPI-Owned;Regular;661-36915;"Display, iPhone 15 Pro Max";G9P5385Q3951PHRAN;;2026-08-29;1;379.00;379.00
LIM_MSPI-Owned;Regular;661-36706;"Display, iPhone 15";G9Q6087ULBG21KHAU;;2026-08-29;1;279.00;279.00
LIM_MSPI-Owned;Regular;661-35699;"Display, iPhone 15 Pro";G9P5453QC3C1PHPA2;;2026-08-29;1;329.00;329.00
LIM_MSPI-Owned;Regular;661-36918;"Battery, iPhone 15 Pro Max";FG9HTP0039600006TT;;2026-08-29;1;99.00;99.00
LIM_MSPI-Owned;Regular;661-42837;"Battery, iPhone 16 Plus";F8YHLS00HFY0000RSS;;2026-08-29;1;99.00;99.00
NAG-MSPI-Owned;Regular;661-55240;"Display, iPhone Air";G9QHLTJ12640000HU8;;2026-08-29;1;329.00;329.00
NAG-MSPI-Owned;Regular;661-21988;"Display, iPhone 13";G9P5477CNHPPR5QA0;;2026-08-29;1;279.00;279.00
NES_MSPI-Owned;Regular;661-21991;"Battery, iPhone 13";F8Y6302C51M18FKB5;;2026-08-29;1;89.00;89.00
FES-MSPI-Owned;Regular;TA661-45263;"256GB, Desert Titanium, ROW, iPhone 16 Pro Max, CI/AR";H1996WL4V9;;2026-08-30;1;1045.00;1045.00
POD_MSPI-Owned;Regular;661-21993;"Display, iPhone 13 Pro";G9P5507M73SPQCKAY;;2026-08-30;1;279.00;279.00
POD_MSPI-Owned;Regular;661-22309;"Display, iPhone 13 Pro Max";G9P3397M09FPQCLAC;;2026-08-30;1;329.00;329.00
POD_MSPI-Owned;Regular;661-21988;"Display, iPhone 13";G9P5516C3KBPR5QA9;;2026-08-30;1;279.00;279.00
POD_MSPI-Owned;Regular;661-22309;"Display, iPhone 13 Pro Max";G9Q5133WFL21502A4;;2026-08-30;1;329.00;329.00
MRK-MSPI-Owned;Regular;661-21991;"Battery, iPhone 13";20089643;;2026-08-31;1;89.00;89.00
MOA-MSPI-Owned;Regular;661-30397;"Battery, iPhone 14 Pro Max";F8Y6255C6DL20J9BS;;2026-08-31;1;99.00;99.00
MRK-MSPI-Owned;Regular;661-21991;"Battery, iPhone 13";F8Y6304C20718FKBP;;2026-08-31;1;89.00;89.00
MRK-MSPI-Owned;Regular;661-44954;"Battery, iPhone 16 Pro Max";F8YHUHH05F50000UMJ;;2026-08-31;1;119.00;119.00
MRK-MSPI-Owned;Regular;661-30397;"Battery, iPhone 14 Pro Max";F8Y6273C2EG20J9BT;;2026-08-31;1;99.00;99.00
MRK-MSPI-Owned;Regular;661-22294;"Battery, iPhone 13 Pro Max";F8Y6285C30W13XCB7;;2026-08-31;1;89.00;89.00
MRK-MSPI-Owned;Regular;661-22294;"Battery, iPhone 13 Pro Max";F8Y6285C30413XCBZ;;2026-08-31;1;89.00;89.00
MRK-MSPI-Owned;Regular;661-21991;"Battery, iPhone 13";F8Y6302CA4918FKB3;;2026-08-31;1;89.00;89.00
VER_MSPI-Owned;Regular;661-36918;"Battery, iPhone 15 Pro Max";FG9HTN003B600006TT;;2026-08-31;1;99.00;99.00
VER_MSPI-Owned;Regular;661-22294;"Battery, iPhone 13 Pro Max";F8Y6285C4GQ13XCBY;;2026-08-31;1;89.00;89.00
VER_MSPI-Owned;Regular;661-22294;"Battery, iPhone 13 Pro Max";F8Y6285C4N613XCBY;;2026-08-31;1;89.00;89.00
VER_MSPI-Owned;Regular;661-22294;"Battery, iPhone 13 Pro Max";F8Y6285C1C613XCBX;;2026-08-31;1;89.00;89.00
VER_MSPI-Owned;Regular;661-22294;"Battery, iPhone 13 Pro Max";F8Y6285C12T13XCB6;;2026-08-31;1;89.00;89.00
VER_MSPI-Owned;Regular;661-22294;"Battery, iPhone 13 Pro Max";F8Y6285C1C213XCB1;;2026-08-31;1;89.00;89.00
VER_MSPI-Owned;Regular;661-22294;"Battery, iPhone 13 Pro Max";F8Y6285C1C513XCBY;;2026-08-31;1;89.00;89.00
VER_MSPI-Owned;Regular;661-21996;"Battery, iPhone 13 Pro";F8Y6222C31B13RHCL;;2026-08-31;1;89.00;89.00
TRI-MSPI-Owned;Regular;661-44954;"Battery, iPhone 16 Pro Max";F8YHUHH04330000UMJ;;2026-08-31;1;119.00;119.00
MAG-MSPI-Owned;Regular;661-30397;"Battery, iPhone 14 Pro Max";F8Y6273CB8E20J9B4;;2026-08-31;1;99.00;99.00
MEG-MSPI-Owned;Regular;661-35694;"Battery, iPhone 15 Pro";F8YHV0D044V00006TP;;2026-08-31;1;99.00;99.00
MEG-MSPI-Owned;Regular;661-30397;"Battery, iPhone 14 Pro Max";F8Y6274C00V20J9BP;;2026-08-31;1;99.00;99.00
POD_MSPI-Owned;Regular;661-30382;"Battery, iPhone 14 Pro";F8Y6272C5LS217WB8;;2026-08-31;1;99.00;99.00
POD_MSPI-Owned;Regular;661-30382;"Battery, iPhone 14 Pro";F8Y6272C8SW217WBH;;2026-08-31;1;99.00;99.00
BHS_MSPI-Owned;Regular;661-21991;"Battery, iPhone 13";F8Y6305C7YT18FKB3;;2026-08-31;1;89.00;89.00
ANX-MSPI-Owned;Regular;661-44954;"Battery, iPhone 16 Pro Max";F8YHUHH05FH0000UMJ;;2026-08-31;1;119.00;119.00
SMS_MSPI-Owned;Regular;661-21991;"Battery, iPhone 13";F8Y6303CAX218FKBW;;2026-08-31;1;89.00;89.00
GL5_MSPI-Owned;Regular;661-22309;"Display, iPhone 13 Pro Max";G9P5386MJ08PQCLAS;;2026-08-31;1;329.00;329.00
GL5_MSPI-Owned;Regular;661-44955;"Display, iPhone 16 Pro Max";G9PHK7S0PX700005DR;;2026-08-31;1;379.00;379.00
GL5_MSPI-Owned;Regular;661-22294;"Battery, iPhone 13 Pro Max";F8Y6285C2ZY13XCB9;;2026-08-31;1;89.00;89.00
GL5_MSPI-Owned;Regular;661-22294;"Battery, iPhone 13 Pro Max";F8Y6285C2ZV13XCBC;;2026-08-31;1;89.00;89.00
MAG-MSPI-Owned;Regular;613-36706;"Display, iPhone 15";REPLACE;;2026-09-01;1;;
LIM_MSPI-Owned;Regular;661-21991;"Battery, iPhone 13";F8Y6302CAGN18FKBN;;2026-09-01;1;89.00;89.00
POD_MSPI-Owned;Regular;661-21991;"Battery, iPhone 13";F8Y6272CAHG18FKB5;;2026-09-01;1;89.00;89.00
POD_MSPI-Owned;Regular;661-21991;"Battery, iPhone 13";F8Y6272C37C18FKBC;;2026-09-01;1;89.00;89.00
POD_MSPI-Owned;Regular;661-21991;"Battery, iPhone 13";F8Y6302C6Q418FKBL;;2026-09-01;1;89.00;89.00
POD_MSPI-Owned;Regular;661-21991;"Battery, iPhone 13";F8Y6282C66218FKBK;;2026-09-01;1;89.00;89.00
POD_MSPI-Owned;Regular;661-21991;"Battery, iPhone 13";F8Y6304C12N18FKB3;;2026-09-01;1;46.00;46.00
POD_MSPI-Owned;Regular;661-21991;"Battery, iPhone 13";F8Y6304C1UT18FKBN;;2026-09-01;1;89.00;89.00
POD_MSPI-Owned;Regular;661-21991;"Battery, iPhone 13";F8Y6282C68H18FKBY;;2026-09-01;1;89.00;89.00
POD_MSPI-Owned;Regular;661-21991;"Battery, iPhone 13";F8Y6304C11D18FKBF;;2026-09-01;1;89.00;89.00
POD_MSPI-Owned;Regular;661-21991;"Battery, iPhone 13";F8Y6302C6Q818FKBG;;2026-09-01;1;89.00;89.00
MOA-MSPI-Owned;Regular;661-56125;"Display, iPhone 17 Pro";G9QHUVK4WF30000L4B;;2026-09-01;1;329.00;329.00
MOA-MSPI-Owned;Regular;661-30397;"Battery, iPhone 14 Pro Max";F8Y6273CC8U20J9BP;;2026-09-01;1;99.00;99.00
MOA-MSPI-Owned;Regular;661-21991;"Battery, iPhone 13";F8Y6304C2N318FKBV;;2026-09-01;1;89.00;89.00
PPM-MSPI-Owned;Regular;661-21991;"Battery, iPhone 13";F8Y6304C1UF18FKB0;;2026-09-01;1;89.00;89.00
VER_MSPI-Owned;Regular;661-36706;"Display, iPhone 15";G9Q6195U5NN21KHA2;;2026-09-01;1;279.00;279.00
ANX-MSPI-Owned;Regular;661-21991;"Battery, iPhone 13";F8Y6304C1U718FKB8;;2026-09-01;1;89.00;89.00
ANX-MSPI-Owned;Regular;661-21991;"Battery, iPhone 13";F8Y6302C8R918FKBA;;2026-09-01;1;89.00;89.00
VER_MSPI-Owned;Regular;661-21988;"Display, iPhone 13";GVH54810SM6PR5PAM;;2026-09-01;1;234.00;234.00
VER_MSPI-Owned;Regular;661-21991;"Battery, iPhone 13";F8Y6273C37B18FKBC;;2026-09-01;1;89.00;89.00
VER_MSPI-Owned;Regular;661-21991;"Battery, iPhone 13";F8Y6302C1LB18FKBW;;2026-09-01;1;89.00;89.00
VER_MSPI-Owned;Regular;661-21991;"Battery, iPhone 13";F8Y6303CBY418FKB;;2026-09-01;1;89.00;89.00
VER_MSPI-Owned;Regular;661-21991;"Battery, iPhone 13";F8Y6303C29V18FKB9;;2026-09-01;1;89.00;89.00
ILO-MSPI-Owned;Regular;661-21991;"Battery, iPhone 13";F8Y6303C00918FKBQ;;2026-09-02;1;89.00;89.00
MEG-MSPI-Owned;Regular;661-21991;"Battery, iPhone 13";F8Y6302C8SG18FKB0;;2026-09-02;1;89.00;89.00
MAG-MSPI-Owned;Regular;661-56125;"Display, iPhone 17 Pro";G9PHUZY5DMD0000L4B;;2026-09-02;1;329.00;329.00
MAG-MSPI-Owned;Regular;661-36706;"Display, iPhone 15";G9Q6195W47Z21KHAX;;2026-09-02;1;279.00;279.00
GL5_MSPI-Owned;Regular;661-30397;"Battery, iPhone 14 Pro Max";F8Y6273CB2C20J9BQ;;2026-09-02;1;51.00;51.00
MEG-MSPI-Owned;Regular;661-21991;"Battery, iPhone 13";F8Y6273C4M018FKBE;;2026-09-02;1;89.00;89.00
SMS_MSPI-Owned;Regular;661-56125;"Display, iPhone 17 Pro";G9PHUZY215J0000L4B;;2026-09-02;1;329.00;329.00
NES_MSPI-Owned;Regular;661-56050;"Display, iPhone 17 Pro Max";G9PHVJV2HTB0000MUY;;2026-09-02;1;360.00;360.00
NES_MSPI-Owned;Regular;661-56050;"Display, iPhone 17 Pro Max";G9PHVCE5PSW0000MUY;;2026-09-02;1;379.00;379.00
MOA-MSPI-Owned;Regular;661-35699;"Display, iPhone 15 Pro";G9P5454QHGC1PHPAR;;2026-09-02;1;276.00;276.00
MOA-MSPI-Owned;Regular;661-30366;"Display, iPhone 14";G9Q5474V0HA1502A7;;2026-09-02;1;279.00;279.00
MRK-MSPI-Owned;Regular;661-36915;"Display, iPhone 15 Pro Max";G9P5383QB1U1PHRAH;;2026-09-02;1;379.00;379.00
FES-MSPI-Owned;Regular;661-21996;"Battery, iPhone 13 Pro";F8Y6222C4PM13RHCB;;2026-09-02;1;89.00;89.00
FES-MSPI-Owned;Regular;661-35694;"Battery, iPhone 15 Pro";F8YHV1D035700006TP;;2026-09-02;1;99.00;99.00
MRK-MSPI-Owned;Regular;661-21991;"Battery, iPhone 13";F8Y6273C01L18FKBQ;;2026-09-02;1;89.00;89.00
VER_MSPI-Owned;Regular;661-21991;"Battery, iPhone 13";F8Y6282C6T418FKBN;;2026-09-02;1;89.00;89.00
VER_MSPI-Owned;Regular;661-21991;"Battery, iPhone 13";F8Y6282C5P618FKBZ;;2026-09-02;1;89.00;89.00
VER_MSPI-Owned;Regular;661-21991;"Battery, iPhone 13";F8Y6282C6S918FKBL;;2026-09-02;1;89.00;89.00
NES_MSPI-Owned;Regular;661-21996;"Battery, iPhone 13 Pro";F8Y6222C34R13RHCX;;2026-09-03;1;89.00;89.00
NES_MSPI-Owned;Regular;661-22294;"Battery, iPhone 13 Pro Max";F8Y6285C30V13XCB8;;2026-09-03;1;89.00;89.00
NES_MSPI-Owned;Regular;661-35885;"Battery, iPhone 15";F8YHVSC0HKY00006TW;;2026-09-03;1;99.00;99.00
PPM-MSPI-Owned;Regular;661-56125;"Display, iPhone 17 Pro";G9QHU0M4WK00000L4B;;2026-09-03;1;329.00;329.00
PPM-MSPI-Owned;Regular;661-56050;"Display, iPhone 17 Pro Max";G9PHVHE0F0D0000MUY;;2026-09-03;1;379.00;379.00
GB3-MSPI-Owned;Regular;661-21988;"Display, iPhone 13";GVH54811JFTPR5PAP;;2026-09-03;1;279.00;279.00
SMS_MSPI-Owned;Regular;661-21988;"Display, iPhone 13";G9P5471C0RBPR5QAG;;2026-09-03;1;279.00;279.00
NPM-MSPI-Owned;Regular;661-21991;"Battery, iPhone 13";F8Y6304C9QX18FKBN;;2026-09-03;1;89.00;89.00
NPM-MSPI-Owned;Regular;661-21991;"Battery, iPhone 13";F8Y6304CA3418FKB9;;2026-09-03;1;89.00;89.00
NPM-MSPI-Owned;Regular;661-21991;"Battery, iPhone 13";F8Y6304C1UC18FKB3;;2026-09-03;1;89.00;89.00
NPM-MSPI-Owned;Regular;661-21991;"Battery, iPhone 13";F8Y6303C1JJ18FKBU;;2026-09-03;1;89.00;89.00
NPM-MSPI-Owned;Regular;661-21996;"Battery, iPhone 13 Pro";F8Y6222C31513RHCS;;2026-09-03;1;89.00;89.00
NPM-MSPI-Owned;Regular;661-22294;"Battery, iPhone 13 Pro Max";F8Y6285C30713XCBW;;2026-09-03;1;89.00;89.00
NPM-MSPI-Owned;Regular;661-22294;"Battery, iPhone 13 Pro Max";F8Y6285C1BC13XCBU;;2026-09-03;1;89.00;89.00
NPM-MSPI-Owned;Regular;661-44797;"Display, iPhone 16";G9NHTR20DH700004Y7;;2026-09-03;1;279.00;279.00
NPM-MSPI-Owned;Regular;661-44955;"Display, iPhone 16 Pro Max";G9PHJBK0KU500005DR;;2026-09-03;1;379.00;379.00
NPM-MSPI-Owned;Regular;661-56050;"Display, iPhone 17 Pro Max";G9PHVGV3W4J0000MUY;;2026-09-03;1;379.00;379.00
NPM-MSPI-Owned;Regular;661-56050;"Display, iPhone 17 Pro Max";G9PHVAG639X0000MUY;;2026-09-03;1;379.00;379.00
NPM-MSPI-Owned;Regular;661-56050;"Display, iPhone 17 Pro Max";G9PHVJE3TLE0000MUY;;2026-09-03;1;379.00;379.00
NPM-MSPI-Owned;Regular;661-56065;"Display, iPhone 17";GVCHU60229J0000U6M;;2026-09-03;1;329.00;329.00
NPM-MSPI-Owned;Regular;661-36915;"Display, iPhone 15 Pro Max";G9P5394Q9L71PHRAD;;2026-09-03;1;379.00;379.00
FES-MSPI-Owned;Regular;661-21991;"Battery, iPhone 13";F8Y6303CA7G18FKBL;;2026-09-03;1;89.00;89.00
FES-MSPI-Owned;Regular;661-21991;"Battery, iPhone 13";F8Y6304CAFL18FKBR;;2026-09-03;1;89.00;89.00
FES-MSPI-Owned;Regular;661-21991;"Battery, iPhone 13";F8Y6302C8S918FKB7;;2026-09-03;1;89.00;89.00
FES-MSPI-Owned;Regular;661-21991;"Battery, iPhone 13";F8Y6302CBDJ18FKB0;;2026-09-03;1;89.00;89.00
FES-MSPI-Owned;Regular;661-21991;"Battery, iPhone 13";F8Y6273C3KG18FKB5;;2026-09-03;1;89.00;89.00
FES-MSPI-Owned;Regular;661-21991;"Battery, iPhone 13";F8Y6273C3V918FKBG;;2026-09-03;1;89.00;89.00
FES-MSPI-Owned;Regular;661-21991;"Battery, iPhone 13";F8Y6273C3VS18FKBZ;;2026-09-03;1;89.00;89.00
FES-MSPI-Owned;Regular;661-21991;"Battery, iPhone 13";F8Y6264C2YR18FKBU;;2026-09-03;1;89.00;89.00
FES-MSPI-Owned;Regular;661-21991;"Battery, iPhone 13";F8Y6271C0U218FKBX;;2026-09-03;1;89.00;89.00
FES-MSPI-Owned;Regular;661-21991;"Battery, iPhone 13";F8Y6272CAXE18FKBZ;;2026-09-03;1;89.00;89.00
FES-MSPI-Owned;Regular;661-21991;"Battery, iPhone 13";F8Y6277C46118FKBL;;2026-09-03;1;89.00;89.00
LAU-MSPI-Owned;Regular;661-30401;"Display, iPhone 14 Pro Max";G9P5433NLBB14YDA1;;2026-09-03;1;379.00;379.00
LAU-MSPI-Owned;Regular;661-56050;"Display, iPhone 17 Pro Max";G9PHVJX1SA60000MUY;;2026-09-03;1;379.00;379.00
MAG-MSPI-Owned;Regular;661-14098;"Display, iPhone 11";DKH5326F0V604FPAH;;2026-09-03;1;199.00;199.00
FES-MSPI-Owned;Regular;661-22309;"Display, iPhone 13 Pro Max";G9P5384M8LUPQCLAS;;2026-09-03;1;329.00;329.00
FES-MSPI-Owned;Regular;661-30366;"Display, iPhone 14";G9Q5495WG781502AD;;2026-09-03;1;279.00;279.00
FES-MSPI-Owned;Regular;661-22309;"Display, iPhone 13 Pro Max";G9P4331M4BEPQCLAQ;;2026-09-03;1;329.00;329.00
MOA-MSPI-Owned;Regular;661-56050;"Display, iPhone 17 Pro Max";G9PHVKV2BY60000MUY;;2026-09-03;1;360.00;360.00
NES_MSPI-Owned;Regular;661-44797;"Display, iPhone 16";G9QHTUY0CY200004Y7;;2026-09-03;1;279.00;279.00
NES_MSPI-Owned;Regular;661-21988;"Display, iPhone 13";GVH54810T98PR5PAL;;2026-09-03;1;279.00;279.00
NES_MSPI-Owned;Regular;661-44955;"Display, iPhone 16 Pro Max";G9PHNTT172200005DR;;2026-09-03;1;379.00;379.00
NES_MSPI-Owned;Regular;661-56065;"Display, iPhone 17";JLNHTY009DC0000U6M;;2026-09-03;1;329.00;329.00
TRI-MSPI-Owned;Regular;661-21991;"Battery, iPhone 13";F8Y6304C7CY18FKBR;;2026-09-03;1;89.00;89.00
TRI-MSPI-Owned;Regular;661-21991;"Battery, iPhone 13";F8Y6304C61L18FKB3;;2026-09-03;1;89.00;89.00
TRI-MSPI-Owned;Regular;661-21991;"Battery, iPhone 13";F8Y6304C61Y18FKBR;;2026-09-03;1;89.00;89.00
TRI-MSPI-Owned;Regular;661-21991;"Battery, iPhone 13";F8Y6304C60Y18FKBU;;2026-09-03;1;89.00;89.00
TRI-MSPI-Owned;Regular;661-21991;"Battery, iPhone 13";F8Y6304C61K18FKB4;;2026-09-03;1;89.00;89.00
CDO-MSPI-Owned;Regular;661-21988;"Display, iPhone 13";GVH54810YMYPR5PAP;;2026-09-04;1;279.00;279.00
CDO-MSPI-Owned;Regular;661-56050;"Display, iPhone 17 Pro Max";G9PHVJV2C0H0000MUY;;2026-09-04;1;379.00;379.00
CDO-MSPI-Owned;Regular;661-56125;"Display, iPhone 17 Pro";G9PHU1U1P3P0000L4B;;2026-09-04;1;329.00;329.00
LIM_MSPI-Owned;Regular;661-42843;"Display, iPhone 16 Plus";G9QHRXT0KDK00004Y9;;2026-09-04;1;329.00;329.00
LIM_MSPI-Owned;Regular;661-36918;"Battery, iPhone 15 Pro Max";FG9HTK002E100006TT;;2026-09-04;1;99.00;99.00
ABR-MSPI-Owned;Regular;661-56125;"Display, iPhone 17 Pro";G9QHUQK4CQD0000L4B;;2026-09-04;1;329.00;329.00
ABR-MSPI-Owned;Regular;661-56050;"Display, iPhone 17 Pro Max";G9PHVJX57M70000MUY;;2026-09-04;1;379.00;379.00
ABR-MSPI-Owned;Regular;661-56050;"Display, iPhone 17 Pro Max";G9PHVJV0EC30000MUY;;2026-09-04;1;379.00;379.00
ABR-MSPI-Owned;Regular;661-55240;"Display, iPhone Air";G9QHLKK09KS0000HU8;;2026-09-04;1;329.00;329.00
ABR-MSPI-Owned;Regular;661-36915;"Display, iPhone 15 Pro Max";G9P5394Q58D1PHRAD;;2026-09-04;1;379.00;379.00
ABR-MSPI-Owned;Regular;661-42726;"Display, iPhone 16 Pro";G9PHRUT0BAT00005DP;;2026-09-04;1;329.00;329.00
NAG-MSPI-Owned;Regular;661-56050;"Display, iPhone 17 Pro Max";G9PHVEX3ALK0000MUY;;2026-09-04;1;379.00;379.00
ABR-MSPI-Owned;Regular;661-21991;"Battery, iPhone 13";F8Y6283C1AK18FKBU;;2026-09-04;1;89.00;89.00
BHS_MSPI-Owned;Regular;661-56050;"Display, iPhone 17 Pro Max";G9PHVPV1FXG0000MUY;;2026-09-04;1;360.00;360.00
SMS_MSPI-Owned;Regular;661-44797;"Display, iPhone 16";G9NHUT201DA00004Y7;;2026-09-04;1;246.00;246.00
TRI-MSPI-Owned;Regular;661-21991;"Battery, iPhone 13";F8Y6273C4DG18FKBN;;2026-09-04;1;89.00;89.00
VER_MSPI-Owned;Regular;661-21988;"Display, iPhone 13";GVH54811KLNPR5PAC;;2026-09-04;1;234.00;234.00
VER_MSPI-Owned;Regular;661-44797;"Display, iPhone 16";G9QHTRY0HL100004Y7;;2026-09-04;1;279.00;279.00
MEG-MSPI-Owned;Regular;661-21991;"Battery, iPhone 13";F8Y6272CAK218FKBD;;2026-09-04;1;89.00;89.00
MOA-MSPI-Owned;Regular;661-56050;"Display, iPhone 17 Pro Max";G9PHS1F0SMN0000MUY;;2026-09-04;1;379.00;379.00
ILO-MSPI-Owned;Regular;661-21988;"Display, iPhone 13";G9P5524C0FWPR5QA4;;2026-09-05;1;279.00;279.00
CEB-MSPI-Owned;Regular;661-21988;"Display, iPhone 13";GVH54810YM8PR5PAD;;2026-09-05;1;279.00;279.00
CEB-MSPI-Owned;Regular;661-42726;"Display, iPhone 16 Pro";G9PHRWT116R00005DP;;2026-09-05;1;329.00;329.00
CEB-MSPI-Owned;Regular;661-56065;"Display, iPhone 17";GVCHU7014TG0000U6M;;2026-09-05;1;329.00;329.00
CEB-MSPI-Owned;Regular;661-56050;"Display, iPhone 17 Pro Max";G9PHVHE6F2G0000MUY;;2026-09-05;1;379.00;379.00
BHS_MSPI-Owned;Regular;661-30401;"Display, iPhone 14 Pro Max";G9P5434N07B14YDAY;;2026-09-05;1;318.00;318.00
ABR-MSPI-Owned;Regular;661-21991;"Battery, iPhone 13";F8Y6282C5FV18FKB0;;2026-09-07;1;89.00;89.00
ABR-MSPI-Owned;Regular;661-21991;"Battery, iPhone 13";F8Y6282C64J18FKB9;;2026-09-07;1;89.00;89.00
ABR-MSPI-Owned;Regular;661-21996;"Battery, iPhone 13 Pro";F8Y6222C6HX13RHCH;;2026-09-07;1;89.00;89.00
ABR-MSPI-Owned;Regular;661-30382;"Battery, iPhone 14 Pro";F8Y6247C846217WB9;;2026-09-07;1;99.00;99.00
ABR-MSPI-Owned;Regular;661-22294;"Battery, iPhone 13 Pro Max";F8Y6254C2GP13XCBB;;2026-09-07;1;89.00;89.00
GL5_MSPI-Owned;Regular;661-56050;"Display, iPhone 17 Pro Max";G9PHVMX1WD20000MUY;;2026-09-07;1;379.00;379.00
GL5_MSPI-Owned;Regular;661-22309;"Display, iPhone 13 Pro Max";G9P5384ME8YPQCLAJ;;2026-09-07;1;276.00;276.00
GL5_MSPI-Owned;Regular;661-30401;"Display, iPhone 14 Pro Max";G9P5365NLPC14YDAN;;2026-09-07;1;318.00;318.00
LIM_MSPI-Owned;Regular;661-44797;"Display, iPhone 16";G9NHUQ20B6V00004Y7;;2026-09-07;1;279.00;279.00
TRI-MSPI-Owned;Regular;661-21991;"Battery, iPhone 13";F8Y6282C5PM18FKBJ;;2026-09-07;1;89.00;89.00
TRI-MSPI-Owned;Regular;661-21988;"Display, iPhone 13";GVH546513AUPR5PAL;;2026-09-07;1;279.00;279.00
NES_MSPI-Owned;Regular;661-21991;"Battery, iPhone 13";F8Y6273C60J18FKBP;;2026-09-07;1;89.00;89.00
VER_MSPI-Owned;Regular;661-22309;"Display, iPhone 13 Pro Max";G9P5386ME4KPQCLA7;;2026-09-08;1;329.00;329.00
LIM_MSPI-Owned;Regular;661-30394;"Battery, iPhone 14 Plus";F8Y6296C1KK237KBM;;2026-09-08;1;51.00;51.00
MAG-MSPI-Owned;Regular;661-22309;"Display, iPhone 13 Pro Max";G9P5387M3DDPQCLAW;;2026-09-08;1;276.00;276.00
VER_MSPI-Owned;Regular;661-21988;"Display, iPhone 13";GVH548114X9PR5PA7;;2026-09-08;1;234.00;234.00
VER_MSPI-Owned;Regular;661-56125;"Display, iPhone 17 Pro";G9PHUXD1DUB0000L4B;;2026-09-08;1;329.00;329.00
MAG-MSPI-Owned;Regular;661-56125;"Display, iPhone 17 Pro";G9QHURN0D2R0000L4B;;2026-09-08;1;329.00;329.00
ZAM-MSPI-Owned;Regular;661-22374;"Battery, iPhone 13 mini";F8Y6301C20B14LWCX;;2026-09-08;1;89.00;89.00
ZAM-MSPI-Owned;Regular;661-22374;"Battery, iPhone 13 mini";F8Y6301CD6C14LWC1;;2026-09-08;1;89.00;89.00
ZAM-MSPI-Owned;Regular;661-36706;"Display, iPhone 15";G9Q6081U94N21KHAS;;2026-09-08;1;279.00;279.00
SMS_MSPI-Owned;Regular;661-30397;"Battery, iPhone 14 Pro Max";F8Y6277C0R620J9B2;;2026-09-08;1;51.00;51.00
CEB-MSPI-Owned;Regular;661-21993;"Display, iPhone 13 Pro";G9P5154L0JCPQCKA3;;2026-09-08;1;279.00;279.00
CEB-MSPI-Owned;Regular;661-21991;"Battery, iPhone 13";F8Y6282C66318FKBJ;;2026-09-08;1;89.00;89.00
CEB-MSPI-Owned;Regular;661-22294;"Battery, iPhone 13 Pro Max";F8Y6254C1Q013XCBB;;2026-09-08;1;89.00;89.00
CEB-MSPI-Owned;Regular;661-30382;"Battery, iPhone 14 Pro";F8Y6247CAFW217WBJ;;2026-09-08;1;99.00;99.00
CEB-MSPI-Owned;Regular;661-35885;"Battery, iPhone 15";F8YHUBC0H1K00006TW;;2026-09-08;1;99.00;99.00
CEB-MSPI-Owned;Regular;661-56064;"Battery, iPhone 17";F8YHUR00N3M0001510;;2026-09-08;1;99.00;99.00
NPM-MSPI-Owned;Regular;661-56050;"Display, iPhone 17 Pro Max";G9PHVGE3JB60000MUY;;2026-09-08;1;360.00;360.00
GL5_MSPI-Owned;Regular;661-56050;"Display, iPhone 17 Pro Max";G9PHVJX1RY70000MUY;;2026-09-08;1;360.00;360.00
GL5_MSPI-Owned;Regular;661-35699;"Display, iPhone 15 Pro";G9P5455QFML1PHPA3;;2026-09-08;1;276.00;276.00
ILO-MSPI-Owned;Regular;661-21991;"Battery, iPhone 13";F8Y6282C1CS18FKBG;;2026-09-09;1;89.00;89.00
ILO-MSPI-Owned;Regular;661-35885;"Battery, iPhone 15";F8YHUBC0KQE00006TW;;2026-09-09;1;99.00;99.00
ILO-MSPI-Owned;Regular;661-21991;"Battery, iPhone 13";F8Y6282C65Y18FKBS;;2026-09-09;1;89.00;89.00
ILO-MSPI-Owned;Regular;661-21991;"Battery, iPhone 13";F8Y6282C4T318FKBR;;2026-09-09;1;89.00;89.00
ILO-MSPI-Owned;Regular;661-21991;"Battery, iPhone 13";F8Y6281C1HW18FKBY;;2026-09-09;1;89.00;89.00
ILO-MSPI-Owned;Regular;661-30373;"Battery, iPhone 14";F8Y6284C3CV231LBJ;;2026-09-09;1;99.00;99.00
ILO-MSPI-Owned;Regular;661-21991;"Battery, iPhone 13";F8Y6284C0QN18FKBH;;2026-09-09;1;89.00;89.00
ILO-MSPI-Owned;Regular;661-21988;"Display, iPhone 13";GVH43350U4HPR5PA6;;2026-09-09;1;279.00;279.00
SMS_MSPI-Owned;Regular;661-21991;"Battery, iPhone 13";F8Y6313CL6J18FKB8;;2026-09-09;1;89.00;89.00
POD_MSPI-Owned;Regular;661-22294;"Battery, iPhone 13 Pro Max";F8Y6295C2AE13XCBR;;2026-09-09;1;46.00;46.00
MEG-MSPI-Owned;Regular;661-56065;"Display, iPhone 17";GVCHTK00RH60000U6M;;2026-09-09;1;329.00;329.00
MEG-MSPI-Owned;Regular;661-21991;"Battery, iPhone 13";F8Y6311C12N18FKB3;;2026-09-09;1;89.00;89.00
MOA-MSPI-Owned;Regular;661-21991;"Battery, iPhone 13";F8Y6306CBNW18FKBR;;2026-09-09;1;89.00;89.00
MRK-MSPI-Owned;Regular;661-22311;"Display, iPhone 13 mini";G9P5524B2B4PRRDAU;;2026-09-09;1;192.00;192.00
MRK-MSPI-Owned;Regular;661-30401;"Display, iPhone 14 Pro Max";G9P5301NE6C14YDAZ;;2026-09-09;1;379.00;379.00
MOA-MSPI-Owned;Regular;661-21991;"Battery, iPhone 13";F8Y6315C5SG18FKBX;;2026-09-09;1;89.00;89.00
VER_MSPI-Owned;Regular;661-21991;"Battery, iPhone 13";F8Y6314CJDL18FKBL;;2026-09-09;1;89.00;89.00
VER_MSPI-Owned;Regular;661-21991;"Battery, iPhone 13";F8Y6314CJCW18FKBD;;2026-09-09;1;89.00;89.00
VER_MSPI-Owned;Regular;661-21991;"Battery, iPhone 13";F8Y6314CHZ818FKB7;;2026-09-09;1;89.00;89.00
VER_MSPI-Owned;Regular;661-21991;"Battery, iPhone 13";F8Y6315C89U18FKBZ;;2026-09-09;1;89.00;89.00
VER_MSPI-Owned;Regular;661-21991;"Battery, iPhone 13";F8Y6313CDH618FKBU;;2026-09-09;1;89.00;89.00
VER_MSPI-Owned;Regular;661-21991;"Battery, iPhone 13";F8Y6314CJD918FKBX;;2026-09-09;1;89.00;89.00
VER_MSPI-Owned;Regular;661-21991;"Battery, iPhone 13";F8Y6313CM1718FKBZ;;2026-09-09;1;89.00;89.00
VER_MSPI-Owned;Regular;661-21991;"Battery, iPhone 13";F8Y6313CDFC18FKBU;;2026-09-09;1;89.00;89.00
VER_MSPI-Owned;Regular;661-21991;"Battery, iPhone 13";F8Y6306CC3G18FKBT;;2026-09-09;1;89.00;89.00
PPM-MSPI-Owned;Regular;661-21991;"Battery, iPhone 13";F8Y6306CC4Y18FKB8;;2026-09-09;1;89.00;89.00
FES-MSPI-Owned;Regular;661-21991;"Battery, iPhone 13";F8Y6315C5RL18FKBW;;2026-09-09;1;89.00;89.00
FES-MSPI-Owned;Regular;661-21991;"Battery, iPhone 13";F8Y6315C5TW18FKBE;;2026-09-09;1;89.00;89.00
FES-MSPI-Owned;Regular;661-21991;"Battery, iPhone 13";F8Y6315C5TP18FKBM;;2026-09-09;1;89.00;89.00
FES-MSPI-Owned;Regular;661-21991;"Battery, iPhone 13";F8Y6315C5S718FKB6;;2026-09-09;1;89.00;89.00
FES-MSPI-Owned;Regular;661-21991;"Battery, iPhone 13";F8Y6312C2H918FKB3;;2026-09-09;1;89.00;89.00
ANX-MSPI-Owned;Regular;661-21991;"Battery, iPhone 13";F8Y6306CC3E18FKBV;;2026-09-09;1;89.00;89.00
TRI-MSPI-Owned;Regular;661-21991;"Battery, iPhone 13";F8Y6306C9Y118FKBS;;2026-09-09;1;89.00;89.00
TRI-MSPI-Owned;Regular;661-21991;"Battery, iPhone 13";F8Y6306CC5L18FKBH;;2026-09-09;1;89.00;89.00
MRK-MSPI-Owned;Regular;661-21991;"Battery, iPhone 13";F8Y6313CFMD18FKB7;;2026-09-09;1;89.00;89.00
MRK-MSPI-Owned;Regular;661-21991;"Battery, iPhone 13";F8Y6314CHXR18FKBW;;2026-09-09;1;89.00;89.00
MRK-MSPI-Owned;Regular;661-21991;"Battery, iPhone 13";F8Y6314CGS618FKBX;;2026-09-09;1;89.00;89.00
MRK-MSPI-Owned;Regular;661-21991;"Battery, iPhone 13";F8Y6315CA4V18FKBB;;2026-09-09;1;89.00;89.00
NES_MSPI-Owned;Regular;661-21991;"Battery, iPhone 13";F8Y6315CBJ518FKBS;;2026-09-10;1;89.00;89.00
POD_MSPI-Owned;Regular;661-21988;"Display, iPhone 13";GVH51122BDZPR5PAG;;2026-09-10;1;234.00;234.00
ABR-MSPI-Owned;Regular;661-44955;"Display, iPhone 16 Pro Max";G9PHPYT1RLC00005DR;;2026-09-10;1;379.00;379.00
LIM_MSPI-Owned;Regular;661-21991;"Battery, iPhone 13";F8Y6306CBMU18FKBW;;2026-09-10;1;89.00;89.00
LIM_MSPI-Owned;Regular;661-56065;"Display, iPhone 17";JLNHTM009BN0000U6M;;2026-09-10;1;329.00;329.00
VER_MSPI-Owned;Regular;661-30366;"Display, iPhone 14";G9Q5134E75A1502AU;;2026-09-10;1;234.00;234.00
ANX-MSPI-Owned;Regular;661-56050;"Display, iPhone 17 Pro Max";G9PHVFV0WT90000MUY;;2026-09-10;1;360.00;360.00
CDO-MSPI-Owned;Regular;661-21988;"Display, iPhone 13";G9P5515C8H6PR5QAG;;2026-09-11;1;279.00;279.00
POD_MSPI-Owned;Regular;661-21988;"Display, iPhone 13";G9P5484CGFPPR5QAC;;2026-09-11;1;279.00;279.00
PPM-MSPI-Owned;Regular;661-56050;"Display, iPhone 17 Pro Max";G9PHVNE1BQM0000MUY;;2026-09-11;1;379.00;379.00
PPM-MSPI-Owned;Regular;661-36915;"Display, iPhone 15 Pro Max";G9P5393QC2H1PHRAM;;2026-09-11;1;379.00;379.00
PPM-MSPI-Owned;Regular;661-30401;"Display, iPhone 14 Pro Max";G9N2445LH4B14YDA2;;2026-09-11;1;379.00;379.00
PPM-MSPI-Owned;Regular;661-30397;"Battery, iPhone 14 Pro Max";F8Y6277CJTR20J9BT;;2026-09-11;1;99.00;99.00
PPM-MSPI-Owned;Regular;661-36918;"Battery, iPhone 15 Pro Max";FG9HVG001YT00006TT;;2026-09-11;1;99.00;99.00
PPM-MSPI-Owned;Regular;661-21991;"Battery, iPhone 13";F8Y6304C21L18FKB7;;2026-09-11;1;89.00;89.00
PPM-MSPI-Owned;Regular;661-21991;"Battery, iPhone 13";F8Y6303C1EH18FKB7;;2026-09-11;1;89.00;89.00
PPM-MSPI-Owned;Regular;661-21991;"Battery, iPhone 13";F8Y6305C5NR18FKB3;;2026-09-11;1;89.00;89.00
NES_MSPI-Owned;Regular;661-35694;"Battery, iPhone 15 Pro";F8YHV3D0EVQ00006TP;;2026-09-11;1;99.00;99.00
NES_MSPI-Owned;Regular;661-22294;"Battery, iPhone 13 Pro Max";F8Y6183C0RT13XCB9;;2026-09-11;1;89.00;89.00
NES_MSPI-Owned;Regular;661-22294;"Battery, iPhone 13 Pro Max";F8Y6183C14513XCBR;;2026-09-11;1;89.00;89.00
NES_MSPI-Owned;Regular;661-30397;"Battery, iPhone 14 Pro Max";F8Y6277C09L20J9B2;;2026-09-11;1;99.00;99.00
NES_MSPI-Owned;Regular;661-56064;"Battery, iPhone 17";F8YHVA000T50001510;;2026-09-11;1;99.00;99.00
NES_MSPI-Owned;Regular;661-42837;"Battery, iPhone 16 Plus";F8YHNW00CVX0000RSS;;2026-09-11;1;99.00;99.00
NES_MSPI-Owned;Regular;661-21991;"Battery, iPhone 13";F8Y6304C2M418FKBX;;2026-09-11;1;89.00;89.00
NES_MSPI-Owned;Regular;661-42726;"Display, iPhone 16 Pro";G9PHRBT15TQ00005DP;;2026-09-11;1;329.00;329.00
NES_MSPI-Owned;Regular;661-21996;"Battery, iPhone 13 Pro";F8Y6283C1TE13RHCQ;;2026-09-11;1;89.00;89.00
NES_MSPI-Owned;Regular;661-21991;"Battery, iPhone 13";F8Y6314CKUW18FKBY;;2026-09-11;1;89.00;89.00
NES_MSPI-Owned;Regular;661-21991;"Battery, iPhone 13";F8Y6315C4E618FKBA;;2026-09-11;1;89.00;89.00
NES_MSPI-Owned;Regular;661-21991;"Battery, iPhone 13";F8Y6315C4CV18FKBT;;2026-09-11;1;89.00;89.00
NES_MSPI-Owned;Regular;661-21991;"Battery, iPhone 13";F8Y6314CKUS18FKB2;;2026-09-11;1;89.00;89.00
NES_MSPI-Owned;Regular;661-21991;"Battery, iPhone 13";F8Y6314CHCQ18FKBL;;2026-09-11;1;89.00;89.00
NES_MSPI-Owned;Regular;661-21991;"Battery, iPhone 13";F8Y6314CHDD18FKBU;;2026-09-11;1;89.00;89.00
NES_MSPI-Owned;Regular;661-21991;"Battery, iPhone 13";F8Y6314CHCW18FKBE;;2026-09-11;1;89.00;89.00
NES_MSPI-Owned;Regular;661-21991;"Battery, iPhone 13";F8Y6313CFHW18FKB2;;2026-09-11;1;89.00;89.00
POD_MSPI-Owned;Regular;661-35885;"Battery, iPhone 15";F8YHV3C00LU00006TW;;2026-09-11;1;99.00;99.00
POD_MSPI-Owned;Regular;661-30382;"Battery, iPhone 14 Pro";F8Y6287CLGJ217WB5;;2026-09-11;1;99.00;99.00
POD_MSPI-Owned;Regular;661-30397;"Battery, iPhone 14 Pro Max";F8Y6277CCG120J9BN;;2026-09-11;1;99.00;99.00
POD_MSPI-Owned;Regular;661-21991;"Battery, iPhone 13";F8Y6304C2LB18FKBT;;2026-09-11;1;89.00;89.00
POD_MSPI-Owned;Regular;661-21991;"Battery, iPhone 13";F8Y6304C2LJ18FKBL;;2026-09-11;1;89.00;89.00
POD_MSPI-Owned;Regular;661-30397;"Battery, iPhone 14 Pro Max";F8Y6277C1DC20J9BX;;2026-09-11;1;99.00;99.00
POD_MSPI-Owned;Regular;661-21991;"Battery, iPhone 13";F8Y6304C2LT18FKBB;;2026-09-11;1;89.00;89.00
POD_MSPI-Owned;Regular;661-22294;"Battery, iPhone 13 Pro Max";F8Y6305C27C13XCBU;;2026-09-11;1;89.00;89.00
POD_MSPI-Owned;Regular;661-22294;"Battery, iPhone 13 Pro Max";F8Y6305C0MF13XCBK;;2026-09-11;1;89.00;89.00
POD_MSPI-Owned;Regular;661-35885;"Battery, iPhone 15";F8YHVSC0HSX00006TW;;2026-09-11;1;99.00;99.00
POD_MSPI-Owned;Regular;661-36918;"Battery, iPhone 15 Pro Max";FG9HVG000TL00006TT;;2026-09-11;1;99.00;99.00
POD_MSPI-Owned;Regular;661-30397;"Battery, iPhone 14 Pro Max";F8Y6273CANX20J9BE;;2026-09-11;1;99.00;99.00
POD_MSPI-Owned;Regular;661-21991;"Battery, iPhone 13";F8Y6304C2L618FKBY;;2026-09-11;1;89.00;89.00
POD_MSPI-Owned;Regular;661-21996;"Battery, iPhone 13 Pro";F8Y6284C3NF13RHC1;;2026-09-11;1;89.00;89.00
POD_MSPI-Owned;Regular;661-21996;"Battery, iPhone 13 Pro";F8Y6284C23X13RHC9;;2026-09-11;1;89.00;89.00
POD_MSPI-Owned;Regular;661-21991;"Battery, iPhone 13";F8Y6303CCTX18FKBB;;2026-09-11;1;89.00;89.00
POD_MSPI-Owned;Regular;661-21991;"Battery, iPhone 13";F8Y6282C6CP18FKBE;;2026-09-11;1;89.00;89.00
POD_MSPI-Owned;Regular;661-21991;"Battery, iPhone 13";F8Y6305C9LW18FKB0;;2026-09-11;1;89.00;89.00
POD_MSPI-Owned;Regular;661-21991;"Battery, iPhone 13";F8Y6304CASV18FKBH;;2026-09-11;1;89.00;89.00
POD_MSPI-Owned;Regular;661-21991;"Battery, iPhone 13";F8Y6305C8UE18FKBT;;2026-09-11;1;89.00;89.00
POD_MSPI-Owned;Regular;661-21991;"Battery, iPhone 13";F8Y6304C3AM18FKBC;;2026-09-11;1;89.00;89.00
POD_MSPI-Owned;Regular;661-56050;"Display, iPhone 17 Pro Max";G9PHVKX2TTC0000MUY;;2026-09-11;1;379.00;379.00
POD_MSPI-Owned;Regular;661-56065;"Display, iPhone 17";JLNHU500C500000U6M;;2026-09-11;1;329.00;329.00
POD_MSPI-Owned;Regular;661-36915;"Display, iPhone 15 Pro Max";G9P6043QK881PHRAL;;2026-09-11;1;379.00;379.00
POD_MSPI-Owned;Regular;661-42843;"Display, iPhone 16 Plus";G9NHFQL1H3P00004Y9;;2026-09-11;1;329.00;329.00
POD_MSPI-Owned;Regular;661-56050;"Display, iPhone 17 Pro Max";G9PHVKV6KHH0000MUY;;2026-09-11;1;379.00;379.00
POD_MSPI-Owned;Regular;661-56050;"Display, iPhone 17 Pro Max";G9PHVKE4J5B0000MUY;;2026-09-11;1;379.00;379.00
POD_MSPI-Owned;Regular;661-56125;"Display, iPhone 17 Pro";G9QHUZK6CJ60000L4B;;2026-09-11;1;329.00;329.00
POD_MSPI-Owned;Regular;661-56050;"Display, iPhone 17 Pro Max";G9PHVLE1ZZ10000MUY;;2026-09-11;1;379.00;379.00
POD_MSPI-Owned;Regular;661-36706;"Display, iPhone 15";G9Q6177U2J821KHA1;;2026-09-11;1;279.00;279.00
POD_MSPI-Owned;Regular;661-44797;"Display, iPhone 16";G9NHTQ20VPZ00004Y7;;2026-09-11;1;279.00;279.00
BHS_MSPI-Owned;Regular;661-30373;"Battery, iPhone 14";F8Y6303C7YB231LBW;;2026-09-11;1;99.00;99.00
BHS_MSPI-Owned;Regular;661-56050;"Display, iPhone 17 Pro Max";G9PHVBF11760000MUY;;2026-09-11;1;379.00;379.00
BHS_MSPI-Owned;Regular;661-30397;"Battery, iPhone 14 Pro Max";F8Y6274C0GB20J9BT;;2026-09-11;1;99.00;99.00
BHS_MSPI-Owned;Regular;661-35694;"Battery, iPhone 15 Pro";F8YHV3D05BL00006TP;;2026-09-11;1;99.00;99.00
BHS_MSPI-Owned;Regular;661-21991;"Battery, iPhone 13";F8Y6305C57F18FKBQ;;2026-09-11;1;89.00;89.00
BHS_MSPI-Owned;Regular;661-21996;"Battery, iPhone 13 Pro";F8Y6283C2RM13RHCN;;2026-09-11;1;89.00;89.00
MEG-MSPI-Owned;Regular;661-21991;"Battery, iPhone 13";F8Y6303CBD718FKBA;;2026-09-11;1;89.00;89.00
MEG-MSPI-Owned;Regular;661-21991;"Battery, iPhone 13";F8Y6304C40V18FKBZ;;2026-09-11;1;89.00;89.00
MEG-MSPI-Owned;Regular;661-21991;"Battery, iPhone 13";F8Y6305C7KG18FKBK;;2026-09-11;1;89.00;89.00
MEG-MSPI-Owned;Regular;661-21991;"Battery, iPhone 13";F8Y6305C8WM18FKBE;;2026-09-11;1;89.00;89.00
MEG-MSPI-Owned;Regular;661-21991;"Battery, iPhone 13";F8Y6304C41318FKBN;;2026-09-11;1;89.00;89.00
MEG-MSPI-Owned;Regular;661-21991;"Battery, iPhone 13";F8Y6304C40P18FKB5;;2026-09-11;1;89.00;89.00
MEG-MSPI-Owned;Regular;661-56050;"Display, iPhone 17 Pro Max";G9PHVJE4WHC0000MUY;;2026-09-11;1;379.00;379.00
MEG-MSPI-Owned;Regular;661-22294;"Battery, iPhone 13 Pro Max";F8Y6305C22913XCBC;;2026-09-11;1;89.00;89.00
MEG-MSPI-Owned;Regular;661-30397;"Battery, iPhone 14 Pro Max";F8Y6277C1EB20J9BV;;2026-09-11;1;99.00;99.00
MEG-MSPI-Owned;Regular;661-21996;"Battery, iPhone 13 Pro";F8Y6283C7NP13RHCQ;;2026-09-11;1;89.00;89.00
MEG-MSPI-Owned;Regular;661-30373;"Battery, iPhone 14";F8Y6303C3FD231LBF;;2026-09-11;1;99.00;99.00
MEG-MSPI-Owned;Regular;661-30382;"Battery, iPhone 14 Pro";F8Y6287CP8G217WBU;;2026-09-11;1;99.00;99.00
MEG-MSPI-Owned;Regular;661-30397;"Battery, iPhone 14 Pro Max";F8Y6277C62520J9BY;;2026-09-11;1;99.00;99.00
MEG-MSPI-Owned;Regular;661-21991;"Battery, iPhone 13";F8Y6304C12318FKBN;;2026-09-11;1;89.00;89.00
MEG-MSPI-Owned;Regular;661-21991;"Battery, iPhone 13";F8Y6305C7KW18FKB5;;2026-09-11;1;89.00;89.00
SMS_MSPI-Owned;Regular;661-21991;"Battery, iPhone 13";F8Y6314C3CJ18FKB6;;2026-09-11;1;89.00;89.00
SMS_MSPI-Owned;Regular;661-21991;"Battery, iPhone 13";F8Y6313CEJD18FKBH;;2026-09-11;1;89.00;89.00
SMS_MSPI-Owned;Regular;661-21991;"Battery, iPhone 13";F8Y6313CEJP18FKB7;;2026-09-11;1;89.00;89.00
SMS_MSPI-Owned;Regular;661-21991;"Battery, iPhone 13";F8Y6313CF6G18FKBF;;2026-09-11;1;89.00;89.00
SMS_MSPI-Owned;Regular;661-21991;"Battery, iPhone 13";F8Y6313CF7T18FKB1;;2026-09-11;1;89.00;89.00
SMS_MSPI-Owned;Regular;661-21991;"Battery, iPhone 13";F8Y6315CF2318FKB4;;2026-09-11;1;89.00;89.00
SMS_MSPI-Owned;Regular;661-21991;"Battery, iPhone 13";F8Y6313CGPQ18FKBP;;2026-09-11;1;89.00;89.00
SMS_MSPI-Owned;Regular;661-21991;"Battery, iPhone 13";F8Y6313CKW218FKBM;;2026-09-11;1;89.00;89.00
SMS_MSPI-Owned;Regular;661-21991;"Battery, iPhone 13";F8Y6313CEWN18FKB6;;2026-09-11;1;89.00;89.00
SMS_MSPI-Owned;Regular;661-21991;"Battery, iPhone 13";F8Y6313CEWX18FKBX;;2026-09-11;1;89.00;89.00
SMS_MSPI-Owned;Regular;661-21991;"Battery, iPhone 13";F8Y6315CAW518FKBR;;2026-09-11;1;89.00;89.00
SMS_MSPI-Owned;Regular;661-21991;"Battery, iPhone 13";F8Y6315CAV318FKBW;;2026-09-11;1;89.00;89.00
SMS_MSPI-Owned;Regular;661-21991;"Battery, iPhone 13";F8Y6314CKL918FKB9;;2026-09-11;1;89.00;89.00
SMS_MSPI-Owned;Regular;661-30394;"Battery, iPhone 14 Plus";F8Y6296C1KW237KBA;;2026-09-11;1;99.00;99.00
SMS_MSPI-Owned;Regular;661-30382;"Battery, iPhone 14 Pro";F8Y6247C7ZX217WB0;;2026-09-11;1;99.00;99.00
SMS_MSPI-Owned;Regular;661-30397;"Battery, iPhone 14 Pro Max";F8Y6277C61Z20J9B7;;2026-09-11;1;99.00;99.00
SMS_MSPI-Owned;Regular;661-30382;"Battery, iPhone 14 Pro";F8Y6287C144217WB6;;2026-09-11;1;99.00;99.00
SMS_MSPI-Owned;Regular;661-35694;"Battery, iPhone 15 Pro";F8YHV2D060700006TP;;2026-09-11;1;99.00;99.00
SMS_MSPI-Owned;Regular;661-30397;"Battery, iPhone 14 Pro Max";F8Y6273CB0W20J9BC;;2026-09-11;1;99.00;99.00
SMS_MSPI-Owned;Regular;661-35694;"Battery, iPhone 15 Pro";F8YHV3D0EVN00006TP;;2026-09-11;1;99.00;99.00
SMS_MSPI-Owned;Regular;661-22294;"Battery, iPhone 13 Pro Max";F8Y6305C0M213XCBY;;2026-09-11;1;89.00;89.00
SMS_MSPI-Owned;Regular;661-22294;"Battery, iPhone 13 Pro Max";F8Y6305C20U13XCBZ;;2026-09-11;1;89.00;89.00
SMS_MSPI-Owned;Regular;661-22294;"Battery, iPhone 13 Pro Max";F8Y6305C1AP13XCB9;;2026-09-11;1;89.00;89.00
SMS_MSPI-Owned;Regular;661-30397;"Battery, iPhone 14 Pro Max";F8Y6277C66K20J9B6;;2026-09-11;1;99.00;99.00
SMS_MSPI-Owned;Regular;661-30373;"Battery, iPhone 14";F8Y6303C3F0231LBU;;2026-09-11;1;99.00;99.00
SMS_MSPI-Owned;Regular;661-35885;"Battery, iPhone 15";F8YHV4C0KYP00006TW;;2026-09-11;1;99.00;99.00
SMS_MSPI-Owned;Regular;661-56050;"Display, iPhone 17 Pro Max";G9PHVPV4F2X0000MUY;;2026-09-11;1;379.00;379.00
SMS_MSPI-Owned;Regular;661-56050;"Display, iPhone 17 Pro Max";G9PHVKV4L780000MUY;;2026-09-11;1;379.00;379.00
SMS_MSPI-Owned;Regular;661-56125;"Display, iPhone 17 Pro";G9PHUYD2E2F0000L4B;;2026-09-11;1;329.00;329.00
SMS_MSPI-Owned;Regular;661-21996;"Battery, iPhone 13 Pro";F8Y6284C22Y13RHCB;;2026-09-11;1;89.00;89.00
SMS_MSPI-Owned;Regular;661-21991;"Battery, iPhone 13";F8Y6305C87N18FKBE;;2026-09-11;1;89.00;89.00
SMS_MSPI-Owned;Regular;661-21996;"Battery, iPhone 13 Pro";F8Y6284C22X13RHCC;;2026-09-11;1;89.00;89.00
SMS_MSPI-Owned;Regular;661-36918;"Battery, iPhone 15 Pro Max";FG9HVG0021F00006TT;;2026-09-11;1;99.00;99.00
SMS_MSPI-Owned;Regular;661-21993;"Display, iPhone 13 Pro";G9P5224LNGZPQCKA8;;2026-09-11;1;279.00;279.00
SMS_MSPI-Owned;Regular;661-56065;"Display, iPhone 17";JLNHTA00D120000U6M;;2026-09-11;1;329.00;329.00
SMS_MSPI-Owned;Regular;661-21988;"Display, iPhone 13";G9P5461CGRTPR5QAM;;2026-09-11;1;279.00;279.00
SMS_MSPI-Owned;Regular;661-36918;"Battery, iPhone 15 Pro Max";FG9HVJ003X800006TT;;2026-09-11;1;99.00;99.00
SMS_MSPI-Owned;Regular;661-35885;"Battery, iPhone 15";F8YHV3C00HS00006TW;;2026-09-11;1;99.00;99.00
SMS_MSPI-Owned;Regular;661-35699;"Display, iPhone 15 Pro";G9P5461QF0Q1PHPAV;;2026-09-11;1;329.00;329.00
SMS_MSPI-Owned;Regular;661-36706;"Display, iPhone 15";G9Q6194U4QV21KHAR;;2026-09-11;1;279.00;279.00
MOA-MSPI-Owned;Regular;661-21991;"Battery, iPhone 13";F8Y6304C99S18FKB4;;2026-09-11;1;89.00;89.00
MOA-MSPI-Owned;Regular;661-21991;"Battery, iPhone 13";F8Y6305C7KA18FKBR;;2026-09-11;1;89.00;89.00
MOA-MSPI-Owned;Regular;661-21991;"Battery, iPhone 13";F8Y6302CA2W18FKBN;;2026-09-11;1;89.00;89.00
MOA-MSPI-Owned;Regular;661-21991;"Battery, iPhone 13";F8Y6305C8R318FKBD;;2026-09-11;1;89.00;89.00
MOA-MSPI-Owned;Regular;661-21991;"Battery, iPhone 13";F8Y6303C1JE18FKBY;;2026-09-11;1;89.00;89.00
MOA-MSPI-Owned;Regular;661-21991;"Battery, iPhone 13";F8Y6302CAWJ18FKBJ;;2026-09-11;1;89.00;89.00
MOA-MSPI-Owned;Regular;661-21991;"Battery, iPhone 13";F8Y6305C84E18FKBX;;2026-09-11;1;89.00;89.00
MOA-MSPI-Owned;Regular;661-21991;"Battery, iPhone 13";F8Y6303C1J918FKB3;;2026-09-11;1;89.00;89.00
MOA-MSPI-Owned;Regular;661-30397;"Battery, iPhone 14 Pro Max";F8Y6277C1D420J9B5;;2026-09-11;1;99.00;99.00
MOA-MSPI-Owned;Regular;661-22294;"Battery, iPhone 13 Pro Max";F8Y6305C26N13XCBM;;2026-09-11;1;89.00;89.00
MOA-MSPI-Owned;Regular;661-56050;"Display, iPhone 17 Pro Max";G9PHVKE2LHG0000MUY;;2026-09-11;1;379.00;379.00
MOA-MSPI-Owned;Regular;661-56125;"Display, iPhone 17 Pro";G9PHV0U11JQ0000L4B;;2026-09-11;1;329.00;329.00
MOA-MSPI-Owned;Regular;661-56064;"Battery, iPhone 17";F8YHVA0031N0001510;;2026-09-11;1;99.00;99.00
MAG-MSPI-Owned;Regular;661-30397;"Battery, iPhone 14 Pro Max";F8Y6277C73P20J9BA;;2026-09-11;1;99.00;99.00
MAG-MSPI-Owned;Regular;661-30397;"Battery, iPhone 14 Pro Max";F8Y6277C71K20J9BL;;2026-09-11;1;99.00;99.00
MAG-MSPI-Owned;Regular;661-22294;"Battery, iPhone 13 Pro Max";F8Y6183C25013XCBS;;2026-09-11;1;89.00;89.00
MAG-MSPI-Owned;Regular;661-30382;"Battery, iPhone 14 Pro";F8Y6247CFGS217WBE;;2026-09-11;1;99.00;99.00
MAG-MSPI-Owned;Regular;661-35885;"Battery, iPhone 15";F8YHVTC04GC00006TW;;2026-09-11;1;99.00;99.00
MAG-MSPI-Owned;Regular;661-30394;"Battery, iPhone 14 Plus";F8Y6296C0W4237KB4;;2026-09-11;1;99.00;99.00
MAG-MSPI-Owned;Regular;661-56050;"Display, iPhone 17 Pro Max";G9PHVKX3H9L0000MUY;;2026-09-11;1;379.00;379.00
MAG-MSPI-Owned;Regular;661-21988;"Display, iPhone 13";G9P5485CACGPR5QAZ;;2026-09-11;1;279.00;279.00
MAG-MSPI-Owned;Regular;661-42726;"Display, iPhone 16 Pro";G9PHRST1KW900005DP;;2026-09-11;1;329.00;329.00
MAG-MSPI-Owned;Regular;661-55235;"Battery, iPhone Air";F8YHKLY0DME00017SP;;2026-09-11;1;119.00;119.00
MAG-MSPI-Owned;Regular;661-56064;"Battery, iPhone 17";F8YHVA006X20001510;;2026-09-11;1;99.00;99.00
MRK-MSPI-Owned;Regular;661-21991;"Battery, iPhone 13";F8Y6321C1F118FKBG;;2026-09-11;1;89.00;89.00
MRK-MSPI-Owned;Regular;661-21991;"Battery, iPhone 13";F8Y6316C70A18FKBA;;2026-09-11;1;89.00;89.00
MRK-MSPI-Owned;Regular;661-21991;"Battery, iPhone 13";F8Y6317C0WU18FKBA;;2026-09-11;1;89.00;89.00
MRK-MSPI-Owned;Regular;661-21991;"Battery, iPhone 13";F8Y6317C0XY18FKB3;;2026-09-11;1;89.00;89.00
MRK-MSPI-Owned;Regular;661-21991;"Battery, iPhone 13";F8Y6321C1FF18FKB2;;2026-09-11;1;89.00;89.00
MRK-MSPI-Owned;Regular;661-21991;"Battery, iPhone 13";F8Y6316CBWD18FKBF;;2026-09-11;1;89.00;89.00
MRK-MSPI-Owned;Regular;661-21991;"Battery, iPhone 13";F8Y6317C0HX18FKBC;;2026-09-11;1;89.00;89.00
MRK-MSPI-Owned;Regular;661-21991;"Battery, iPhone 13";F8Y6316CC1318FKB9;;2026-09-11;1;89.00;89.00
MRK-MSPI-Owned;Regular;661-21991;"Battery, iPhone 13";F8Y6304C8EF18FKB1;;2026-09-11;1;89.00;89.00
MRK-MSPI-Owned;Regular;661-21991;"Battery, iPhone 13";F8Y6282C6FF18FKBD;;2026-09-11;1;89.00;89.00
MRK-MSPI-Owned;Regular;661-21991;"Battery, iPhone 13";F8Y6304C5AE18FKBH;;2026-09-11;1;89.00;89.00
MRK-MSPI-Owned;Regular;661-21991;"Battery, iPhone 13";F8Y6304C4ZJ18FKBD;;2026-09-11;1;89.00;89.00
MRK-MSPI-Owned;Regular;661-21991;"Battery, iPhone 13";F8Y6282C5BE18FKBT;;2026-09-11;1;89.00;89.00
MRK-MSPI-Owned;Regular;661-21996;"Battery, iPhone 13 Pro";F8Y6284C4Y113RHCJ;;2026-09-11;1;89.00;89.00
MRK-MSPI-Owned;Regular;661-22294;"Battery, iPhone 13 Pro Max";F8Y6183C1F413XCBT;;2026-09-11;1;89.00;89.00
MRK-MSPI-Owned;Regular;661-35885;"Battery, iPhone 15";F8YHVTC06ZZ00006TW;;2026-09-11;1;99.00;99.00
MRK-MSPI-Owned;Regular;661-30397;"Battery, iPhone 14 Pro Max";F8Y6277C5MQ20J9BR;;2026-09-11;1;99.00;99.00
MRK-MSPI-Owned;Regular;661-30397;"Battery, iPhone 14 Pro Max";F8Y6277C5QG20J9BQ;;2026-09-11;1;99.00;99.00
MRK-MSPI-Owned;Regular;661-30373;"Battery, iPhone 14";F8Y6281C1MX231LBU;;2026-09-11;1;99.00;99.00
MRK-MSPI-Owned;Regular;661-22294;"Battery, iPhone 13 Pro Max";F8Y6182C77Y13XCBJ;;2026-09-11;1;89.00;89.00
MRK-MSPI-Owned;Regular;661-56065;"Display, iPhone 17";JLNHV000DPR0000U6M;;2026-09-11;1;329.00;329.00
MRK-MSPI-Owned;Regular;661-56125;"Display, iPhone 17 Pro";G9PHTQD44LH0000L4B;;2026-09-11;1;329.00;329.00
MRK-MSPI-Owned;Regular;661-56050;"Display, iPhone 17 Pro Max";G9PHVJE6X6N0000MUY;;2026-09-11;1;379.00;379.00
MRK-MSPI-Owned;Regular;661-56050;"Display, iPhone 17 Pro Max";G9PHVLV08A00000MUY;;2026-09-11;1;379.00;379.00
MRK-MSPI-Owned;Regular;661-36915;"Display, iPhone 15 Pro Max";G9P6054Q2BV1PHRA3;;2026-09-11;1;379.00;379.00
MRK-MSPI-Owned;Regular;661-44955;"Display, iPhone 16 Pro Max";G9PHHVS0Q3C00005DR;;2026-09-11;1;379.00;379.00
GL5_MSPI-Owned;Regular;661-35885;"Battery, iPhone 15";F8YHV3C00N900006TW;;2026-09-11;1;99.00;99.00
GL5_MSPI-Owned;Regular;661-30397;"Battery, iPhone 14 Pro Max";F8Y6277C61L20J9BL;;2026-09-11;1;99.00;99.00
GL5_MSPI-Owned;Regular;661-35885;"Battery, iPhone 15";F8YHV3C001100006TW;;2026-09-11;1;99.00;99.00
GL5_MSPI-Owned;Regular;661-30382;"Battery, iPhone 14 Pro";F8Y6287CP8T217WBH;;2026-09-11;1;99.00;99.00
GL5_MSPI-Owned;Regular;661-30382;"Battery, iPhone 14 Pro";F8Y6287C149217WB1;;2026-09-11;1;99.00;99.00
GL5_MSPI-Owned;Regular;661-30382;"Battery, iPhone 14 Pro";F8Y6271C4HT217WBJ;;2026-09-11;1;99.00;99.00
GL5_MSPI-Owned;Regular;661-56065;"Display, iPhone 17";GVCHTW02F1J0000U6M;;2026-09-11;1;329.00;329.00
GL5_MSPI-Owned;Regular;661-37207;"Battery, iPhone 15 Plus";F8YHW4D02HE00006U0;;2026-09-11;1;99.00;99.00
GL5_MSPI-Owned;Regular;661-21996;"Battery, iPhone 13 Pro";F8Y6284C1CV13RHCK;;2026-09-11;1;89.00;89.00
GL5_MSPI-Owned;Regular;661-22294;"Battery, iPhone 13 Pro Max";F8Y6305C27Q13XCBG;;2026-09-11;1;89.00;89.00
GL5_MSPI-Owned;Regular;661-22294;"Battery, iPhone 13 Pro Max";F8Y6305C26R13XCBJ;;2026-09-11;1;89.00;89.00
GL5_MSPI-Owned;Regular;661-21996;"Battery, iPhone 13 Pro";F8Y6284C4PS13RHCL;;2026-09-11;1;89.00;89.00
GL5_MSPI-Owned;Regular;661-56050;"Display, iPhone 17 Pro Max";G9PHVPX4TE10000MUY;;2026-09-11;1;379.00;379.00
GL5_MSPI-Owned;Regular;661-30401;"Display, iPhone 14 Pro Max";G9N2473Z49N14YDAB;;2026-09-11;1;379.00;379.00
GL5_MSPI-Owned;Regular;661-36915;"Display, iPhone 15 Pro Max";G9P5394QP8N1PHRAL;;2026-09-11;1;379.00;379.00
GL5_MSPI-Owned;Regular;661-36706;"Display, iPhone 15";G9Q6195WFEV21KHA3;;2026-09-11;1;279.00;279.00
GL5_MSPI-Owned;Regular;661-56050;"Display, iPhone 17 Pro Max";G9PHVNV68AM0000MUY;;2026-09-11;1;379.00;379.00
GL5_MSPI-Owned;Regular;661-56050;"Display, iPhone 17 Pro Max";G9PHVLV2GHA0000MUY;;2026-09-11;1;379.00;379.00
GB3-MSPI-Owned;Regular;661-21991;"Battery, iPhone 13";F8Y6304C4D818FKBF;;2026-09-11;1;89.00;89.00
GB3-MSPI-Owned;Regular;661-21991;"Battery, iPhone 13";F8Y6302CA4B18FKB1;;2026-09-11;1;89.00;89.00
GB3-MSPI-Owned;Regular;661-56065;"Display, iPhone 17";GVCHTY02GT60000U6M;;2026-09-11;1;329.00;329.00
GB3-MSPI-Owned;Regular;661-56125;"Display, iPhone 17 Pro";G9QHUXN0S2V0000L4B;;2026-09-11;1;329.00;329.00
GB3-MSPI-Owned;Regular;661-56050;"Display, iPhone 17 Pro Max";G9PHVLV49840000MUY;;2026-09-11;1;379.00;379.00
GB3-MSPI-Owned;Regular;661-35699;"Display, iPhone 15 Pro";G9P5456QPA21PHPAB;;2026-09-11;1;329.00;329.00
GB3-MSPI-Owned;Regular;661-22294;"Battery, iPhone 13 Pro Max";F8Y6305C27D13XCBT;;2026-09-11;1;89.00;89.00
GB3-MSPI-Owned;Regular;661-30382;"Battery, iPhone 14 Pro";F8Y6287CDU9217WBK;;2026-09-11;1;99.00;99.00
GB3-MSPI-Owned;Regular;661-35694;"Battery, iPhone 15 Pro";F8YHV3D0ELR00006TP;;2026-09-11;1;99.00;99.00
GB3-MSPI-Owned;Regular;661-35694;"Battery, iPhone 15 Pro";F8YHV3D0ERP00006TP;;2026-09-11;1;99.00;99.00
GB3-MSPI-Owned;Regular;661-30397;"Battery, iPhone 14 Pro Max";F8Y6277CCGC20J9BB;;2026-09-11;1;99.00;99.00
GB3-MSPI-Owned;Regular;661-30397;"Battery, iPhone 14 Pro Max";F8Y6277CJWM20J9BN;;2026-09-11;1;99.00;99.00
GB3-MSPI-Owned;Regular;661-35885;"Battery, iPhone 15";F8YHV3C08F800006TW;;2026-09-11;1;99.00;99.00
VER_MSPI-Owned;Regular;661-56125;"Display, iPhone 17 Pro";G9QHUZK1ZGC0000L4B;;2026-09-12;1;329.00;329.00
VER_MSPI-Owned;Regular;661-21988;"Display, iPhone 13";G9P5484CP91PR5QAB;;2026-09-12;1;279.00;279.00
VER_MSPI-Owned;Regular;661-56050;"Display, iPhone 17 Pro Max";G9PHVKV6NY10000MUY;;2026-09-12;1;379.00;379.00
VER_MSPI-Owned;Regular;661-56050;"Display, iPhone 17 Pro Max";G9PHV9X5N960000MUY;;2026-09-12;1;379.00;379.00
VER_MSPI-Owned;Regular;661-56050;"Display, iPhone 17 Pro Max";G9PHVNX47C90000MUY;;2026-09-12;1;379.00;379.00
VER_MSPI-Owned;Regular;661-21988;"Display, iPhone 13";G9P5486CP8VPR5QAJ;;2026-09-12;1;279.00;279.00
VER_MSPI-Owned;Regular;661-21988;"Display, iPhone 13";GVH54720934PR5PAU;;2026-09-12;1;279.00;279.00
VER_MSPI-Owned;Regular;661-56064;"Battery, iPhone 17";F8YHVA002SH0001510;;2026-09-12;1;99.00;99.00
VER_MSPI-Owned;Regular;661-42726;"Display, iPhone 16 Pro";G9PHRTT1GDF00005DP;;2026-09-12;1;329.00;329.00
VER_MSPI-Owned;Regular;661-36706;"Display, iPhone 15";G9Q6191UADD21KHA3;;2026-09-12;1;279.00;279.00
VER_MSPI-Owned;Regular;661-21991;"Battery, iPhone 13";F8Y6302CAKN18FKBD;;2026-09-12;1;89.00;89.00
VER_MSPI-Owned;Regular;661-21991;"Battery, iPhone 13";F8Y6304C49E18FKBM;;2026-09-12;1;89.00;89.00
VER_MSPI-Owned;Regular;661-21991;"Battery, iPhone 13";F8Y6302C6UE18FKBY;;2026-09-12;1;89.00;89.00
VER_MSPI-Owned;Regular;661-21991;"Battery, iPhone 13";F8Y6283C1C918FKBY;;2026-09-12;1;89.00;89.00
VER_MSPI-Owned;Regular;661-21991;"Battery, iPhone 13";F8Y6302CBDP18FKBV;;2026-09-12;1;89.00;89.00
VER_MSPI-Owned;Regular;661-21991;"Battery, iPhone 13";F8Y6305C5NB18FKBH;;2026-09-12;1;89.00;89.00
VER_MSPI-Owned;Regular;661-21991;"Battery, iPhone 13";F8Y6305CAN618FKBH;;2026-09-12;1;89.00;89.00
VER_MSPI-Owned;Regular;661-44954;"Battery, iPhone 16 Pro Max";F8YHTYH015L0000UMK;;2026-09-12;1;119.00;119.00
VER_MSPI-Owned;Regular;661-30382;"Battery, iPhone 14 Pro";F8Y6271C6PK217WB6;;2026-09-12;1;99.00;99.00
VER_MSPI-Owned;Regular;661-37207;"Battery, iPhone 15 Plus";F8YHW4D01EK00006U0;;2026-09-12;1;99.00;99.00
VER_MSPI-Owned;Regular;661-21996;"Battery, iPhone 13 Pro";F8Y6284C02L13RHCR;;2026-09-12;1;89.00;89.00
VER_MSPI-Owned;Regular;661-22294;"Battery, iPhone 13 Pro Max";F8Y6305C3XU13XCB7;;2026-09-12;1;89.00;89.00
VER_MSPI-Owned;Regular;661-22294;"Battery, iPhone 13 Pro Max";F8Y6305C1TV13XCBL;;2026-09-12;1;89.00;89.00
VER_MSPI-Owned;Regular;661-21996;"Battery, iPhone 13 Pro";F8Y6284C4Y813RHCB;;2026-09-12;1;89.00;89.00
VER_MSPI-Owned;Regular;661-22294;"Battery, iPhone 13 Pro Max";F8Y6305C16H13XCBT;;2026-09-12;1;89.00;89.00
VER_MSPI-Owned;Regular;661-30373;"Battery, iPhone 14";F8Y6281C1X8231LBM;;2026-09-12;1;99.00;99.00
VER_MSPI-Owned;Regular;661-30373;"Battery, iPhone 14";F8Y6281C1XA231LBK;;2026-09-12;1;99.00;99.00
VER_MSPI-Owned;Regular;661-35885;"Battery, iPhone 15";F8YHVTC07A300006TW;;2026-09-12;1;99.00;99.00
VER_MSPI-Owned;Regular;661-22294;"Battery, iPhone 13 Pro Max";F8Y6305C0MG13XCBJ;;2026-09-12;1;89.00;89.00
VER_MSPI-Owned;Regular;661-22294;"Battery, iPhone 13 Pro Max";F8Y6305C16J13XCBS;;2026-09-12;1;89.00;89.00
VER_MSPI-Owned;Regular;661-21993;"Display, iPhone 13 Pro";G9P5224LLDUPQCKAQ;;2026-09-12;1;279.00;279.00
VER_MSPI-Owned;Regular;661-56050;"Display, iPhone 17 Pro Max";G9PHVLX3JFL0000MUY;;2026-09-12;1;379.00;379.00
VER_MSPI-Owned;Regular;661-56050;"Display, iPhone 17 Pro Max";G9PHVMX1AGB0000MUY;;2026-09-12;1;379.00;379.00
VER_MSPI-Owned;Regular;661-56050;"Display, iPhone 17 Pro Max";G9PHVKE5U7C0000MUY;;2026-09-12;1;379.00;379.00
VER_MSPI-Owned;Regular;661-56065;"Display, iPhone 17";JLNHSM004610000U6M;;2026-09-12;1;329.00;329.00
TRI-MSPI-Owned;Regular;661-56065;"Display, iPhone 17";GVCHS7007DD0000U6M;;2026-09-12;1;329.00;329.00
TRI-MSPI-Owned;Regular;661-56050;"Display, iPhone 17 Pro Max";G9PHVJX6NTM0000MUY;;2026-09-12;1;379.00;379.00
TRI-MSPI-Owned;Regular;661-36915;"Display, iPhone 15 Pro Max";G9P6053QPF71PHRAT;;2026-09-12;1;379.00;379.00
TRI-MSPI-Owned;Regular;661-42726;"Display, iPhone 16 Pro";G9PHRQT27ZE00005DP;;2026-09-12;1;329.00;329.00
TRI-MSPI-Owned;Regular;661-56064;"Battery, iPhone 17";F8YHVA006FZ0001510;;2026-09-12;1;99.00;99.00
TRI-MSPI-Owned;Regular;661-37207;"Battery, iPhone 15 Plus";F8YHW3D018800006U0;;2026-09-12;1;99.00;99.00
TRI-MSPI-Owned;Regular;661-22294;"Battery, iPhone 13 Pro Max";F8Y6305C22K13XCB2;;2026-09-12;1;89.00;89.00
TRI-MSPI-Owned;Regular;661-35885;"Battery, iPhone 15";F8YHV4C0C8Z00006TW;;2026-09-12;1;99.00;99.00
TRI-MSPI-Owned;Regular;661-35885;"Battery, iPhone 15";F8YHV4C0CV400006TW;;2026-09-12;1;99.00;99.00
TRI-MSPI-Owned;Regular;661-21991;"Battery, iPhone 13";F8Y6304CAPA18FKBB;;2026-09-12;1;89.00;89.00
TRI-MSPI-Owned;Regular;661-21991;"Battery, iPhone 13";F8Y6304C5AN18FKB9;;2026-09-12;1;89.00;89.00
TRI-MSPI-Owned;Regular;661-21991;"Battery, iPhone 13";F8Y6304C18018FKB7;;2026-09-12;1;89.00;89.00
TRI-MSPI-Owned;Regular;661-21991;"Battery, iPhone 13";F8Y6305C8UJ18FKBP;;2026-09-12;1;89.00;89.00
TRI-MSPI-Owned;Regular;661-21991;"Battery, iPhone 13";F8Y6305C8US18FKBF;;2026-09-12;1;89.00;89.00
TRI-MSPI-Owned;Regular;661-30382;"Battery, iPhone 14 Pro";F8Y6267CE4T217WBA;;2026-09-12;1;99.00;99.00
TRI-MSPI-Owned;Regular;661-30397;"Battery, iPhone 14 Pro Max";F8Y6277C28M20J9B2;;2026-09-12;1;99.00;99.00
TRI-MSPI-Owned;Regular;661-21991;"Battery, iPhone 13";F8Y6305C6V318FKB3;;2026-09-12;1;89.00;89.00
TRI-MSPI-Owned;Regular;661-21991;"Battery, iPhone 13";F8Y6271C0PM18FKBT;;2026-09-12;1;89.00;89.00
TRI-MSPI-Owned;Regular;661-21991;"Battery, iPhone 13";F8Y6304C7M118FKBV;;2026-09-12;1;89.00;89.00
TRI-MSPI-Owned;Regular;661-21991;"Battery, iPhone 13";F8Y6302C5DE18FKBA;;2026-09-12;1;89.00;89.00
TRI-MSPI-Owned;Regular;661-21991;"Battery, iPhone 13";F8Y6304CALQ18FKB6;;2026-09-12;1;89.00;89.00
TRI-MSPI-Owned;Regular;661-21991;"Battery, iPhone 13";F8Y6304C8VG18FKBP;;2026-09-12;1;89.00;89.00
TRI-MSPI-Owned;Regular;661-21991;"Battery, iPhone 13";F8Y6304C7GQ18FKBM;;2026-09-12;1;89.00;89.00
TRI-MSPI-Owned;Regular;661-21991;"Battery, iPhone 13";F8Y6302C5DQ18FKB0;;2026-09-12;1;89.00;89.00
LIM_MSPI-Owned;Regular;661-21991;"Battery, iPhone 13";F8Y63212C02318FKBN;;2026-09-12;1;89.00;89.00
FES-MSPI-Owned;Regular;661-44954;"Battery, iPhone 16 Pro Max";F8YHTYH01690000UMK;;2026-09-12;1;119.00;119.00
FES-MSPI-Owned;Regular;661-35694;"Battery, iPhone 15 Pro";F8YHV3D0EXB00006TP;;2026-09-12;1;99.00;99.00
FES-MSPI-Owned;Regular;661-22294;"Battery, iPhone 13 Pro Max";F8Y6183C0S113XCBY;;2026-09-12;1;89.00;89.00
FES-MSPI-Owned;Regular;661-35694;"Battery, iPhone 15 Pro";F8YHV2D02WC00006TP;;2026-09-12;1;99.00;99.00
FES-MSPI-Owned;Regular;661-36918;"Battery, iPhone 15 Pro Max";FG9HVG000TQ00006TT;;2026-09-12;1;99.00;99.00
FES-MSPI-Owned;Regular;661-30397;"Battery, iPhone 14 Pro Max";F8Y6277C2RR20J9BF;;2026-09-12;1;99.00;99.00
FES-MSPI-Owned;Regular;661-30373;"Battery, iPhone 14";F8Y6276CBJE231LB8;;2026-09-12;1;99.00;99.00
FES-MSPI-Owned;Regular;661-21991;"Battery, iPhone 13";F8Y6305C8X918FKBP;;2026-09-12;1;89.00;89.00
FES-MSPI-Owned;Regular;661-21991;"Battery, iPhone 13";F8Y6302C0BK18FKBG;;2026-09-12;1;89.00;89.00
FES-MSPI-Owned;Regular;661-21991;"Battery, iPhone 13";F8Y6302C0BC18FKBP;;2026-09-12;1;89.00;89.00
FES-MSPI-Owned;Regular;661-21991;"Battery, iPhone 13";F8Y6305C9AJ18FKB8;;2026-09-12;1;89.00;89.00
FES-MSPI-Owned;Regular;661-21991;"Battery, iPhone 13";F8Y6302CBF918FKB3;;2026-09-12;1;89.00;89.00
FES-MSPI-Owned;Regular;661-21991;"Battery, iPhone 13";F8Y6302CBBP18FKB1;;2026-09-12;1;89.00;89.00
FES-MSPI-Owned;Regular;661-21991;"Battery, iPhone 13";F8Y6302CBC618FKBF;;2026-09-12;1;89.00;89.00
FES-MSPI-Owned;Regular;661-21991;"Battery, iPhone 13";F8Y6302CBC418FKBH;;2026-09-12;1;89.00;89.00
FES-MSPI-Owned;Regular;661-21991;"Battery, iPhone 13";F8Y6314CHCH18FKBT;;2026-09-12;1;89.00;89.00
FES-MSPI-Owned;Regular;661-21991;"Battery, iPhone 13";F8Y6313CL5R18FKB4;;2026-09-12;1;89.00;89.00
FES-MSPI-Owned;Regular;661-21991;"Battery, iPhone 13";F8Y6314CHD218FKB5;;2026-09-12;1;89.00;89.00
FES-MSPI-Owned;Regular;661-21991;"Battery, iPhone 13";F8Y6314CHE918FKBV;;2026-09-12;1;89.00;89.00
FES-MSPI-Owned;Regular;661-35885;"Battery, iPhone 15";F8YHVTC072S00006TW;;2026-09-12;1;99.00;99.00
FES-MSPI-Owned;Regular;661-30366;"Display, iPhone 14";G9Q5477W9521502A2;;2026-09-12;1;279.00;279.00
FES-MSPI-Owned;Regular;661-21991;"Battery, iPhone 13";F8Y6304C1T818FKBA;;2026-09-12;1;89.00;89.00
FES-MSPI-Owned;Regular;661-21991;"Battery, iPhone 13";F8Y6305C57A18FKBV;;2026-09-12;1;89.00;89.00
FES-MSPI-Owned;Regular;661-56050;"Display, iPhone 17 Pro Max";G9PHVKE5V9P0000MUY;;2026-09-12;1;379.00;379.00
FES-MSPI-Owned;Regular;661-56125;"Display, iPhone 17 Pro";G9QHUWK5QYG0000L4B;;2026-09-12;1;329.00;329.00
FES-MSPI-Owned;Regular;661-56065;"Display, iPhone 17";GVCHTS01C770000U6M;;2026-09-12;1;329.00;329.00
FES-MSPI-Owned;Regular;661-56125;"Display, iPhone 17 Pro";G9PHUPD4CPP0000L4B;;2026-09-12;1;329.00;329.00
FES-MSPI-Owned;Regular;661-21988;"Display, iPhone 13";G9P5485CGKDPR5QA9;;2026-09-12;1;279.00;279.00
FES-MSPI-Owned;Regular;661-36915;"Display, iPhone 15 Pro Max";G9P6054Q61S1PHRAY;;2026-09-12;1;379.00;379.00
FES-MSPI-Owned;Regular;661-21988;"Display, iPhone 13";G9P5482C5RBPR5QA7;;2026-09-12;1;279.00;279.00
FES-MSPI-Owned;Regular;661-56050;"Display, iPhone 17 Pro Max";G9PHVNE7JRF0000MUY;;2026-09-12;1;379.00;379.00
FES-MSPI-Owned;Regular;661-56050;"Display, iPhone 17 Pro Max";G9PHVNV000V0000MUY;;2026-09-12;1;379.00;379.00
FES-MSPI-Owned;Regular;661-21991;"Battery, iPhone 13";F8Y6313CL5Q18FKB5;;2026-09-12;1;89.00;89.00
FES-MSPI-Owned;Regular;661-21991;"Battery, iPhone 13";F8Y6313CEK218FKBR;;2026-09-12;1;89.00;89.00
FES-MSPI-Owned;Regular;661-21991;"Battery, iPhone 13";F8Y6313CEKE18FKBD;;2026-09-12;1;89.00;89.00
FES-MSPI-Owned;Regular;661-21991;"Battery, iPhone 13";F8Y6313CL5X18FKBY;;2026-09-12;1;89.00;89.00
FES-MSPI-Owned;Regular;661-21991;"Battery, iPhone 13";F8Y6304CAJF18FKBM;;2026-09-12;1;89.00;89.00
FES-MSPI-Owned;Regular;661-21991;"Battery, iPhone 13";F8Y6313CFDE18FKBW;;2026-09-12;1;89.00;89.00
FES-MSPI-Owned;Regular;661-21991;"Battery, iPhone 13";F8Y6316CBYJ18FKB4;;2026-09-12;1;89.00;89.00
FES-MSPI-Owned;Regular;661-21996;"Battery, iPhone 13 Pro";F8Y6284C4YB13RHC8;;2026-09-12;1;89.00;89.00
NES_MSPI-Owned;Regular;661-21991;"Battery, iPhone 13";F8Y6273C5X018FKBH;;2026-09-13;1;89.00;89.00
ANX-MSPI-Owned;Regular;661-55240;"Display, iPhone Air";G9PHMUX0G730000HU8;;2026-09-13;1;329.00;329.00
ANX-MSPI-Owned;Regular;661-56050;"Display, iPhone 17 Pro Max";G9PHVKX30Z00000MUY;;2026-09-13;1;379.00;379.00
ANX-MSPI-Owned;Regular;661-56050;"Display, iPhone 17 Pro Max";G9PHVJX3PKT0000MUY;;2026-09-13;1;379.00;379.00
ANX-MSPI-Owned;Regular;661-21988;"Display, iPhone 13";G9P5483CPLBPR5QA3;;2026-09-13;1;279.00;279.00
ANX-MSPI-Owned;Regular;661-21991;"Battery, iPhone 13";F8Y6304CAVQ18FKBD;;2026-09-13;1;89.00;89.00
ANX-MSPI-Owned;Regular;661-44954;"Battery, iPhone 16 Pro Max";F8YHTYH016A0000UMK;;2026-09-13;1;119.00;119.00
ANX-MSPI-Owned;Regular;661-35694;"Battery, iPhone 15 Pro";F8YHV3D0FPF00006TP;;2026-09-13;1;99.00;99.00
ANX-MSPI-Owned;Regular;661-30382;"Battery, iPhone 14 Pro";F8Y6287C040217WBB;;2026-09-13;1;99.00;99.00
ANX-MSPI-Owned;Regular;661-30373;"Battery, iPhone 14";F8Y6281C024231LBB;;2026-09-13;1;99.00;99.00
ANX-MSPI-Owned;Regular;661-21991;"Battery, iPhone 13";F8Y6314C04318FKBE;;2026-09-13;1;89.00;89.00
ANX-MSPI-Owned;Regular;661-21991;"Battery, iPhone 13";F8Y6315C62K18FKBX;;2026-09-13;1;89.00;89.00
ANX-MSPI-Owned;Regular;661-21991;"Battery, iPhone 13";F8Y6312C2GY18FKBH;;2026-09-13;1;89.00;89.00
ANX-MSPI-Owned;Regular;661-21991;"Battery, iPhone 13";F8Y6315CK9L18FKBW;;2026-09-13;1;89.00;89.00
ANX-MSPI-Owned;Regular;661-21991;"Battery, iPhone 13";F8Y6315CK6A18FKBF;;2026-09-13;1;89.00;89.00
ANX-MSPI-Owned;Regular;661-21991;"Battery, iPhone 13";F8Y6315C4VF18FKBQ;;2026-09-13;1;89.00;89.00
ANX-MSPI-Owned;Regular;661-21991;"Battery, iPhone 13";F8Y6312C5TD18FKB0;;2026-09-13;1;89.00;89.00
ANX-MSPI-Owned;Regular;661-21991;"Battery, iPhone 13";F8Y6313CFT218FKB0;;2026-09-13;1;89.00;89.00
FES-MSPI-Owned;Regular;661-29370;"Display, iPhone 14 Pro";G9P4343PFN414YCAD;;2026-09-13;1;329.00;329.00
FES-MSPI-Owned;Regular;661-22309;"Display, iPhone 13 Pro Max";G9P5385MLAGPQCLAM;;2026-09-13;1;329.00;329.00
GL5_MSPI-Owned;Regular;661-35694;"Battery, iPhone 15 Pro";F8YHV8D0G2600006TP;;2026-09-14;1;51.00;51.00
LIM_MSPI-Owned;Regular;661-21991;"Battery, iPhone 13";F8Y6277C24G18FKBD;;2026-09-14;1;89.00;89.00
TRI-MSPI-Owned;Regular;661-21991;"Battery, iPhone 13";F8Y6277C0GJ18FKBB;;2026-09-14;1;89.00;89.00
TRI-MSPI-Owned;Regular;661-21991;"Battery, iPhone 13";F8Y6277C25F18FKBB;;2026-09-14;1;89.00;89.00
TRI-MSPI-Owned;Regular;661-21991;"Battery, iPhone 13";F8Y6277C41E18FKBN;;2026-09-14;1;89.00;89.00
VER_MSPI-Owned;Regular;661-21991;"Battery, iPhone 13";F8Y6277C43L18FKBA;;2026-09-14;1;89.00;89.00
PPM-MSPI-Owned;Regular;661-21991;"Battery, iPhone 13";F8Y6277C1NL18FKBQ;;2026-09-14;1;89.00;89.00
CEB-MSPI-Owned;Regular;661-21993;"Display, iPhone 13 Pro";G9P5224L9SEPQCKAA;;2026-09-14;1;279.00;279.00
ANX-MSPI-Owned;Regular;661-21991;"Battery, iPhone 13";F8Y6277C25A18FKBG;;2026-09-14;1;89.00;89.00
MRK-MSPI-Owned;Regular;661-21991;"Battery, iPhone 13";F8Y6277C3HG18FKB7;;2026-09-14;1;89.00;89.00
PPM-MSPI-Owned;Regular;661-56050;"Display, iPhone 17 Pro Max";G9PHVMV2PNZ0000MUY;;2026-09-15;1;379.00;379.00
MAG-MSPI-Owned;Regular;661-44797;"Display, iPhone 16";G9QHUQY0NZS00004Y7;;2026-09-15;1;279.00;279.00
LAU-MSPI-Owned;Regular;661-56050;"Display, iPhone 17 Pro Max";G9PHVKX4LU60000MUY;;2026-09-15;1;379.00;379.00
LAU-MSPI-Owned;Regular;661-44796;"Battery, iPhone 16";FG9HRX00C910000R3T;;2026-09-15;1;99.00;99.00
LAU-MSPI-Owned;Regular;661-21991;"Battery, iPhone 13";F8Y6313CF7218FKBS;;2026-09-15;1;89.00;89.00
ANX-MSPI-Owned;Regular;661-21993;"Display, iPhone 13 Pro";G9P5112LNQHPQCKA6;;2026-09-15;1;279.00;279.00
TRI-MSPI-Owned;Regular;661-22309;"Display, iPhone 13 Pro Max";G9P5025MHCGPQCLA5;;2026-09-15;1;329.00;329.00
TRI-MSPI-Owned;Regular;661-21991;"Battery, iPhone 13";F8Y6273C61318FKB1;;2026-09-15;1;89.00;89.00
VER_MSPI-Owned;Regular;661-21991;"Battery, iPhone 13";F8Y6273C4NN18FKBP;;2026-09-15;1;89.00;89.00
VER_MSPI-Owned;Regular;661-21991;"Battery, iPhone 13";F8Y6274C05L18FKBB;;2026-09-15;1;89.00;89.00
ABR-MSPI-Owned;Regular;661-22294;"Battery, iPhone 13 Pro Max";F8Y6285C5NG13XCBM;;2026-09-15;1;46.00;46.00
POD_MSPI-Owned;Regular;661-21991;"Battery, iPhone 13";F8Y6277C3HB18FKBC;;2026-09-15;1;89.00;89.00
POD_MSPI-Owned;Regular;661-21991;"Battery, iPhone 13";F8Y6277C3H518FKBJ;;2026-09-15;1;89.00;89.00
FES-MSPI-Owned;Regular;661-21991;"Battery, iPhone 13";F8Y6273C0MG18FKB2;;2026-09-15;1;89.00;89.00
FES-MSPI-Owned;Regular;661-30397;"Battery, iPhone 14 Pro Max";F8Y6273C5PP20J9BQ;;2026-09-15;1;51.00;51.00
ILO-MSPI-Owned;Regular;661-21988;"Display, iPhone 13";GVH54651GE4PR5PAK;;2026-09-16;1;279.00;279.00
POD_MSPI-Owned;Regular;661-30382;"Battery, iPhone 14 Pro";F8Y6287CKDB217WBN;;2026-09-16;1;99.00;99.00
MEG-MSPI-Owned;Regular;661-21991;"Battery, iPhone 13";F8Y6313CABZ18FKBN;;2026-09-16;1;89.00;89.00
LIM_MSPI-Owned;Regular;661-21991;"Battery, iPhone 13";F8Y6271C03218FKB4;;2026-09-16;1;46.00;46.00
LIM_MSPI-Owned;Regular;661-21991;"Battery, iPhone 13";F8Y6271C1WM18FKB5;;2026-09-16;1;89.00;89.00
LIM_MSPI-Owned;Regular;661-30366;"Display, iPhone 14";G9Q5175WCL31502AS;;2026-09-16;1;279.00;279.00
LIM_MSPI-Owned;Regular;661-44797;"Display, iPhone 16";G9QHUSY07RN00004Y7;;2026-09-16;1;279.00;279.00
TRI-MSPI-Owned;Regular;661-21991;"Battery, iPhone 13";F8Y6313CEE718FKB1;;2026-09-16;1;89.00;89.00
TRI-MSPI-Owned;Regular;661-30397;"Battery, iPhone 14 Pro Max";F8Y6273CC9P20J9BR;;2026-09-16;1;99.00;99.00
POD_MSPI-Owned;Regular;661-21991;"Battery, iPhone 13";F8Y6315CJLN18FKBW;;2026-09-16;1;89.00;89.00
POD_MSPI-Owned;Regular;661-21991;"Battery, iPhone 13";F8Y6313CB7A18FKBN;;2026-09-16;1;89.00;89.00
POD_MSPI-Owned;Regular;661-21991;"Battery, iPhone 13";F8Y6313CKKR18FKBX;;2026-09-16;1;89.00;89.00
FES-MSPI-Owned;Regular;661-22309;"Display, iPhone 13 Pro Max";G9P5152MAQ5PQCLAE;;2026-09-16;1;329.00;329.00
MOA-MSPI-Owned;Regular;661-21991;"Battery, iPhone 13";F8Y6313CB7M18FKBB;;2026-09-16;1;89.00;89.00
MOA-MSPI-Owned;Regular;661-21988;"Display, iPhone 13";G9Q5342XL3F1502AW;;2026-09-16;1;279.00;279.00
SMS_MSPI-Owned;Regular;661-44954;"Battery, iPhone 16 Pro Max";F8YHSUH0ESB0000UMJ;;2026-09-16;1;119.00;119.00
VER_MSPI-Owned;Regular;661-21991;"Battery, iPhone 13";F8Y6316C4UU18FKBD;;2026-09-16;1;89.00;89.00
SMS_MSPI-Owned;Regular;661-22294;"Battery, iPhone 13 Pro Max";F8Y6315C3ZZ13XCBT;;2026-09-16;1;46.00;46.00
VER_MSPI-Owned;Regular;661-21991;"Battery, iPhone 13";F8Y6316C8LA18FKBH;;2026-09-16;1;89.00;89.00
VER_MSPI-Owned;Regular;661-21991;"Battery, iPhone 13";F8Y6316C8LS18FKB1;;2026-09-16;1;89.00;89.00
VER_MSPI-Owned;Regular;661-21991;"Battery, iPhone 13";F8Y6317C0MF18FKBG;;2026-09-16;1;89.00;89.00
SMS_MSPI-Owned;Regular;661-56064;"Battery, iPhone 17";F8YHUR00JTD0001510;;2026-09-16;1;99.00;99.00
SMS_MSPI-Owned;Regular;661-36706;"Display, iPhone 15";G9P6087RGHK21KHAM;;2026-09-16;1;279.00;279.00
SMS_MSPI-Owned;Regular;661-44955;"Display, iPhone 16 Pro Max";G9PHGBK0JGR00005DR;;2026-09-16;1;379.00;379.00
SMS_MSPI-Owned;Regular;661-22309;"Display, iPhone 13 Pro Max";G9P5352M0CGPQCLAD;;2026-09-16;1;276.00;276.00
SMS_MSPI-Owned;Regular;661-56050;"Display, iPhone 17 Pro Max";G9PHVKX3QTX0000MUY;;2026-09-16;1;360.00;360.00
MRK-MSPI-Owned;Regular;661-21991;"Battery, iPhone 13";F8Y6315C9YZ18FKBS;;2026-09-16;1;89.00;89.00
LIM_MSPI-Owned;Regular;661-56065;"Display, iPhone 17";JLNHUZ00ABE0000U6M;;2026-09-16;1;329.00;329.00
LIM_MSPI-Owned;Regular;661-56065;"Display, iPhone 17";GVCHU700MWE0000U6M;;2026-09-16;1;329.00;329.00
LIM_MSPI-Owned;Regular;661-56125;"Display, iPhone 17 Pro";G9QHUMN3EEE0000L4B;;2026-09-16;1;329.00;329.00
LIM_MSPI-Owned;Regular;661-56050;"Display, iPhone 17 Pro Max";G9PHVNV57NY0000MUY;;2026-09-16;1;379.00;379.00
LIM_MSPI-Owned;Regular;661-56050;"Display, iPhone 17 Pro Max";G9PHVJX7C710000MUY;;2026-09-16;1;379.00;379.00
LIM_MSPI-Owned;Regular;661-21993;"Display, iPhone 13 Pro";G9P5163LJAVPQCKAQ;;2026-09-16;1;279.00;279.00
LIM_MSPI-Owned;Regular;661-36706;"Display, iPhone 15";G9P5475SF7821KHAW;;2026-09-16;1;279.00;279.00
LIM_MSPI-Owned;Regular;661-21988;"Display, iPhone 13";GVH54541CA7PR5PA2;;2026-09-16;1;279.00;279.00
LIM_MSPI-Owned;Regular;661-21988;"Display, iPhone 13";G9P5514CJJXPR5QAD;;2026-09-16;1;279.00;279.00
LIM_MSPI-Owned;Regular;661-30382;"Battery, iPhone 14 Pro";F8Y6247C813217WBM;;2026-09-16;1;99.00;99.00
LIM_MSPI-Owned;Regular;661-30382;"Battery, iPhone 14 Pro";F8Y6247C6W8217WBZ;;2026-09-16;1;99.00;99.00
LIM_MSPI-Owned;Regular;661-30394;"Battery, iPhone 14 Plus";F8Y6296C1JC237KBX;;2026-09-16;1;99.00;99.00
LIM_MSPI-Owned;Regular;661-36918;"Battery, iPhone 15 Pro Max";FG9HVG001C500006TT;;2026-09-16;1;99.00;99.00
LIM_MSPI-Owned;Regular;661-22294;"Battery, iPhone 13 Pro Max";F8Y6176C0FW13XCB2;;2026-09-16;1;89.00;89.00
LIM_MSPI-Owned;Regular;661-21991;"Battery, iPhone 13";F8Y6302CA4D18FKBZ;;2026-09-16;1;89.00;89.00
LIM_MSPI-Owned;Regular;661-21991;"Battery, iPhone 13";F8Y6304C9RB18FKB5;;2026-09-16;1;89.00;89.00
LIM_MSPI-Owned;Regular;661-21991;"Battery, iPhone 13";F8Y6304C8V818FKBX;;2026-09-16;1;89.00;89.00
LIM_MSPI-Owned;Regular;661-21991;"Battery, iPhone 13";F8Y6304C2MB18FKBQ;;2026-09-16;1;89.00;89.00
LIM_MSPI-Owned;Regular;661-21991;"Battery, iPhone 13";F8Y6303CC2118FKBE;;2026-09-16;1;89.00;89.00
LIM_MSPI-Owned;Regular;661-21991;"Battery, iPhone 13";F8Y6303CEAJ18FKB5;;2026-09-16;1;89.00;89.00
LIM_MSPI-Owned;Regular;661-21991;"Battery, iPhone 13";F8Y6302CAD818FKBB;;2026-09-16;1;89.00;89.00
LIM_MSPI-Owned;Regular;661-21991;"Battery, iPhone 13";F8Y6304C0B218FKBX;;2026-09-16;1;89.00;89.00
LIM_MSPI-Owned;Regular;661-21991;"Battery, iPhone 13";F8Y6304C0B418FKBV;;2026-09-16;1;89.00;89.00
LIM_MSPI-Owned;Regular;661-21991;"Battery, iPhone 13";F8Y6304CB1618FKBC;;2026-09-16;1;89.00;89.00
LIM_MSPI-Owned;Regular;661-21991;"Battery, iPhone 13";F8Y6304C0DP18FKB4;;2026-09-16;1;89.00;89.00
LIM_MSPI-Owned;Regular;661-21991;"Battery, iPhone 13";F8Y6304C9PF18FKB7;;2026-09-16;1;89.00;89.00
LIM_MSPI-Owned;Regular;661-21991;"Battery, iPhone 13";F8Y6321C1G318FKBB;;2026-09-16;1;89.00;89.00
LIM_MSPI-Owned;Regular;661-21991;"Battery, iPhone 13";F8Y6316C0E918FKBA;;2026-09-16;1;89.00;89.00
LIM_MSPI-Owned;Regular;661-21991;"Battery, iPhone 13";F8Y6321C2HT18FKBH;;2026-09-16;1;89.00;89.00
LIM_MSPI-Owned;Regular;661-21991;"Battery, iPhone 13";F8Y6317C2NN18FKB4;;2026-09-16;1;89.00;89.00
LIM_MSPI-Owned;Regular;661-21991;"Battery, iPhone 13";F8Y6321C1G118FKBD;;2026-09-16;1;89.00;89.00
LIM_MSPI-Owned;Regular;661-21991;"Battery, iPhone 13";F8Y6317C2NY18FKBU;;2026-09-16;1;89.00;89.00
LIM_MSPI-Owned;Regular;661-21991;"Battery, iPhone 13";F8Y6317C2RR18FKBS;;2026-09-16;1;89.00;89.00
LIM_MSPI-Owned;Regular;661-21991;"Battery, iPhone 13";F8Y6316CBYL18FKB2;;2026-09-16;1;89.00;89.00
FES-MSPI-Owned;Regular;661-21993;"Display, iPhone 13 Pro";G95113LE9CPQCKAV;;2026-09-17;1;279.00;279.00
LAU-MSPI-Owned;Regular;661-21991;"Battery, iPhone 13";F8Y6316CAHK18FKBF;;2026-09-17;1;89.00;89.00
NAG-MSPI-Owned;Regular;661-30366;"Display, iPhone 14";G9Q5484VJQ81502A1;;2026-09-17;1;279.00;279.00
NAG-MSPI-Owned;Regular;661-49431;"Display, iPhone 16e";G9Q5352WP7V1502A1;;2026-09-17;1;229.00;229.00
NAG-MSPI-Owned;Regular;661-21988;"Display, iPhone 13";GVH51911833PR5PAR;;2026-09-17;1;279.00;279.00
NAG-MSPI-Owned;Regular;661-21988;"Display, iPhone 13";G9P5502CCHJPR5QA6;;2026-09-17;1;279.00;279.00
NAG-MSPI-Owned;Regular;661-21988;"Display, iPhone 13";GVH54612A8NPR5PAS;;2026-09-17;1;279.00;279.00
ABR-MSPI-Owned;Regular;661-56125;"Display, iPhone 17 Pro";G9QHUNN08Z40000L4B;;2026-09-17;1;329.00;329.00
ABR-MSPI-Owned;Regular;661-56050;"Display, iPhone 17 Pro Max";G9PHVLV5WSD0000MUY;;2026-09-17;1;379.00;379.00
ABR-MSPI-Owned;Regular;661-56050;"Display, iPhone 17 Pro Max";G9PHVKE3ZLQ0000MUY;;2026-09-17;1;379.00;379.00
ABR-MSPI-Owned;Regular;661-56050;"Display, iPhone 17 Pro Max";G9PHVHE27SC0000MUY;;2026-09-17;1;379.00;379.00
ABR-MSPI-Owned;Regular;661-55240;"Display, iPhone Air";G9PHMCX0RE40000HU8;;2026-09-17;1;329.00;329.00
ABR-MSPI-Owned;Regular;661-36706;"Display, iPhone 15";G9Q6197WJ0221KHAZ;;2026-09-17;1;279.00;279.00
ABR-MSPI-Owned;Regular;661-42843;"Display, iPhone 16 Plus";G9QHNQT0BJ200004Y9;;2026-09-17;1;329.00;329.00
ABR-MSPI-Owned;Regular;661-30366;"Display, iPhone 14";G9Q5464VA2S1502AV;;2026-09-17;1;279.00;279.00
ABR-MSPI-Owned;Regular;661-21988;"Display, iPhone 13";G9P5482CDE8PR5QA1;;2026-09-17;1;279.00;279.00
NPM-MSPI-Owned;Regular;661-22294;"Battery, iPhone 13 Pro Max";F8Y6176C0F413XCBU;;2026-09-18;1;89.00;89.00
NPM-MSPI-Owned;Regular;661-30373;"Battery, iPhone 14";F8Y6281C01H231LB1;;2026-09-18;1;99.00;99.00
NPM-MSPI-Owned;Regular;661-22294;"Battery, iPhone 13 Pro Max";F8Y6176C0F113XCBX;;2026-09-18;1;89.00;89.00
NPM-MSPI-Owned;Regular;661-22294;"Battery, iPhone 13 Pro Max";F8Y6175C30A13XCBX;;2026-09-18;1;89.00;89.00
NPM-MSPI-Owned;Regular;661-56064;"Battery, iPhone 17";F8YHVA005PH0001510;;2026-09-18;1;99.00;99.00
NPM-MSPI-Owned;Regular;661-21988;"Display, iPhone 13";GVH54651ZQ9PR5PA1;;2026-09-18;1;279.00;279.00
NPM-MSPI-Owned;Regular;661-36915;"Display, iPhone 15 Pro Max";G9P6053QF7V1PHRA3;;2026-09-18;1;379.00;379.00
NPM-MSPI-Owned;Regular;661-49431;"Display, iPhone 16e";G9Q5346XG1H1502A0;;2026-09-18;1;229.00;229.00
NPM-MSPI-Owned;Regular;661-30366;"Display, iPhone 14";G9Q5493VANY1502AP;;2026-09-18;1;279.00;279.00
NPM-MSPI-Owned;Regular;661-44797;"Display, iPhone 16";G9NHUR20QG400004Y7;;2026-09-18;1;279.00;279.00
NPM-MSPI-Owned;Regular;661-21988;"Display, iPhone 13";GVH54810C5WPR5PAR;;2026-09-18;1;279.00;279.00
NPM-MSPI-Owned;Regular;661-56065;"Display, iPhone 17";JLNHUV00M1D0000U6M;;2026-09-18;1;329.00;329.00
NPM-MSPI-Owned;Regular;661-56065;"Display, iPhone 17";GVCHS902SF80000U6M;;2026-09-18;1;329.00;329.00
NPM-MSPI-Owned;Regular;661-56050;"Display, iPhone 17 Pro Max";G9PHVKV6LYF0000MUY;;2026-09-18;1;379.00;379.00
NPM-MSPI-Owned;Regular;661-56050;"Display, iPhone 17 Pro Max";G9PHVMV3WT50000MUY;;2026-09-18;1;379.00;379.00
NPM-MSPI-Owned;Regular;661-55240;"Display, iPhone Air";G9PHN5X05570000HU8;;2026-09-18;1;329.00;329.00
NPM-MSPI-Owned;Regular;661-56050;"Display, iPhone 17 Pro Max";G9PHVJE6SUM0000MUY;;2026-09-18;1;379.00;379.00
NPM-MSPI-Owned;Regular;661-56125;"Display, iPhone 17 Pro";G9PHUNY42UV0000L4B;;2026-09-18;1;329.00;329.00
NPM-MSPI-Owned;Regular;661-56125;"Display, iPhone 17 Pro";G9PHUNU1S8H0000L4B;;2026-09-18;1;329.00;329.00
NPM-MSPI-Owned;Regular;661-21991;"Battery, iPhone 13";F8Y6305C57218FKB3;;2026-09-18;1;89.00;89.00
NPM-MSPI-Owned;Regular;661-21991;"Battery, iPhone 13";F8Y6302CBGK18FKBQ;;2026-09-18;1;89.00;89.00
NPM-MSPI-Owned;Regular;661-21991;"Battery, iPhone 13";F8Y6302CA6218FKB4;;2026-09-18;1;89.00;89.00
NPM-MSPI-Owned;Regular;661-21991;"Battery, iPhone 13";F8Y6302CA4L18FKBS;;2026-09-18;1;89.00;89.00
NPM-MSPI-Owned;Regular;661-21991;"Battery, iPhone 13";F8Y6304C7M218FKBU;;2026-09-18;1;89.00;89.00
NPM-MSPI-Owned;Regular;661-21991;"Battery, iPhone 13";F8Y6316C0FE18FKB2;;2026-09-18;1;89.00;89.00
NPM-MSPI-Owned;Regular;661-21991;"Battery, iPhone 13";F8Y6316C6PU18FKBS;;2026-09-18;1;89.00;89.00
NPM-MSPI-Owned;Regular;661-21991;"Battery, iPhone 13";F8Y6321C0QB18FKBE;;2026-09-18;1;89.00;89.00
NPM-MSPI-Owned;Regular;661-21991;"Battery, iPhone 13";F8Y6321C0Q518FKBL;;2026-09-18;1;89.00;89.00
NPM-MSPI-Owned;Regular;661-21991;"Battery, iPhone 13";F8Y6316C07018FKB6;;2026-09-18;1;89.00;89.00
NPM-MSPI-Owned;Regular;661-21991;"Battery, iPhone 13";F8Y6317C17018FKB4;;2026-09-18;1;89.00;89.00
NPM-MSPI-Owned;Regular;661-21991;"Battery, iPhone 13";F8Y6315C1PB18FKBF;;2026-09-18;1;89.00;89.00
NPM-MSPI-Owned;Regular;661-21991;"Battery, iPhone 13";F8Y6321C2UM18FKBQ;;2026-09-18;1;89.00;89.00
NPM-MSPI-Owned;Regular;661-21991;"Battery, iPhone 13";F8Y6302C0J018FKBE;;2026-09-18;1;89.00;89.00
NPM-MSPI-Owned;Regular;661-21991;"Battery, iPhone 13";F8Y6302CB5C18FKBW;;2026-09-18;1;89.00;89.00
NPM-MSPI-Owned;Regular;661-21991;"Battery, iPhone 13";F8Y6302CB6618FKBZ;;2026-09-18;1;89.00;89.00
NPM-MSPI-Owned;Regular;661-21991;"Battery, iPhone 13";F8Y6302CAKR18FKBA;;2026-09-18;1;89.00;89.00
NPM-MSPI-Owned;Regular;661-21991;"Battery, iPhone 13";F8Y6302CB4S18FKBK;;2026-09-18;1;89.00;89.00
NPM-MSPI-Owned;Regular;661-21991;"Battery, iPhone 13";F8Y6302CB5K18FKBP;;2026-09-18;1;89.00;89.00
NPM-MSPI-Owned;Regular;661-21991;"Battery, iPhone 13";F8Y6302C8B818FKBK;;2026-09-18;1;89.00;89.00
NPM-MSPI-Owned;Regular;661-21991;"Battery, iPhone 13";F8Y6302CAKV18FKB6;;2026-09-18;1;89.00;89.00
NPM-MSPI-Owned;Regular;661-21996;"Battery, iPhone 13 Pro";F8Y6284C4Y013RHCK;;2026-09-18;1;89.00;89.00
NPM-MSPI-Owned;Regular;661-21996;"Battery, iPhone 13 Pro";F8Y6284C47113RHCR;;2026-09-18;1;89.00;89.00
VER_MSPI-Owned;Regular;661-56050;"Display, iPhone 17 Pro Max";G9PHVMV4SGC0000MUY;;2026-09-18;1;379.00;379.00
VER_MSPI-Owned;Regular;661-36915;"Display, iPhone 15 Pro Max";G9P4377QNDQ1PHRAA;;2026-09-18;1;318.00;318.00
VER_MSPI-Owned;Regular;661-44797;"Display, iPhone 16";G9NHUT2040W00004Y7;;2026-09-18;1;279.00;279.00
VER_MSPI-Owned;Regular;661-44955;"Display, iPhone 16 Pro Max";G9PHF9J25XS00005DR;;2026-09-18;1;334.00;334.00
CEB-MSPI-Owned;Regular;661-21988;"Display, iPhone 13";G9Q3156BHQNPR5QA3;;2026-09-18;1;279.00;279.00
FES-MSPI-Owned;Regular;661-22294;"Battery, iPhone 13 Pro Max";F5D1353DKTJ13X99F;;2026-09-18;1;89.00;89.00
ILO-MSPI-Owned;Regular;661-21988;"Display, iPhone 13";GVH54610SLHPR5PAK;;2026-09-19;1;279.00;279.00
ILO-MSPI-Owned;Regular;661-21988;"Display, iPhone 13";GVH548107YJPR5PAV;;2026-09-19;1;279.00;279.00
ILO-MSPI-Owned;Regular;661-21988;"Display, iPhone 13";GVH547710R2PR5PAZ;;2026-09-19;1;279.00;279.00
ILO-MSPI-Owned;Regular;661-21993;"Display, iPhone 13 Pro";G9P5155L176PQCKA6;;2026-09-19;1;279.00;279.00
ILO-MSPI-Owned;Regular;661-56125;"Display, iPhone 17 Pro";G9QHUGN405W0000L4B;;2026-09-19;1;329.00;329.00
ILO-MSPI-Owned;Regular;661-56050;"Display, iPhone 17 Pro Max";G9PHVFE044P0000MUY;;2026-09-19;1;379.00;379.00
ILO-MSPI-Owned;Regular;661-56050;"Display, iPhone 17 Pro Max";G9PHVME4WL00000MUY;;2026-09-19;1;379.00;379.00
CEB-MSPI-Owned;Regular;661-56050;"Display, iPhone 17 Pro Max";G9PHVKV2ZTR0000MUY;;2026-09-19;1;379.00;379.00
CEB-MSPI-Owned;Regular;661-56050;"Display, iPhone 17 Pro Max";G9PHVPE61Y40000MUY;;2026-09-19;1;379.00;379.00
CEB-MSPI-Owned;Regular;661-30366;"Display, iPhone 14";G9Q5486VK7L1502A3;;2026-09-19;1;279.00;279.00
CEB-MSPI-Owned;Regular;661-36706;"Display, iPhone 15";G9Q5452S95721KHAH;;2026-09-19;1;279.00;279.00
CEB-MSPI-Owned;Regular;661-44955;"Display, iPhone 16 Pro Max";G9PHJ1S01CK00005DR;;2026-09-19;1;379.00;379.00
CEB-MSPI-Owned;Regular;661-21988;"Display, iPhone 13";GVH54810BD8PR5PAQ;;2026-09-19;1;279.00;279.00
GL5_MSPI-Owned;Regular;661-21988;"Display, iPhone 13";G9P5523CPB1PR5QAP;;2026-09-20;1;234.00;234.00
GL5_MSPI-Owned;Regular;661-36706;"Display, iPhone 15";G9Q6092HJHT21KHA2;;2026-09-21;1;279.00;279.00
GL5_MSPI-Owned;Regular;661-35699;"Display, iPhone 15 Pro";G9P4244S6NN1PHPAA;;2026-09-21;1;276.00;276.00
CBO_MSPI-Owned;Regular;661-21988;"Display, iPhone 13";G9P5492C5LSPR5QA4;;2026-09-21;1;279.00;279.00
CBO_MSPI-Owned;Regular;661-21996;"Battery, iPhone 13 Pro";F8Y5502C0JK13RHC4;;2026-09-21;1;46.00;46.00
CBO_MSPI-Owned;Regular;661-21991;"Battery, iPhone 13";F8Y6304C8U918FKBZ;;2026-09-21;1;89.00;89.00
CBO_MSPI-Owned;Regular;661-30382;"Battery, iPhone 14 Pro";F8Y6247CFGV217WBB;;2026-09-21;1;99.00;99.00
VER_MSPI-Owned;Regular;661-35699;"Display, iPhone 15 Pro";G9P5232R0R41PHPAW;;2026-09-22;1;329.00;329.00
ILO-MSPI-Owned;Regular;661-21991;"Battery, iPhone 13";F8Y6303CBVE18FKBP;;2026-09-22;1;89.00;89.00
ILO-MSPI-Owned;Regular;661-21991;"Battery, iPhone 13";F8Y6304C0DT18FKB0;;2026-09-22;1;89.00;89.00
ILO-MSPI-Owned;Regular;661-21991;"Battery, iPhone 13";F8Y6302CA6G18FKBQ;;2026-09-22;1;89.00;89.00
ILO-MSPI-Owned;Regular;661-21991;"Battery, iPhone 13";F8Y6302CA5V18FKBE;;2026-09-22;1;89.00;89.00
ILO-MSPI-Owned;Regular;661-21991;"Battery, iPhone 13";F8Y6302CB5E18FKBU;;2026-09-22;1;89.00;89.00
ILO-MSPI-Owned;Regular;661-21991;"Battery, iPhone 13";F8Y6302CA7C18FKBR;;2026-09-22;1;89.00;89.00
POD_MSPI-Owned;Regular;661-21991;"Battery, iPhone 13";F8Y6273C3RQ18FKBD;;2026-09-22;1;89.00;89.00
ZAM-MSPI-Owned;Regular;661-56065;"Display, iPhone 17";JLNHV000L5Q0000U6M;;2026-09-23;1;329.00;329.00
CDO-MSPI-Owned;Regular;661-21988;"Display, iPhone 13";GVH54631TUPPR5PAH;;2026-09-30;1;279.00;279.00
CDO-MSPI-Owned;Regular;661-56065;"Display, iPhone 17";JLNHUX000780000U6M;;2026-09-30;1;329.00;329.00
CDO-MSPI-Owned;Regular;661-56125;"Display, iPhone 17 Pro";G9PHUGD5XA20000L4B;;2026-09-30;1;329.00;329.00
CDO-MSPI-Owned;Regular;661-56050;"Display, iPhone 17 Pro Max";G9PHVLV2H6S0000MUY;;2026-09-30;1;379.00;379.00
MAG-MSPI-Owned;Regular;661-36918;"Battery, iPhone 15 Pro Max";FG9HVG0021M00006TT;;2026-09-30;1;99.00;99.00
MAG-MSPI-Owned;Regular;661-21991;"Battery, iPhone 13";F8Y6305C5CA18FKBE;;2026-09-30;1;89.00;89.00
MAG-MSPI-Owned;Regular;661-21991;"Battery, iPhone 13";F8Y6304C6AP18FKB7;;2026-09-30;1;46.00;46.00
MAG-MSPI-Owned;Regular;661-21991;"Battery, iPhone 13";F8Y6302C0TL18FKB1;;2026-09-30;1;89.00;89.00
MAG-MSPI-Owned;Regular;661-21991;"Battery, iPhone 13";F8Y6273C11Z18FKBA;;2026-09-30;1;89.00;89.00
MAG-MSPI-Owned;Regular;661-21991;"Battery, iPhone 13";F8Y6263C29Y18FKBP;;2026-09-30;1;89.00;89.00
GB3-MSPI-Owned;Regular;661-36918;"Battery, iPhone 15 Pro Max";FG9HTK0008R00006TT;;2026-10-01;1;99.00;99.00
ABR-MSPI-Owned;Regular;661-21991;"Battery, iPhone 13";F8Y6313CEWE18FKBE;;2026-10-02;1;89.00;89.00
ABR-MSPI-Owned;Regular;661-21991;"Battery, iPhone 13";F8Y6313CGR718FKB0;;2026-10-02;1;89.00;89.00
ABR-MSPI-Owned;Regular;661-36918;"Battery, iPhone 15 Pro Max";FG9HVG002E100006TT;;2026-10-02;1;99.00;99.00
ABR-MSPI-Owned;Regular;661-21991;"Battery, iPhone 13";F8Y6314CKV818FKBH;;2026-10-02;1;89.00;89.00
ABR-MSPI-Owned;Regular;661-21991;"Battery, iPhone 13";F8Y6313CEWK18FKB9;;2026-10-02;1;89.00;89.00
ABR-MSPI-Owned;Regular;661-21991;"Battery, iPhone 13";F8Y6313CEKD18FKBE;;2026-10-02;1;89.00;89.00
ABR-MSPI-Owned;Regular;661-21996;"Battery, iPhone 13 Pro";F8Y6283C2GZ13RHC3;;2026-10-02;1;89.00;89.00
ABR-MSPI-Owned;Regular;661-22294;"Battery, iPhone 13 Pro Max";F8Y6176C01013XCB6;;2026-10-02;1;89.00;89.00
CDO-MSPI-Owned;Regular;661-21991;"Battery, iPhone 13";F8Y6304C4BE18FKBF;;2026-10-03;1;89.00;89.00
CDO-MSPI-Owned;Regular;661-21991;"Battery, iPhone 13";F8Y6305C86618FKBZ;;2026-10-03;1;89.00;89.00
CDO-MSPI-Owned;Regular;661-21991;"Battery, iPhone 13";F8Y6305C85L18FKBN;;2026-10-03;1;89.00;89.00
CEB-MSPI-Owned;Regular;661-21991;"Battery, iPhone 13";F8Y6304C7GC18FKBZ;;2026-10-06;1;89.00;89.00
CEB-MSPI-Owned;Regular;661-21991;"Battery, iPhone 13";F8Y6305CB4618FKB2;;2026-10-06;1;89.00;89.00
CEB-MSPI-Owned;Regular;661-21991;"Battery, iPhone 13";F8Y6302CA7618FKBX;;2026-10-06;1;89.00;89.00
CEB-MSPI-Owned;Regular;661-21991;"Battery, iPhone 13";F8Y6302CA7718FKBW;;2026-10-06;1;89.00;89.00
CEB-MSPI-Owned;Regular;661-21996;"Battery, iPhone 13 Pro";F8Y6283C2H413RHCV;;2026-10-06;1;89.00;89.00
CEB-MSPI-Owned;Regular;661-44954;"Battery, iPhone 16 Pro Max";F8YHTYH04HB0000UMK;;2026-10-06;1;119.00;119.00
CEB-MSPI-Owned;Regular;661-35885;"Battery, iPhone 15";F8YHVTC072T00006TW;;2026-10-06;1;99.00;99.00
CEB-MSPI-Owned;Regular;661-30382;"Battery, iPhone 14 Pro";F8Y6247CFG5217WB1;;2026-10-06;1;99.00;99.00
CEB-MSPI-Owned;Regular;661-30397;"Battery, iPhone 14 Pro Max";F8Y6274C20D20J9B3;;2026-10-06;1;99.00;99.00
CEB-MSPI-Owned;Regular;661-22294;"Battery, iPhone 13 Pro Max";F8Y6182C6V313XCBG;;2026-10-06;1;89.00;89.00
CEB-MSPI-Owned;Regular;661-56064;"Battery, iPhone 17";F8YHVA002SB0001510;;2026-10-06;1;99.00;99.00
MRK-MSPI-Owned;Regular;661-21991;"Battery, iPhone 13";F8Y6272C24J18FKBG;;2026-10-06;1;89.00;89.00
TRI-MSPI-Owned;Regular;661-13574;"Battery, iPhone 11";F8Y6287C27GM6YNDK;;2026-10-07;1;89.00;89.00
VER_MSPI-Owned;Regular;661-56065;"Display, iPhone 17";GVCHTL010XM0000U6M;;2026-10-08;1;329.00;329.00
GL5_MSPI-Owned;Regular;661-21991;"Battery, iPhone 13";F8Y6271C3FA18FKBR;;2026-10-08;1;89.00;89.00
GL5_MSPI-Owned;Regular;661-21991;"Battery, iPhone 13";F8Y6263C8NX18FKBD;;2026-10-08;1;89.00;89.00
GL5_MSPI-Owned;Regular;661-21991;"Battery, iPhone 13";F8Y6184CBKC18FKBY;;2026-10-08;1;89.00;89.00
GL5_MSPI-Owned;Regular;661-21991;"Battery, iPhone 13";F8Y6262CBL118FKBD;;2026-10-08;1;89.00;89.00
GL5_MSPI-Owned;Regular;661-21991;"Battery, iPhone 13";F8Y6262CA7J18FKB2;;2026-10-08;1;89.00;89.00
NES_MSPI-Owned;Regular;661-36918;"Battery, iPhone 15 Pro Max";FG9HTN001JB00006TT;;2026-10-08;1;99.00;99.00
